id,title,type,release_year,age_certification,genres,imdb_id,imdb_score
ts300399,Five Came Back: The Reference Films,SHOW,1945,TV-MA,['documentation'],,
tm84618,Taxi Driver,MOVIE,1976,R,"['crime', 'drama']",tt0075314,8.3
tm127384,Monty Python and the Holy Grail,MOVIE,1975,PG,"['comedy', 'fantasy']",tt0071853,8.2
tm70993,Life of Brian,MOVIE,1979,R,['comedy'],tt0079470,8
tm190788,The Exorcist,MOVIE,1973,R,['horror'],tt0070047,8.1
ts22164,Monty Python's Flying Circus,SHOW,1969,TV-14,"['comedy', 'european']",tt0063929,8.8
tm14873,Dirty Harry,MOVIE,1971,R,"['thriller', 'crime', 'action']",tt0066999,7.7
tm185072,My Fair Lady,MOVIE,1964,G,"['drama', 'music', 'romance', 'family']",tt0058385,7.8
tm98978,The Blue Lagoon,MOVIE,1980,R,"['romance', 'drama']",tt0080453,5.8
tm119281,Bonnie and Clyde,MOVIE,1967,R,"['drama', 'crime', 'action']",tt0061418,7.7
tm67378,The Professionals,MOVIE,1966,PG-13,"['western', 'action', 'european']",tt0060862,7.3
tm44204,The Guns of Navarone,MOVIE,1961,,"['war', 'action', 'drama']",tt0054953,7.5
tm69778,Lupin the Third: The Castle of Cagliostro,MOVIE,1979,PG,"['comedy', 'animation', 'action', 'fantasy', 'family']",tt0079833,7.6
tm69997,Richard Pryor: Live in Concert,MOVIE,1979,R,"['comedy', 'documentation']",tt0079807,8.1
tm96649,The Long Riders,MOVIE,1980,R,"['western', 'crime']",tt0081071,6.9
tm16479,White Christmas,MOVIE,1954,,"['romance', 'comedy', 'music']",tt0047673,7.5
tm135083,Cairo Station,MOVIE,1958,,"['drama', 'crime', 'comedy']",tt0051390,7.5
tm14491,The Queen,MOVIE,1968,,['documentation'],tt0183686,7.2
tm89386,Hitler: A Career,MOVIE,1977,PG,"['documentation', 'history', 'european']",tt0191182,7.5
tm156453,FTA,MOVIE,1972,R,"['comedy', 'documentation', 'music']",tt0068562,6.2
tm27298,Saladin the Victorious,MOVIE,1963,,"['drama', 'war', 'action', 'history', 'romance']",tt0057357,7.6
tm356209,Singapore,MOVIE,1960,,"['drama', 'thriller', 'crime']",tt0268639,6.4
tm204541,Dark Waters,MOVIE,1956,,"['drama', 'action', 'romance', 'thriller']",tt0049761,6.7
tm14350,Alexandria… Why?,MOVIE,1979,,['drama'],tt0077751,7.2
tm102287,Raya and Sakina,MOVIE,1953,,"['drama', 'thriller', 'crime', 'history']",tt0316472,6.8
tm76557,No Longer Kids,MOVIE,1979,,"['comedy', 'drama']",tt8312792,9
tm71909,Amrapali,MOVIE,1966,,['fantasy'],tt0060104,6.7
tm94651,Dostana,MOVIE,1980,,"['drama', 'comedy', 'romance', 'action', 'crime']",tt0080653,2.1
tm19608,The Blazing Sun,MOVIE,1954,,"['romance', 'crime', 'drama']",tt0044429,7.4
ts45948,Monty Python's Fliegender Zirkus,SHOW,1972,TV-MA,['comedy'],tt0202477,8.1
tm90896,The Return of the Prodigal Son,MOVIE,1976,,"['drama', 'crime']",tt0074168,7.2
tm75975,Prince,MOVIE,1969,,['romance'],tt0064842,6.9
tm97793,Lock Your Girls In,MOVIE,1980,,['comedy'],,
tm85426,The Witness Who Didn't See Anything,MOVIE,1976,,['comedy'],,
tm188894,The School of Mischief,MOVIE,1973,,['comedy'],,
tm107372,Manoranjan,MOVIE,1974,,"['comedy', 'drama', 'romance']",tt0071811,6.5
tm200475,"Beirut, Oh Beirut",MOVIE,1975,,['drama'],tt0169599,6.5
tm259855,We Are All for the Fatherland,MOVIE,1979,,['documentation'],tt0170799,6.2
tm259684,Whispers,MOVIE,1980,,['documentation'],tt0170803,7.8
tm344089,Lal Patthar,MOVIE,1971,,['drama'],tt0237395,6.2
tm358653,Ujala,MOVIE,1959,,"['romance', 'crime', 'drama']",tt0157132,6.7
tm100027,Alibaba Aur 40 Chor,MOVIE,1979,,"['drama', 'action', 'romance', 'family', 'fantasy']",tt0079749,6.2
tm10204,Professor,MOVIE,1962,,"['romance', 'comedy', 'drama']",tt0056379,6.8
tm403346,Chadi Jawani Budhe Nu,MOVIE,1976,,['romance'],tt3290368,4.6
tm16812,Bandie,MOVIE,1978,,"['drama', 'romance', 'action']",tt1219315,4.2
tm336403,Khoon Khoon,MOVIE,1973,,"['drama', 'crime', 'thriller']",tt0230412,5.1
tm119776,Top Gun,MOVIE,1986,PG,"['drama', 'action']",tt0092099,6.9
ts20681,Seinfeld,SHOW,1989,TV-PG,['comedy'],tt0098904,8.9
tm111075,Stand by Me,MOVIE,1986,R,['drama'],tt0092005,8.1
tm180542,Once Upon a Time in America,MOVIE,1984,R,"['drama', 'crime', 'european']",tt0087843,8.3
tm138875,When Harry Met Sally...,MOVIE,1989,R,"['romance', 'comedy', 'drama']",tt0098635,7.7
tm155792,Teenage Mutant Ninja Turtles,MOVIE,1990,PG,"['scifi', 'action', 'comedy', 'family']",tt0100758,6.7
tm22327,Full Metal Jacket,MOVIE,1987,R,"['drama', 'war']",tt0093058,8.3
tm54450,Christine,MOVIE,1983,R,"['horror', 'thriller', 'european']",tt0085333,6.7
tm2386,A Nightmare on Elm Street,MOVIE,1984,R,['horror'],tt0087800,7.4
ts22082,Knight Rider,SHOW,1982,TV-PG,"['action', 'scifi', 'crime', 'drama']",tt0083437,6.9
tm145608,Awakenings,MOVIE,1990,PG-13,"['drama', 'european']",tt0099077,7.8
ts21715,Thomas & Friends,SHOW,1984,TV-Y,"['family', 'comedy', 'music', 'action', 'animation', 'fantasy', 'drama']",tt0086815,6.5
tm41289,Annie,MOVIE,1982,PG,"['drama', 'family', 'comedy']",tt0083564,6.6
tm132694,Pet Sematary,MOVIE,1989,R,"['horror', 'fantasy', 'thriller']",tt0098084,6.5
ts20678,Saved by the Bell,SHOW,1989,TV-G,"['comedy', 'romance', 'family']",tt0096694,7.1
tm117580,She's Gotta Have It,MOVIE,1986,R,"['comedy', 'romance']",tt0091939,6.7
tm20712,Eddie Murphy Raw,MOVIE,1987,R,"['comedy', 'documentation']",tt0092948,7.6
tm130586,Endless Love,MOVIE,1981,R,"['drama', 'romance']",tt0082329,4.9
ts25028,Wheel of Fortune,SHOW,1983,TV-G,['family'],tt0072584,6.7
ts23753,Major Dad,SHOW,1989,TV-PG,"['comedy', 'family']",tt0096643,6.4
ts2760,Fireman Sam,SHOW,1987,TV-Y,"['comedy', 'animation', 'family', 'crime', 'european']",tt0329829,6.1
ts987,Danger Mouse,SHOW,1981,TV-Y,"['comedy', 'family', 'scifi', 'animation', 'european']",tt0081848,7.4
tm125985,Mobile Suit Gundam II: Soldiers of Sorrow,MOVIE,1981,,"['scifi', 'drama', 'war', 'animation', 'action']",tt0159510,7.2
tm40103,Mobile Suit Gundam: Char's Counterattack,MOVIE,1988,,"['scifi', 'animation', 'action', 'drama', 'war']",tt0095262,7.3
tm21953,Sam Kinison: Breaking the Rules,MOVIE,1987,R,"['comedy', 'documentation']",tt0307403,7.2
tm152839,Tim Allen: Men Are Pigs,MOVIE,1990,,"['comedy', 'documentation']",tt0259057,6
tm62924,Monty Python Live at the Hollywood Bowl,MOVIE,1982,R,"['comedy', 'documentation']",tt0084352,7.9
tm114356,The George McKenna Story,MOVIE,1988,,['drama'],tt0091106,6
tm147829,Unspeakable Acts,MOVIE,1990,,['drama'],tt0100848,6
tm126769,Waiting for the Hearse,MOVIE,1985,,['comedy'],tt0089108,8
tm49037,Mobile Suit Gundam III: Encounters in Space,MOVIE,1982,,"['animation', 'action', 'drama', 'scifi', 'war']",tt0159511,7.7
tm159912,Agneepath,MOVIE,1990,,"['action', 'crime', 'drama']",tt0098999,7.6
tm133914,Parrot Sketch Not Included: Twenty Years of Monty Python,MOVIE,1989,,['comedy'],tt0213984,8.1
tm38736,Too Young The Hero,MOVIE,1988,,"['drama', 'war']",tt0096286,6.7
tm258072,Adam: His Song Continues,MOVIE,1986,,"['crime', 'drama']",tt0090589,7
tm52815,Disco Dancer,MOVIE,1982,,"['drama', 'romance']",tt0208903,6.5
tm137013,The Ryan White Story,MOVIE,1989,,['drama'],tt0098237,7.2
tm157853,In Defense of a Married Man,MOVIE,1990,,"['drama', 'crime']",tt0099833,5.6
tm157603,Dil,MOVIE,1990,,"['romance', 'comedy', 'drama']",tt0099429,6.6
tm45720,Bye Bye London,MOVIE,1982,,"['comedy', 'drama']",tt10130668,8.7
tm55091,Quiet Victory: The Charlie Wedemeyer Story,MOVIE,1988,,['drama'],tt0095945,7.1
tm151332,"Alexandria, Again and Forever",MOVIE,1989,,['drama'],tt0099858,6.5
tm24110,Strange Voices,MOVIE,1987,,['drama'],tt0094052,6.3
tm348735,Aakhri Adaalat,MOVIE,1988,,"['action', 'crime', 'thriller']",tt0177505,5.1
tm51083,A Stoning in Fulham County,MOVIE,1988,,"['crime', 'drama', 'thriller']",tt0096179,5.8
tm126791,The Married Couples,MOVIE,1981,,['drama'],,
tm186777,Sayed The Servant,MOVIE,1985,,['comedy'],,
tm311264,Muqaddar Ka Faisla,MOVIE,1987,,"['comedy', 'drama', 'family', 'action']",tt0239682,4.8
tm172482,Sohni Mahiwal,MOVIE,1984,,"['romance', 'action', 'drama']",tt0807047,6.1
tm52274,The Little Wars,MOVIE,1982,,"['drama', 'war', 'european']",tt0084492,6.3
tm132164,Bill Hicks: Sane Man,MOVIE,1989,R,['comedy'],,
tm342996,Duniya,MOVIE,1984,,"['drama', 'action']",tt0301231,6.2
ts63001,High Risk,SHOW,1988,TV-PG,['comedy'],tt0094478,3.8
tm411457,Pyar Ke Do Pal,MOVIE,1986,,"['drama', 'action']",tt0358053,6.1
tm371359,Jaal,MOVIE,1986,,"['drama', 'thriller', 'action']",tt0239495,5.2
tm446654,Mujrim,MOVIE,1989,,"['drama', 'action', 'crime']",tt0097926,5.4
tm47673,An Egyptian Story,MOVIE,1982,,"['fantasy', 'drama']",tt0084042,7.3
tm419052,Ek Jaan Hain Hum,MOVIE,1983,,"['family', 'romance']",tt0379272,6.3
tm11556,The Quick and the Dead,MOVIE,1995,R,"['western', 'thriller', 'action', 'romance']",tt0114214,6.5
ts20981,Survivor,SHOW,2000,TV-PG,['reality'],tt0239195,7.4
ts22176,Stargate SG-1,SHOW,1997,TV-PG,"['scifi', 'drama', 'action']",tt0118480,8.4
ts21223,Pokémon,SHOW,1997,TV-Y7,"['scifi', 'action', 'comedy', 'fantasy', 'animation', 'family']",tt0168366,7.6
tm122434,Forrest Gump,MOVIE,1994,PG-13,"['drama', 'romance', 'comedy']",tt0109830,8.8
tm106462,Happy Gilmore,MOVIE,1996,PG-13,"['comedy', 'sport']",tt0116483,7
ts20339,One Piece,SHOW,1999,TV-14,"['action', 'comedy', 'animation', 'drama', 'fantasy']",tt0388629,8.8
tm57554,Saving Private Ryan,MOVIE,1998,R,"['drama', 'war']",tt0120815,8.6
ts34435,Cowboy Bebop,SHOW,1998,TV-14,"['western', 'action', 'scifi', 'thriller', 'animation', 'comedy', 'drama']",tt0213338,8.9
ts20927,Star Trek: Deep Space Nine,SHOW,1993,TV-PG,"['scifi', 'action', 'drama']",tt0106145,8.1
ts5145,The Challenge,SHOW,1998,TV-14,"['reality', 'comedy', 'drama', 'scifi']",tt0176095,7.8
tm192405,Gattaca,MOVIE,1997,PG-13,"['thriller', 'drama', 'scifi']",tt0119177,7.8
ts21567,Gilmore Girls,SHOW,2000,TV-14,"['comedy', 'drama']",tt0238784,8.2
tm55553,Blade,MOVIE,1998,R,"['action', 'scifi', 'horror']",tt0120611,7.1
tm56574,You've Got Mail,MOVIE,1998,PG,"['romance', 'drama', 'comedy']",tt0128853,6.7
tm192037,Starship Troopers,MOVIE,1997,R,"['scifi', 'thriller', 'action']",tt0120201,7.3
ts20983,Neon Genesis Evangelion,SHOW,1995,TV-14,"['scifi', 'action', 'drama', 'thriller', 'fantasy', 'animation']",tt0112159,8.5
ts22193,The Magic School Bus,SHOW,1994,TV-Y,"['scifi', 'comedy', 'family', 'fantasy', 'animation']",tt0108847,7.8
tm191989,Donnie Brasco,MOVIE,1997,R,"['thriller', 'drama', 'crime']",tt0119008,7.7
ts20960,Power Rangers,SHOW,1993,TV-Y7,"['scifi', 'action', 'fantasy', 'family']",tt0106064,6.5
tm65686,U.S. Marshals,MOVIE,1998,PG-13,"['thriller', 'crime', 'action']",tt0120873,6.5
ts11397,Adventures of Sonic the Hedgehog,SHOW,1993,TV-Y7,"['action', 'animation', 'scifi', 'western', 'fantasy', 'comedy', 'family']",tt0222518,6.2
tm54903,Wild Things,MOVIE,1998,R,"['drama', 'thriller', 'crime', 'european']",tt0194542,6.6
tm187187,Last Action Hero,MOVIE,1993,PG-13,"['comedy', 'action', 'fantasy']",tt0107362,6.4
tm191772,Seven Years in Tibet,MOVIE,1997,PG-13,"['drama', 'history', 'war']",tt0120102,7.1
tm191848,The Devil's Advocate,MOVIE,1997,,"['horror', 'thriller', 'drama']",tt0118971,7.5
tm121879,A River Runs Through It,MOVIE,1992,PG,['drama'],tt0105265,7.2
tm44402,"Girl, Interrupted",MOVIE,1999,R,"['drama', 'european']",tt0172493,7.3
ts22489,Goosebumps,SHOW,1995,TV-PG,"['scifi', 'fantasy', 'horror', 'thriller', 'family', 'music']",tt0111987,7.6
ts25252,Yu-Gi-Oh!,SHOW,1998,TV-Y,"['scifi', 'action', 'family', 'fantasy', 'animation', 'comedy', 'drama']",tt4834194,7.2
ts21034,InuYasha,SHOW,2000,TV-14,"['action', 'comedy', 'scifi', 'animation', 'drama', 'fantasy', 'romance']",tt0290223,7.9
tm53419,Any Given Sunday,MOVIE,1999,R,"['drama', 'sport']",tt0146838,6.9
tm189764,Menace II Society,MOVIE,1993,R,"['drama', 'crime', 'thriller']",tt0107554,7.5
tm9323,Desperado,MOVIE,1995,R,"['thriller', 'action', 'crime', 'western', 'european']",tt0112851,7.1
tm46173,The Mask of Zorro,MOVIE,1998,PG-13,"['action', 'thriller', 'western', 'comedy', 'romance']",tt0120746,6.8
tm19673,The Patriot,MOVIE,2000,R,"['drama', 'action', 'history', 'war']",tt0187393,7.2
tm24877,Road Trip,MOVIE,2000,R,['comedy'],tt0215129,6.5
tm189433,Free Willy,MOVIE,1993,PG,"['drama', 'family']",tt0106965,6
ts251477,My First Errand,SHOW,1991,TV-G,['reality'],,
tm1822,3 Ninjas Kick Back,MOVIE,1994,PG,"['action', 'comedy', 'family', 'sport']",tt15327306,4.5
tm187791,In the Line of Fire,MOVIE,1993,R,"['drama', 'thriller', 'action', 'crime']",tt0107206,7.2
tm19494,The Replacements,MOVIE,2000,PG-13,"['comedy', 'sport']",tt0191397,6.6
tm10739,Johnny Mnemonic,MOVIE,1995,R,"['scifi', 'thriller', 'action', 'drama']",tt0113481,5.6
tm113576,Little Women,MOVIE,1994,PG,"['drama', 'family', 'romance']",tt0110367,7.3
tm191387,Anaconda,MOVIE,1997,PG-13,"['thriller', 'horror', 'action']",tt0118615,4.8
tm6859,My Girl,MOVIE,1991,PG,"['comedy', 'drama', 'family', 'romance', 'european']",tt0102492,6.9
tm186589,Cliffhanger,MOVIE,1993,R,"['thriller', 'action', 'animation']",tt0106582,6.5
tm191374,I Know What You Did Last Summer,MOVIE,1997,R,"['horror', 'thriller']",tt0119345,5.7
tm8446,Teenage Mutant Ninja Turtles II: The Secret of the Ooze,MOVIE,1991,PG,"['scifi', 'action', 'comedy', 'family']",tt0103060,6
ts8570,Barney & Friends,SHOW,1992,TV-G,['family'],tt0144701,3.8
tm21596,Hollow Man,MOVIE,2000,R,"['scifi', 'action', 'horror', 'thriller']",tt0164052,5.8
tm48430,Godzilla,MOVIE,1998,PG-13,"['thriller', 'scifi', 'action']",tt0120685,5.4
tm190835,Neon Genesis Evangelion: The End of Evangelion,MOVIE,1997,,"['scifi', 'action', 'drama', 'fantasy', 'animation']",tt0169858,8
tm192199,Spawn,MOVIE,1997,PG-13,"['fantasy', 'horror', 'scifi', 'thriller', 'action', 'drama']",tt0120177,5.2
tm184205,Dennis the Menace,MOVIE,1993,PG,"['comedy', 'family']",tt0106701,5.6
tm12499,The Net,MOVIE,1995,PG-13,"['thriller', 'action', 'crime', 'drama']",tt0113957,5.9
tm192431,The Devil's Own,MOVIE,1997,R,"['thriller', 'drama', 'action', 'crime', 'european']",tt0962637,6.2
tm56033,Croupier,MOVIE,1998,R,"['thriller', 'european', 'crime', 'drama']",tt0159382,7
tm190486,Teenage Mutant Ninja Turtles III,MOVIE,1993,PG,"['fantasy', 'scifi', 'action', 'comedy', 'family']",tt0108308,4.7
tm61103,The General's Daughter,MOVIE,1999,R,"['drama', 'crime', 'thriller']",tt0144214,6.4
tm117488,The Next Karate Kid,MOVIE,1994,PG,"['drama', 'family', 'romance', 'sport', 'action']",tt0110657,4.5
tm55732,I Still Know What You Did Last Summer,MOVIE,1998,R,"['thriller', 'horror']",tt0130018,4.7
tm191431,Double Team,MOVIE,1997,R,"['scifi', 'action', 'comedy', 'thriller']",tt0119013,4.7
tm17721,Under Suspicion,MOVIE,2000,R,"['thriller', 'crime', 'drama', 'european']",tt0164212,6.5
ts20939,Moesha,SHOW,1996,TV-PG,"['drama', 'comedy', 'family']",tt0115275,5.7
ts21693,"Sister, Sister",SHOW,1994,TV-PG,"['comedy', 'drama', 'family']",tt0108927,6.2
ts22286,Cardcaptor Sakura,SHOW,1998,TV-Y7,"['scifi', 'comedy', 'drama', 'family', 'fantasy', 'romance', 'animation', 'action']",tt0221735,8
tm190811,Geronimo: An American Legend,MOVIE,1993,PG-13,"['western', 'drama', 'history']",tt0107004,6.5
tm107659,The Mirror Has Two Faces,MOVIE,1996,PG-13,"['romance', 'comedy', 'drama']",tt0117057,6.6
ts21581,Girlfriends,SHOW,2000,TV-PG,"['comedy', 'drama']",tt0247102,7.2
tm7135,Bill Hicks: One Night Stand,MOVIE,1991,NC-17,['comedy'],,
tm7073,Knight Rider 2000,MOVIE,1991,G,"['action', 'scifi']",tt0102227,4.5
tm63514,The Last Days,MOVIE,1998,PG-13,"['drama', 'documentation', 'war']",tt0174852,7.9
ts20918,The Parkers,SHOW,1999,TV-PG,['comedy'],tt0200353,6.8
tm10811,Heavy,MOVIE,1995,R,"['romance', 'drama']",tt0113280,6.8
tm188970,Bill Hicks: Revelations,MOVIE,1993,,"['comedy', 'documentation']",tt0152183,8.5
tm188606,Sankofa,MOVIE,1993,,"['drama', 'european']",tt0108041,7
tm128073,Bill Hicks: Relentless,MOVIE,1992,,['comedy'],,
ts18465,Dale's Supermarket Sweep,SHOW,1993,TV-G,[],tt0962853,7.1
tm64817,Jerry Seinfeld: I'm Telling You for the Last Time,MOVIE,1998,G,"['comedy', 'documentation']",tt0500140,7.9
tm320211,Children of God,MOVIE,1994,,['documentation'],tt6051792,6.4
tm189171,Wild Tango,MOVIE,1993,R,"['drama', 'music', 'romance']",tt0108291,6.7
tm67635,Kuch Kuch Hota Hai,MOVIE,1998,G,"['drama', 'romance', 'comedy']",tt0172684,7.6
ts22080,Oggy and the Cockroaches,SHOW,1999,TV-Y7,"['comedy', 'family', 'action', 'animation', 'european']",tt0213363,7.4
ts22039,H,SHOW,1998,TV-MA,['comedy'],tt0173554,7.4
tm41525,Herod's Law,MOVIE,1999,R,"['drama', 'comedy', 'crime']",tt0221344,7.8
tm7951,Tim Allen: Rewires America,MOVIE,1991,PG,"['comedy', 'documentation']",tt0294967,5.9
ts21684,Heartbreak High,SHOW,1994,TV-MA,"['drama', 'romance', 'comedy']",tt0108800,7.8
tm55100,Dil Se..,MOVIE,1998,PG-13,"['drama', 'romance']",tt0164538,7.5
ts224786,Escalona,SHOW,1991,TV-MA,['drama'],,
tm204173,Aashik Aawara,MOVIE,1993,,"['romance', 'comedy', 'drama']",tt0106206,4.7
tm191614,Destiny,MOVIE,1997,,"['drama', 'romance', 'comedy', 'history']",tt0119629,7.1
tm8859,Oh Darling! Yeh Hai India!,MOVIE,1995,G,['comedy'],tt0114031,4
tm424630,A Triumph of the Heart: The Ricky Bell Story,MOVIE,1991,,"['drama', 'sport']",tt0103123,7.2
tm12876,Bombay,MOVIE,1995,,"['romance', 'drama']",tt0112553,8.1
tm52083,West Beirut,MOVIE,1998,PG-13,"['romance', 'war', 'comedy', 'drama', 'european']",tt0157183,7.6
tm9898,Muthu,MOVIE,1995,G,"['drama', 'comedy', 'romance', 'action']",tt0140399,7.6
tm326102,Qila,MOVIE,1998,,"['drama', 'music', 'family']",tt0286907,4.8
tm12482,Ram Jaane,MOVIE,1995,,"['action', 'drama', 'romance', 'crime']",tt0114231,5.4
tm128925,Chamatkar,MOVIE,1992,G,"['comedy', 'fantasy', 'drama', 'crime']",tt0126234,6.5
tm52871,Soldier,MOVIE,1998,,"['thriller', 'action', 'drama', 'romance']",tt0211634,6.2
ts28516,Okupas,SHOW,2000,TV-MA,"['crime', 'drama']",tt0289649,9
tm62385,Hum Saath Saath Hain,MOVIE,1999,G,"['fantasy', 'romance', 'family', 'drama']",tt0216817,6.2
tm184502,Kabhi Haan Kabhi Naa,MOVIE,1994,G,"['comedy', 'drama', 'music', 'romance']",tt0110222,7.6
tm7810,Nightmare in Columbia County,MOVIE,1991,,"['drama', 'crime', 'thriller']",tt0102537,5.5
tm27601,Phir Bhi Dil Hai Hindustani,MOVIE,2000,PG-13,"['comedy', 'romance', 'drama']",tt0222270,6.1
tm8687,Sam Kinison: Family Entertainment Hour,MOVIE,1991,,['comedy'],,
tm47530,Jeans,MOVIE,1998,,"['drama', 'romance', 'comedy']",tt0151121,6.4
tm105716,Chaahat,MOVIE,1996,G,"['drama', 'romance']",tt0172234,5.5
tm117873,Hum Aapke Hain Koun..!,MOVIE,1994,,"['romance', 'comedy', 'drama']",tt0110076,7.5
tm189773,Maya Memsaab,MOVIE,1993,PG-13,"['romance', 'drama', 'thriller']",tt0137100,5.4
tm7032,Out of Life,MOVIE,1991,,"['war', 'drama', 'crime', 'european']",tt0102058,6.9
tm58893,Duplicate,MOVIE,1998,PG,"['comedy', 'action', 'crime', 'thriller']",tt0164550,5.5
tm340430,Govindha Govindha,MOVIE,1993,,"['drama', 'action', 'crime']",tt0192087,6.6
tm184326,Damini,MOVIE,1993,,"['drama', 'crime']",tt0106655,7.8
tm110225,English Babu Desi Mem,MOVIE,1996,PG,"['romance', 'comedy', 'drama']",tt0136153,4.5
tm34391,Before the Flying Circus,MOVIE,2000,,"['comedy', 'documentation']",tt9230920,7.3
tm21911,Sam Kinison: Live in Vegas,MOVIE,1991,,"['comedy', 'music', 'documentation']",tt0249934,6.6
tm118438,Anjaam,MOVIE,1994,,"['thriller', 'romance', 'drama']",tt0109134,6.6
tm62176,Mann,MOVIE,1999,,"['drama', 'romance']",tt0206921,6.1
tm57169,Monty Python: Live at Aspen,MOVIE,1998,,"['comedy', 'documentation']",tt0287570,7.8
tm184224,Sinbad: Afros and Bellbottoms,MOVIE,1993,PG-13,"['comedy', 'documentation']",tt0938331,7.8
tm44776,The Other,MOVIE,1999,,"['drama', 'european', 'romance']",tt0196355,5.9
tm104933,Sinbad: Son of a Preacher Man,MOVIE,1996,,"['comedy', 'documentation']",tt0938333,6.7
tm203186,Children of Shatila,MOVIE,1999,,"['documentation', 'history']",tt0243174,8.2
tm256669,Gumrah,MOVIE,1993,,"['action', 'crime', 'drama', 'thriller']",tt0107060,6.1
tm117840,The Emigrant,MOVIE,1994,,['drama'],tt0110545,6.5
tm334788,Yodha,MOVIE,1991,,"['drama', 'action']",tt0267130,4.5
tm110160,Avvai Shanmugi,MOVIE,1996,PG-13,"['drama', 'comedy']",tt0139872,7.9
tm192301,Minsara Kanavu,MOVIE,1997,G,"['comedy', 'drama', 'romance']",tt0282003,6.7
tm110766,Chronicle of a Disappearance,MOVIE,1996,,['drama'],tt0115895,6.9
tm118256,Yaar Gaddar,MOVIE,1994,,"['crime', 'action', 'drama']",tt0111780,3.6
tm64729,Sinbad: Nothin' but the Funk,MOVIE,1998,,"['comedy', 'documentation']",tt0938332,6.2
tm314602,Dushmani,MOVIE,1995,,"['romance', 'action', 'drama']",tt0112916,5
tm25389,Fiza,MOVIE,2000,,"['drama', 'romance', 'action', 'crime']",tt0248012,6
tm42397,Hello Brother,MOVIE,1999,,"['romance', 'action', 'comedy', 'fantasy']",tt0233856,4.6
tm210754,Have You Ever Seen Fireflies? - Theatre Play,MOVIE,1999,,"['drama', 'comedy']",,
tm449775,Shikari,MOVIE,1991,,"['drama', 'action']",tt0170416,5.9
tm255589,One Last Shot,MOVIE,1998,,[],,
ts4,Breaking Bad,SHOW,2008,TV-MA,"['drama', 'thriller', 'crime']",tt0903747,9.5
ts9,The Walking Dead,SHOW,2010,TV-MA,"['action', 'drama', 'scifi', 'thriller', 'horror']",tt1520211,8.2
ts26091,The Staircase,SHOW,2004,TV-MA,"['crime', 'documentation', 'drama']",tt0388644,7.8
ts11,Downton Abbey,SHOW,2010,TV-14,"['drama', 'romance', 'european']",tt1606375,8.7
ts21469,Grey's Anatomy,SHOW,2005,TV-14,"['drama', 'romance']",tt0413573,7.6
ts288536,The Great British Baking Show,SHOW,2010,TV-PG,"['reality', 'european']",tt1877368,8.6
ts6495,Criminal Minds,SHOW,2005,TV-14,"['thriller', 'crime', 'drama']",tt0452046,8.1
ts22337,NCIS,SHOW,2003,TV-14,"['action', 'drama', 'crime', 'thriller', 'comedy']",tt0364845,7.8
ts8308,Community,SHOW,2009,TV-PG,['comedy'],tt1439629,8.5
ts22011,Heartland,SHOW,2007,TV-PG,"['drama', 'family']",tt1094229,8.4
ts21465,Supernatural,SHOW,2005,TV-14,"['scifi', 'thriller', 'drama', 'fantasy', 'horror']",tt0460681,8.5
tm33545,Forgetting Sarah Marshall,MOVIE,2008,R,"['comedy', 'drama', 'romance']",tt0800039,7.1
tm172683,War of the Worlds,MOVIE,2005,PG-13,"['thriller', 'action', 'scifi']",tt0407304,6.5
ts17156,Arrested Development,SHOW,2003,TV-MA,['comedy'],tt0367279,8.7
ts20573,The IT Crowd,SHOW,2006,TV-14,"['comedy', 'european']",tt0487831,8.5
ts12724,30 Rock,SHOW,2006,TV-14,"['comedy', 'sport']",tt0496424,8.3
ts3371,Avatar: The Last Airbender,SHOW,2005,TV-Y7,"['scifi', 'family', 'fantasy', 'animation', 'action']",tt0417299,9.3
tm92641,Inception,MOVIE,2010,PG-13,"['scifi', 'music', 'thriller', 'action']",tt1375666,8.8
tm102740,The Other Guys,MOVIE,2010,,"['crime', 'action', 'comedy']",tt1386588,6.6
tm87484,How to Train Your Dragon,MOVIE,2010,PG,"['fantasy', 'animation', 'action', 'comedy', 'family', 'drama']",tt0892769,8.1
ts20604,Friday Night Lights,SHOW,2006,TV-14,"['drama', 'sport']",tt0758745,8.7
tm39030,Casino Royale,MOVIE,2006,,"['thriller', 'action', 'european']",tt0381061,8
tm78592,Michael Clayton,MOVIE,2007,R,"['thriller', 'crime', 'drama']",tt0465538,7.2
ts21511,My Little Pony: Friendship Is Magic,SHOW,2010,TV-Y7,"['scifi', 'animation', 'drama', 'fantasy', 'music', 'comedy', 'family']",tt1751105,7.6
ts19036,The Fairly OddParents,SHOW,2001,TV-Y7,"['scifi', 'family', 'fantasy', 'animation', 'comedy']",tt0235918,7.2
tm116324,Jackass: The Movie,MOVIE,2002,R,"['action', 'comedy', 'documentation']",tt0322802,6.6
ts32186,Sonic X,SHOW,2003,TV-Y7,"['action', 'drama', 'thriller', 'animation', 'comedy', 'fantasy', 'family', 'scifi']",tt0367413,6.1
ts11313,DEATH NOTE,SHOW,2006,TV-14,"['scifi', 'animation', 'crime', 'drama', 'fantasy', 'thriller']",tt0877057,9
tm34310,Zoolander,MOVIE,2001,PG-13,"['comedy', 'european']",tt0196229,6.5
ts21247,The Vampire Diaries,SHOW,2009,TV-14,"['scifi', 'drama', 'thriller', 'fantasy', 'horror', 'romance']",tt1405406,7.7
tm160815,Charlie and the Chocolate Factory,MOVIE,2005,PG,"['fantasy', 'comedy', 'family']",tt0367594,6.6
tm78671,Cleaner,MOVIE,2007,R,"['thriller', 'crime']",tt0896798,6.1
tm89036,Harold & Kumar Go to White Castle,MOVIE,2004,R,['comedy'],tt0366551,7
tm86803,The Social Network,MOVIE,2010,PG-13,['drama'],tt1285016,7.8
tm105329,Road to Perdition,MOVIE,2002,R,"['thriller', 'documentation', 'crime', 'drama']",tt0257044,7.7
ts20305,Naruto,SHOW,2002,TV-PG,"['scifi', 'comedy', 'animation', 'action', 'fantasy', 'thriller']",tt0409591,8.4
tm35463,Blow,MOVIE,2001,R,"['drama', 'crime']",tt0221027,7.5
tm84371,Shooter,MOVIE,2007,R,"['thriller', 'action', 'drama']",tt0822854,7.2
tm139658,Big Fish,MOVIE,2003,PG-13,"['drama', 'fantasy', 'romance']",tt0319061,8
tm79442,The Bourne Ultimatum,MOVIE,2007,PG-13,"['thriller', 'action']",tt0440963,8
tm131038,Public Enemies,MOVIE,2009,R,"['crime', 'drama', 'history', 'action', 'european']",tt1152836,7
ts2230,America's Next Top Model,SHOW,2003,TV-14,['reality'],tt0391576,5.6
tm154187,Sherlock Holmes,MOVIE,2009,PG-13,"['crime', 'action', 'thriller']",tt0988045,7.6
tm133767,Love Actually,MOVIE,2003,R,"['drama', 'comedy', 'romance']",tt0314331,7.6
tm88738,Closer,MOVIE,2004,R,"['drama', 'romance']",tt0376541,7.2
ts17942,Chappelle's Show,SHOW,2003,TV-14,"['comedy', 'music']",tt0353049,8.8
tm148270,Something's Gotta Give,MOVIE,2003,PG-13,"['romance', 'drama', 'comedy']",tt0337741,6.7
tm93055,Grown Ups,MOVIE,2010,PG-13,"['comedy', 'drama', 'european']",tt1375670,5.9
tm133374,The Blind Side,MOVIE,2009,PG-13,"['drama', 'sport']",tt0878804,7.6
tm26897,Quantum of Solace,MOVIE,2008,PG-13,"['thriller', 'action']",tt0830515,6.6
tm109304,The Ring,MOVIE,2002,PG-13,"['horror', 'european']",tt0298130,7.1
ts22267,Trailer Park Boys,SHOW,2001,TV-MA,"['comedy', 'crime']",tt0290988,8.6
tm76066,Into the Wild,MOVIE,2007,R,['drama'],tt0758758,8.1
tm90190,True Grit,MOVIE,2010,PG-13,"['western', 'drama']",tt1403865,7.6
tm997728,Blade Runner: The Final Cut,MOVIE,2007,R,"['action', 'thriller', 'scifi']",,
tm29737,Rambo,MOVIE,2008,R,"['thriller', 'action', 'war', 'european']",tt0462499,7
tm84906,Stardust,MOVIE,2007,PG-13,"['fantasy', 'romance', 'family']",tt0486655,7.6
ts6644,Borgen,SHOW,2010,TV-MA,"['drama', 'european']",tt1526318,8.5
tm142086,The Last Samurai,MOVIE,2003,R,"['drama', 'history', 'war', 'action']",tt0325710,7.8
ts22018,iCarly,SHOW,2007,TV-G,"['comedy', 'family', 'romance']",tt0972534,6.7
ts30311,Victorious,SHOW,2010,TV-G,"['comedy', 'drama', 'family', 'music', 'romance', 'sport']",tt1604099,6.9
tm95252,The Book of Eli,MOVIE,2010,R,"['thriller', 'action', 'drama', 'european']",tt1037705,6.8
tm136808,Identity,MOVIE,2003,R,['thriller'],tt0340770,7.3
ts21197,Merlin,SHOW,2008,TV-PG,"['action', 'scifi', 'drama', 'fantasy', 'european']",tt1199099,7.9
tm195620,Apocalypse Now Redux,MOVIE,2001,R,"['drama', 'war', 'thriller', 'horror']",,
tm109137,Shrek Forever After,MOVIE,2010,PG,"['fantasy', 'comedy', 'family', 'romance', 'animation']",tt0892791,6.3
tm84613,Hairspray,MOVIE,2007,PG,"['comedy', 'drama', 'romance']",tt0427327,6.7
tm173551,Corpse Bride,MOVIE,2005,PG,"['fantasy', 'romance', 'animation', 'drama', 'family']",tt0121164,7.3
tm94606,Let Me In,MOVIE,2010,R,"['horror', 'drama', 'fantasy', 'thriller', 'european']",tt1228987,7.1
tm136308,Monster,MOVIE,2003,R,"['crime', 'drama', 'thriller', 'european']",tt0340855,7.3
tm82985,Without a Paddle,MOVIE,2004,PG-13,"['thriller', 'comedy']",tt0364751,5.8
tm145593,Once Upon a Time in Mexico,MOVIE,2003,R,"['drama', 'action', 'crime', 'thriller']",tt0285823,6.3
tm150260,Cloudy with a Chance of Meatballs,MOVIE,2009,PG,"['animation', 'drama', 'romance', 'comedy', 'family', 'fantasy', 'scifi']",tt0844471,6.9
ts30313,Offspring,SHOW,2010,,"['drama', 'comedy']",tt1530541,8.3
tm119111,Blade II,MOVIE,2002,R,"['thriller', 'fantasy', 'scifi', 'action', 'horror']",tt0187738,6.7
tm130647,Chloe,MOVIE,2009,R,"['thriller', 'drama', 'romance', 'european']",tt1352824,6.3
tm32919,Blood Diamond,MOVIE,2006,R,"['thriller', 'drama']",tt0450259,8
tm23935,The Lake House,MOVIE,2006,PG,"['drama', 'fantasy', 'romance', 'documentation']",tt0410297,6.8
tm137143,Terminator 3: Rise of the Machines,MOVIE,2003,R,"['thriller', 'scifi', 'action', 'european']",tt0181852,6.3
tm28905,Beerfest,MOVIE,2006,R,['comedy'],tt0486551,6.2
tm44486,Heist,MOVIE,2001,R,"['thriller', 'drama', 'action', 'crime', 'european']",tt0252503,6.5
tm39487,Catch and Release,MOVIE,2006,PG-13,"['romance', 'comedy', 'drama']",tt0395495,5.9
tm169949,Just Like Heaven,MOVIE,2005,PG-13,"['drama', 'romance', 'fantasy', 'comedy']",tt0425123,6.7
ts35155,Gurren Lagann,SHOW,2007,TV-14,"['scifi', 'action', 'comedy', 'drama', 'animation']",tt0948103,8.3
tm184913,Four Brothers,MOVIE,2005,R,"['crime', 'action', 'drama', 'thriller']",tt0430105,6.8
tm118637,John Q,MOVIE,2002,PG-13,"['drama', 'thriller', 'crime']",tt0251160,7
tm58382,Not Another Teen Movie,MOVIE,2001,R,['comedy'],tt0277371,5.7
tm40009,21,MOVIE,2008,PG-13,"['drama', 'crime', 'history', 'thriller']",tt0478087,6.8
ts12787,Code Geass: Lelouch of the Rebellion,SHOW,2006,TV-14,"['scifi', 'animation', 'action', 'drama', 'thriller', 'war']",tt0994314,8.7
tm154470,Terminator Salvation,MOVIE,2009,PG-13,"['thriller', 'scifi', 'fantasy', 'war', 'action']",tt0438488,6.5
tm22294,Deck the Halls,MOVIE,2006,PG,"['comedy', 'family']",tt0790604,5
tm78067,The Girl Next Door,MOVIE,2007,R,"['thriller', 'drama', 'crime', 'horror']",tt0830558,6.5
tm148379,The Cat in the Hat,MOVIE,2003,PG,"['fantasy', 'comedy', 'family']",tt0312528,4
tm76428,Jackass 2.5,MOVIE,2007,,"['documentation', 'comedy']",,
tm21467,Final Destination 3,MOVIE,2006,R,"['horror', 'thriller', 'action', 'crime', 'fantasy', 'european']",tt0414982,5.8
tm46436,Thir13en Ghosts,MOVIE,2001,R,"['thriller', 'horror', 'fantasy']",tt0245674,5.6
tm57190,The One,MOVIE,2001,PG-13,"['scifi', 'thriller', 'action']",tt0267804,5.9
tm37546,Happy Feet,MOVIE,2006,PG,"['comedy', 'fantasy', 'animation', 'family', 'music', 'romance']",tt0366548,6.4
tm30205,Ip Man,MOVIE,2008,R,"['drama', 'fantasy', 'action', 'history']",tt1220719,8
tm159310,Coach Carter,MOVIE,2005,PG-13,"['drama', 'sport', 'european']",tt0393162,7.3
tm89592,Blade: Trinity,MOVIE,2004,R,"['action', 'thriller', 'fantasy', 'horror', 'scifi']",tt0359013,5.8
tm167516,Monster-in-Law,MOVIE,2005,PG-13,"['romance', 'comedy']",tt0369735,5.5
tm79895,Halloween,MOVIE,2007,R,['horror'],tt0373883,6
tm88045,How Do You Know,MOVIE,2010,PG-13,"['drama', 'comedy', 'romance']",tt1341188,5.4
tm111600,The Sweetest Thing,MOVIE,2002,R,"['comedy', 'romance']",tt0253867,5.1
tm143938,The Final Destination,MOVIE,2009,R,"['horror', 'fantasy', 'scifi', 'action', 'thriller']",tt1144884,5.1
tm31187,The Other Boleyn Girl,MOVIE,2008,PG-13,"['romance', 'drama', 'history']",tt0467200,6.7
tm141390,Friday the 13th,MOVIE,2009,R,"['horror', 'thriller']",tt0758746,5.5
tm74780,The Bucket List,MOVIE,2007,PG-13,"['drama', 'comedy', 'european']",tt0825232,7.4
tm150214,Freddy vs. Jason,MOVIE,2003,R,"['horror', 'action']",tt0329101,5.7
ts21544,Transformers: Prime,SHOW,2010,TV-Y7,"['action', 'comedy', 'drama', 'family', 'scifi', 'animation']",tt1659175,7.9
tm176528,Memoirs of a Geisha,MOVIE,2005,PG-13,"['drama', 'romance', 'european']",tt0397535,7.3
tm102337,A Nightmare on Elm Street,MOVIE,2010,R,"['horror', 'thriller', 'crime', 'drama']",tt1179056,5.2
tm36188,Body of Lies,MOVIE,2008,R,"['drama', 'action', 'thriller']",tt0758774,7.1
tm88382,A Cinderella Story,MOVIE,2004,PG,"['romance', 'comedy', 'family']",tt0356470,5.9
ts31263,The Mole,SHOW,2001,TV-14,['reality'],tt0294149,7.6
tm47523,Osmosis Jones,MOVIE,2001,PG,"['animation', 'action', 'comedy', 'crime', 'family', 'fantasy', 'scifi']",tt0181739,6.3
tm24088,Scary Movie 4,MOVIE,2006,PG-13,"['comedy', 'horror']",tt0362120,5.1
tm137362,The Texas Chainsaw Massacre,MOVIE,2003,R,"['horror', 'crime']",tt0324216,6.2
tm177068,Fun with Dick and Jane,MOVIE,2005,PG-13,"['comedy', 'crime']",tt0369441,6.1
tm82442,TMNT,MOVIE,2007,PG,"['animation', 'comedy', 'family', 'fantasy', 'scifi', 'action']",tt0453556,6.2
tm90864,Due Date,MOVIE,2010,R,"['drama', 'comedy']",tt1231583,6.5
tm101249,Cop Out,MOVIE,2010,R,"['comedy', 'thriller', 'action', 'crime']",tt1385867,5.5
ts687,The 4400,SHOW,2004,TV-14,"['scifi', 'thriller', 'drama']",tt0389564,7.3
ts24028,Still Game,SHOW,2002,TV-14,"['comedy', 'european']",tt0281491,8.9
tm142564,3 Idiots,MOVIE,2009,PG-13,"['comedy', 'drama']",tt1187043,8.4
ts23752,Midnight Diner,SHOW,2009,TV-MA,"['drama', 'comedy']",tt1882928,8.6
ts21706,H2O: Just Add Water,SHOW,2006,TV-PG,"['drama', 'scifi', 'fantasy', 'family']",tt0491603,7.2
ts21740,Black Butler,SHOW,2008,TV-MA,"['scifi', 'fantasy', 'animation', 'comedy', 'drama', 'thriller', 'crime', 'horror', 'action']",tt1316554,8.3
ts30356,Octonauts,SHOW,2010,TV-Y,"['action', 'animation', 'comedy', 'family']",tt1710177,7.6
tm89684,New York Minute,MOVIE,2004,PG,"['comedy', 'crime', 'family', 'romance']",tt0363282,4.8
ts31514,Strawberry Shortcake,SHOW,2003,TV-Y,"['animation', 'family']",tt7996132,7
ts22005,Total Drama Island,SHOW,2007,TV-PG,"['action', 'reality', 'animation', 'family', 'comedy', 'drama']",tt1173427,7.4
tm183963,Dreamer: Inspired By a True Story,MOVIE,2005,PG,"['drama', 'family', 'sport', 'fantasy']",tt0487897,6.8
tm27268,Monster House,MOVIE,2006,PG,"['fantasy', 'animation', 'comedy', 'family']",tt0385880,6.6
tm81270,Starsky & Hutch,MOVIE,2004,PG-13,"['comedy', 'crime']",tt0335438,6.1
tm137342,Tears of the Sun,MOVIE,2003,R,"['drama', 'thriller', 'war', 'action']",tt0314353,6.6
ts21688,Boys Over Flowers,SHOW,2009,TV-14,"['comedy', 'drama', 'romance']",tt1370334,7.9
ts22318,Winx Club,SHOW,2004,TV-G,"['action', 'comedy', 'family', 'fantasy', 'animation', 'thriller', 'european']",tt3233214,6.2
tm161263,The Cave,MOVIE,2005,PG-13,"['horror', 'thriller', 'scifi', 'action', 'european']",tt0403424,5.1
ts12815,Big Time Rush,SHOW,2009,TV-G,"['comedy', 'family']",tt1131746,6.3
tm26638,The Texas Chainsaw Massacre: The Beginning,MOVIE,2006,R,"['horror', 'thriller', 'documentation']",tt0420294,5.8
tm55303,I Am Sam,MOVIE,2001,PG-13,['drama'],tt0277027,7.6
tm31189,The Spiderwick Chronicles,MOVIE,2008,PG,"['fantasy', 'thriller', 'action', 'drama', 'family']",tt0416236,6.5
tm165593,Rumor Has It...,MOVIE,2005,PG-13,"['comedy', 'drama', 'romance']",tt0398375,5.5
ts15986,Dead Set,SHOW,2008,TV-MA,"['scifi', 'thriller', 'comedy', 'drama', 'horror', 'european']",tt1285482,7.6
ts26322,Toradora!,SHOW,2008,TV-14,"['animation', 'romance', 'comedy', 'drama']",tt1279024,8
tm78767,I Now Pronounce You Chuck & Larry,MOVIE,2007,PG-13,"['comedy', 'romance']",tt0762107,5.9
ts98340,Metallica: Some Kind of Monster,SHOW,2004,TV-MA,['western'],tt6954486,
tm36644,World Trade Center,MOVIE,2006,PG-13,"['thriller', 'history', 'drama']",tt0469641,6
tm77649,Premonition,MOVIE,2007,PG-13,"['thriller', 'drama', 'fantasy']",tt0477071,5.9
ts33559,Shaun the Sheep,SHOW,2007,TV-G,"['animation', 'comedy', 'family', 'european']",tt0983983,8
tm33113,Eagle Eye,MOVIE,2008,PG-13,"['thriller', 'action', 'european']",tt1059786,6.6
tm78189,The Contractor,MOVIE,2007,R,"['thriller', 'european']",,
tm43399,Lagaan: Once Upon a Time in India,MOVIE,2001,PG,"['drama', 'romance', 'sport']",tt0169102,8.1
tm147211,The Men Who Stare at Goats,MOVIE,2009,R,"['comedy', 'war']",tt1234548,6.2
ts56549,Scare Tactics,SHOW,2003,TV-14,"['comedy', 'horror', 'reality', 'scifi', 'thriller']",tt0339968,6.7
tm29555,Friends with Money,MOVIE,2006,R,"['romance', 'comedy', 'drama']",tt0436331,5.8
tm93225,Legend of the Guardians: The Owls of Ga'Hoole,MOVIE,2010,PG,"['fantasy', 'family', 'action', 'war', 'drama', 'thriller', 'animation']",tt1219342,6.9
ts20398,Kath & Kim,SHOW,2002,,['comedy'],tt0272397,8.3
tm86189,Good Luck Chuck,MOVIE,2007,,"['comedy', 'romance']",tt0452625,5.6
ts21421,Pocoyo,SHOW,2005,TV-G,"['animation', 'family', 'comedy', 'european']",tt0487849,3.9
tm104880,Louis C.K.: Hilarious,MOVIE,2010,,['comedy'],tt1421373,8.4
tm101334,Death at a Funeral,MOVIE,2010,R,['comedy'],tt1321509,5.6
tm135451,Gifted Hands: The Ben Carson Story,MOVIE,2009,,['drama'],tt1295085,7.6
ts20526,The Game,SHOW,2006,TV-14,"['comedy', 'drama', 'sport', 'romance']",tt10020984,6.6
tm186461,No Direction Home: Bob Dylan,MOVIE,2005,G,"['music', 'documentation']",,
ts30083,Angel Beats!,SHOW,2010,TV-14,"['scifi', 'action', 'comedy', 'drama', 'fantasy', 'animation']",tt1639109,7.7
tm141707,Blood and Bone,MOVIE,2009,R,"['thriller', 'action', 'crime', 'drama', 'sport']",tt0346631,6.7
tm103095,Ip Man 2,MOVIE,2010,R,"['drama', 'history', 'sport', 'action']",tt1386932,7.5
ts23835,Masha and the Bear,SHOW,2009,TV-Y,"['comedy', 'family', 'action', 'animation']",tt1884856,7.6
tm83786,Like Stars on Earth,MOVIE,2007,PG,"['drama', 'family']",tt0986264,8.3
ts23808,Monty Python: Almost the Truth (The Lawyer's Cut),SHOW,2009,TV-MA,"['comedy', 'documentation']",tt1422182,8.1
ts27459,The Legend of Bruce Lee,SHOW,2008,,"['action', 'drama']",tt1059455,7
ts20544,Ouran High School Host Club,SHOW,2006,TV-14,"['comedy', 'drama', 'animation', 'romance']",tt0816397,8.2
tm27168,Felon,MOVIE,2008,R,"['crime', 'thriller', 'drama', 'action']",tt1117385,7.4
ts40702,The Ultimatum,SHOW,2009,TV-14,['drama'],tt1682704,5.4
ts30288,Mobile Suit Gundam Unicorn,SHOW,2010,TV-14,"['action', 'drama', 'scifi', 'war', 'animation']",tt1630623,7.8
tm114476,Stuart Little 2,MOVIE,2002,G,"['comedy', 'fantasy', 'animation', 'family']",tt0243585,5.5
ts21967,Johnny Test,SHOW,2005,TV-Y7,"['comedy', 'drama', 'family', 'scifi', 'animation', 'action']",tt15061770,5.1
ts12701,Code Lyoko,SHOW,2003,TV-G,"['action', 'fantasy', 'thriller', 'comedy', 'family', 'scifi', 'romance', 'animation']",tt0417311,7.3
tm130574,Did You Hear About the Morgans?,MOVIE,2009,PG-13,"['comedy', 'romance', 'drama']",tt1314228,4.9
ts21695,Iris,SHOW,2009,TV-14,"['action', 'comedy', 'reality', 'romance', 'thriller']",tt1399791,7.8
ts121176,DreamWorks Shrek's Swamp Stories,SHOW,2010,TV-PG,"['horror', 'music', 'animation', 'comedy', 'family', 'fantasy', 'scifi']",tt6950338,6.5
ts1893,Ben & Holly's Little Kingdom,SHOW,2009,TV-G,"['comedy', 'family', 'fantasy', 'animation', 'european']",tt1436544,7.5
ts20535,The Garfield Show,SHOW,2009,TV-G,"['animation', 'comedy', 'family', 'european']",tt1470837,5.3
tm160800,Chaos,MOVIE,2005,R,"['action', 'crime', 'drama', 'thriller', 'european']",tt0402910,6.4
ts38159,Wakfu,SHOW,2008,TV-Y7,"['action', 'drama', 'scifi', 'fantasy', 'animation', 'family', 'european']",tt1807824,8.1
tm22493,Katt Williams: The Pimp Chronicles Pt. 1,MOVIE,2006,,"['comedy', 'documentation']",tt0865482,7.6
tm164557,Initial D,MOVIE,2005,,"['drama', 'action', 'crime', 'thriller', 'animation', 'comedy', 'romance']",tt0439630,6.3
tm112381,Comedian,MOVIE,2002,R,"['comedy', 'documentation']",tt0328962,6.9
tm71119,Delta Farce,MOVIE,2007,PG-13,"['action', 'comedy']",tt0800003,3.6
tm134235,One Piece: Strong World,MOVIE,2009,PG-13,"['fantasy', 'animation', 'action']",tt1485763,7.5
tm86995,Christmas with the Kranks,MOVIE,2004,PG,"['comedy', 'family']",tt0388419,5.4
ts17028,Dinosaur King,SHOW,2007,,"['action', 'scifi', 'family', 'western', 'animation']",tt1524993,5.6
tm137530,Love Happens,MOVIE,2009,PG-13,"['drama', 'romance']",tt4809870,5.6
ts25765,Vampire Knight,SHOW,2008,TV-14,"['scifi', 'romance', 'animation', 'action', 'drama', 'fantasy', 'horror']",tt1209393,7.3
ts3666,Den-noh Coil,SHOW,2007,TV-Y7,"['scifi', 'animation', 'comedy', 'drama']",tt1033796,7.9
ts42914,Zig and Sharko,SHOW,2010,,"['comedy', 'fantasy', 'romance', 'action', 'animation', 'family', 'european']",tt2046005,6.8
tm100688,Even the Rain,MOVIE,2010,,"['drama', 'european', 'history']",tt1422032,7.4
tm31290,Population 436,MOVIE,2006,R,"['horror', 'thriller']",,
tm36475,Kabhi Khushi Kabhie Gham,MOVIE,2001,G,"['drama', 'romance']",tt0248126,7.4
tm80059,Naruto Shippuden the Movie,MOVIE,2007,PG-13,"['fantasy', 'animation', 'action', 'family']",tt0988982,6.7
tm53999,Open Season 2,MOVIE,2008,PG,['comedy'],,
tm22636,Trailer Park Boys: The Movie,MOVIE,2006,R,"['comedy', 'crime']",tt0425601,7.1
tm30289,Jeff Dunham: Arguing with Myself,MOVIE,2006,PG-13,"['comedy', 'documentation']",tt0806102,8
tm38896,From Within,MOVIE,2008,R,"['thriller', 'horror', 'documentation', 'war', 'european']",tt1063056,5.6
tm29269,Jodhaa Akbar,MOVIE,2008,PG-13,"['romance', 'history', 'war', 'action', 'drama']",tt0449994,7.5
tm156001,And Then Came Lola,MOVIE,2009,PG,"['comedy', 'drama', 'romance']",tt1123894,3.9
ts21664,One on One,SHOW,2001,TV-14,['comedy'],tt0284770,7
tm73058,Om Shanti Om,MOVIE,2007,PG,"['comedy', 'drama', 'fantasy', 'romance', 'thriller', 'action']",tt1024943,6.7
tm76835,Jab We Met,MOVIE,2007,PG-13,"['comedy', 'drama', 'romance']",tt1093370,7.9
ts1464,The Cartel,SHOW,2008,TV-MA,"['action', 'crime', 'drama', 'thriller', 'comedy']",tt1260520,8.1
tm48083,Te quiero,MOVIE,2001,,"['drama', 'comedy', 'european']",tt0217085,4.8
tm33981,Bon Cop Bad Cop,MOVIE,2006,PG-13,"['crime', 'scifi', 'drama', 'thriller', 'action', 'comedy']",tt0479647,6.5
tm80339,Naruto: Ninja Clash in the Land of Snow,MOVIE,2004,PG-13,"['comedy', 'action', 'animation', 'fantasy']",tt0476680,6.6
ts72322,The Mafia Dolls,SHOW,2009,TV-14,"['drama', 'action']",tt1585368,6.6
ts52849,Horrid Henry,SHOW,2006,,"['comedy', 'family', 'fantasy', 'music', 'animation', 'european']",tt0985991,6.3
tm165259,I Will Follow,MOVIE,2010,PG-13,['drama'],tt1624426,5.9
tm97544,Alpha and Omega,MOVIE,2010,PG,"['animation', 'romance', 'comedy', 'family']",tt1213012,5.1
tm65142,One Piece: The Desert Princess and the Pirates: Adventure in Alabasta,MOVIE,2007,PG-13,"['drama', 'comedy', 'animation', 'action']",tt1037116,6.9
ts14102,Bo on the Go!,SHOW,2007,,['animation'],tt1516172,4.1
tm22342,Waist Deep,MOVIE,2006,R,"['thriller', 'drama', 'crime', 'action']",tt0456020,5.8
tm24576,Naruto: Guardians of the Crescent Moon Kingdom,MOVIE,2006,PG-13,"['action', 'animation']",tt1071815,6.4
tm41508,First Sunday,MOVIE,2008,PG-13,"['comedy', 'crime', 'drama']",tt0486578,4.5
ts74928,Einsatzgruppen: The Nazi Death Squads,SHOW,2009,TV-14,"['documentation', 'history', 'war', 'european']",tt6953928,7.6
tm52352,This Is the Life,MOVIE,2008,,"['documentation', 'music']",tt1178658,6.3
tm170873,My Suicide,MOVIE,2009,R,"['comedy', 'drama']",tt0492896,7
tm176297,Kyaa Kool Hai Hum,MOVIE,2005,,['comedy'],tt0456500,6.1
ts74931,Kung Fu Panda Awesome Secrets,SHOW,2008,,"['action', 'comedy', 'family', 'animation']",tt6963796,7.2
tm110923,Divine Intervention,MOVIE,2002,,"['drama', 'comedy', 'romance', 'war']",tt0274428,6.6
tm150521,Accident,MOVIE,2009,R,['thriller'],tt1202514,6.6
tm75022,Zach Galifianakis: Live at the Purple Onion,MOVIE,2007,,['comedy'],,
tm177687,Naruto: Legend of the Stone of Gelel,MOVIE,2005,PG-13,"['fantasy', 'comedy', 'drama', 'animation', 'action']",tt0791188,6.4
tm22989,Jim Gaffigan: Beyond the Pale,MOVIE,2006,,"['comedy', 'documentation']",tt0815456,7.9
ts98252,Dreamworks Happy Holidays from Madagascar,SHOW,2005,TV-PG,"['animation', 'comedy', 'family']",tt6929194,6.5
tm156575,Billu,MOVIE,2009,PG,"['drama', 'comedy']",tt1230448,6.3
ts20358,Half & Half,SHOW,2002,TV-14,['comedy'],tt0320024,7
ts44053,The Qin Empire,SHOW,2009,TV-MA,['war'],,
ts23319,Timmy Time,SHOW,2009,TV-Y,"['comedy', 'fantasy', 'animation', 'family', 'european']",tt1125758,6.9
tm91046,"Cairo 6,7,8",MOVIE,2010,,['drama'],tt1764141,7.4
tm61056,Dil Chahta Hai,MOVIE,2001,G,"['drama', 'comedy', 'romance']",tt0292490,8.1
tm138497,Trailer Park Boys: Countdown to Liquor Day,MOVIE,2009,R,"['comedy', 'crime']",tt1337032,7.3
tm93612,Bleach the Movie: Hell Verse,MOVIE,2010,PG-13,"['fantasy', 'animation', 'action']",tt1785394,7.4
tm81461,Whisky,MOVIE,2004,,"['drama', 'comedy']",tt0331370,7.1
tm32915,EMI,MOVIE,2008,,"['drama', 'comedy', 'crime']",tt1221133,4.4
ts63295,Vientos de agua,SHOW,2006,TV-MA,['drama'],tt0459724,8.7
tm96037,Naruto Shippuden the Movie: The Lost Tower,MOVIE,2010,PG-13,"['action', 'animation', 'fantasy']",tt1703048,6.9
tm36164,Naruto Shippuden the Movie: Bonds,MOVIE,2008,PG-13,"['fantasy', 'animation', 'action']",tt1160524,6.8
tm147494,Naruto Shippuden the Movie: The Will of Fire,MOVIE,2009,PG-13,"['action', 'animation', 'fantasy']",tt1481363,7
tm31564,Linewatch,MOVIE,2008,R,"['thriller', 'crime', 'drama']",tt1047832,5.4
tm95238,The Boy Who Cried Werewolf,MOVIE,2010,G,"['fantasy', 'horror', 'comedy', 'family']",tt1451423,5.9
tm54147,Dostana,MOVIE,2008,PG-13,"['drama', 'comedy', 'romance']",tt1185420,6.5
tm99776,Whitney Cummings: Money Shot,MOVIE,2010,,"['comedy', 'documentation']",tt1659261,6.2
tm30170,Don,MOVIE,2006,PG-13,"['thriller', 'crime', 'action', 'european']",tt0461936,7.1
tm37945,Rock On!!,MOVIE,2008,,"['drama', 'music']",tt1230165,7.7
tm25029,Eternal Summer,MOVIE,2006,,"['romance', 'drama']",tt0885520,7
tm59880,Mike Birbiglia: What I Should Have Said Was Nothing,MOVIE,2008,,['comedy'],tt1188112,7.6
tm34524,"One Piece: Episode of Chopper Plus: Bloom in the Winter, Miracle Cherry Blossom",MOVIE,2008,PG-13,"['action', 'animation', 'comedy', 'drama', 'fantasy']",tt1206326,7
tm83175,Welcome,MOVIE,2007,,"['romance', 'crime', 'comedy']",tt0488798,6.9
tm65839,Just Another Love Story,MOVIE,2007,,"['thriller', 'european', 'crime', 'drama']",tt1024942,7.2
tm89936,Arahan,MOVIE,2004,,"['thriller', 'fantasy', 'action', 'comedy']",tt0404777,6.6
tm22540,Phir Hera Pheri,MOVIE,2006,,"['comedy', 'crime']",tt0419058,7.1
tm34846,Bleach the Movie: Fade to Black,MOVIE,2008,PG-13,"['fantasy', 'drama', 'animation', 'action']",tt1339302,7.2
tm32885,Rang De Basanti,MOVIE,2006,PG-13,"['comedy', 'drama', 'history', 'crime']",tt0460895,8.1
ts44663,Oscar's Oasis,SHOW,2010,TV-Y,"['animation', 'comedy', 'european']",tt2080922,7.4
tm82765,Swades,MOVIE,2004,G,"['drama', 'european']",tt0367110,8.1
tm170169,Kaal,MOVIE,2005,,"['thriller', 'scifi', 'horror']",tt0415908,4.7
tm44749,Sorry to Disturb,MOVIE,2008,,"['thriller', 'comedy', 'drama', 'romance']",tt1282371,8
tm47325,2 Alone in Paris,MOVIE,2008,,"['comedy', 'european']",tt1077097,5.4
tm146887,Delhi-6,MOVIE,2009,,"['drama', 'comedy']",tt1043451,6.1
tm144345,Kal Ho Naa Ho,MOVIE,2003,PG,"['drama', 'comedy', 'romance']",tt0347304,7.9
tm70222,Sivaji: The Boss,MOVIE,2007,PG-13,"['drama', 'crime', 'thriller', 'action']",tt0479751,7.5
tm92977,Ishqiya,MOVIE,2010,R,"['comedy', 'thriller', 'romance', 'drama']",tt1345777,7.3
ts37200,Trotro,SHOW,2004,TV-G,"['animation', 'family', 'european']",tt1074443,6.2
tm98975,Guzaarish,MOVIE,2010,PG,"['drama', 'romance']",tt1438298,7.4
tm25842,A Lion in the House,MOVIE,2006,,['documentation'],tt0492472,8.7
tm43179,Oye Lucky! Lucky Oye!,MOVIE,2008,,"['comedy', 'drama', 'action', 'crime']",tt1292703,7.7
tm95434,Love in a Puff,MOVIE,2010,,"['romance', 'comedy', 'drama']",tt1602479,7.1
tm23441,Kabhi Alvida Naa Kehna,MOVIE,2006,PG,"['drama', 'romance']",tt0449999,6
tm418157,Monty Python Conquers America,MOVIE,2008,,['documentation'],,
tm86051,Black Friday,MOVIE,2004,R,"['crime', 'action', 'drama', 'history']",tt0400234,8.4
tm44634,Kevin James: Sweat the Small Stuff,MOVIE,2001,,"['comedy', 'documentation']",tt0305727,7.4
tm62369,Connected,MOVIE,2008,,"['thriller', 'action', 'crime']",tt1156506,6.6
tm23077,Vivah,MOVIE,2006,,"['drama', 'family', 'romance']",tt0494290,6.6
tm31335,Golmaal Returns,MOVIE,2008,PG,"['comedy', 'crime']",tt1092005,5.1
tm139349,Jim Gaffigan: King Baby,MOVIE,2009,,"['comedy', 'documentation']",tt1390471,7.7
tm85243,The Trailer Park Boys Xmas Special,MOVIE,2004,,['comedy'],tt0439856,8
tm165809,Bluffmaster!,MOVIE,2005,PG,"['drama', 'comedy', 'romance', 'thriller', 'crime']",tt0476527,6.6
tm89764,Inuyasha the Movie 4: Fire on the Mystic Island,MOVIE,2004,PG-13,"['fantasy', 'action', 'comedy', 'animation']",tt0473658,7.2
tm68191,My Führer,MOVIE,2007,,"['drama', 'european', 'comedy', 'war']",tt0780568,5.5
tm51493,Vizontele,MOVIE,2001,,"['comedy', 'drama']",tt0270053,8
ts56589,Tayo the Little Bus,SHOW,2010,TV-Y,"['animation', 'comedy', 'family']",tt3270208,5.2
ts1413,Autumn's Concerto,SHOW,2009,TV-14,"['drama', 'romance']",tt3530668,7.9
tm175687,Sir! No Sir!,MOVIE,2005,,"['war', 'documentation']",tt0469589,7.6
ts98353,DreamWorks Spooky Stories,SHOW,2009,TV-PG,['animation'],tt6958564,6.2
tm49405,Inuyasha the Movie: Affections Touching Across Time,MOVIE,2001,PG-13,"['action', 'animation', 'fantasy']",tt0322645,7.2
tm96168,Once Upon a Time in Mumbaai,MOVIE,2010,PG-13,"['thriller', 'crime', 'drama', 'romance', 'action']",tt1395054,7.4
tm72587,Guru,MOVIE,2007,PG-13,"['romance', 'documentation', 'drama', 'european']",tt0499375,7.7
tm88366,Main Hoon Na,MOVIE,2004,PG,"['drama', 'romance', 'thriller', 'action', 'comedy']",tt0347473,7
tm101684,Romantik Komedi,MOVIE,2010,G,"['romance', 'comedy']",tt1587263,5.3
tm38454,Jeff Dunham's Very Special Christmas Special,MOVIE,2008,PG-13,"['comedy', 'documentation']",tt1295909,7.4
tm164389,Paheli,MOVIE,2005,PG-13,"['fantasy', 'drama', 'romance', 'comedy']",tt0451850,6.3
tm77863,Honeymoon Travels Pvt. Ltd.,MOVIE,2007,PG-13,"['comedy', 'drama', 'romance']",tt0808306,6.1
ts137477,Behind Enemy Lines,SHOW,2001,TV-14,['drama'],tt5170230,7.2
tm138902,Inuyasha the Movie 3: Swords of an Honorable Ruler,MOVIE,2003,PG-13,"['fantasy', 'thriller', 'animation', 'action']",tt0396659,7.6
ts4866,Fated to Love You,SHOW,2008,TV-G,"['drama', 'comedy', 'romance']",tt1483930,7.4
tm149209,Kaminey,MOVIE,2009,PG-13,"['drama', 'crime', 'action', 'thriller']",tt1274295,7.4
ts34414,Nuevo Rico Nuevo Pobre,SHOW,2007,TV-MA,['comedy'],tt1233451,7.2
tm147686,Kevin Hart: I'm a Grown Little Man,MOVIE,2009,R,"['comedy', 'documentation']",tt1420554,7.5
tm82718,G.O.R.A.,MOVIE,2004,PG-13,"['scifi', 'comedy']",tt0384116,8
tm39557,Jaane Tu... Ya Jaane Na,MOVIE,2008,,"['drama', 'comedy', 'romance']",tt0473367,7.4
tm22558,Mukhsin,MOVIE,2006,,"['drama', 'comedy', 'family']",tt0863091,7.3
ts204466,Pecados capitales,SHOW,2002,TV-MA,"['comedy', 'drama', 'romance']",tt0355119,8.5
tm164591,Apaharan,MOVIE,2005,,"['action', 'drama', 'crime']",tt0451631,7.4
tm106625,"LSD: Love, Sex aur Dhokha",MOVIE,2010,PG-13,"['drama', 'comedy', 'crime', 'romance']",tt1608777,7.2
ts18653,Chhota Bheem,SHOW,2008,,"['action', 'animation', 'comedy']",tt4570986,4.1
tm352863,Splatter,MOVIE,2009,,['horror'],tt6999072,
ts67595,Pedro El Escamoso,SHOW,2001,TV-14,"['drama', 'comedy']",tt0283770,7.5
tm29731,Chup Chup Ke,MOVIE,2006,G,"['comedy', 'drama', 'romance']",tt0464160,6.9
tm80455,Manorama Six Feet Under,MOVIE,2007,R,"['thriller', 'crime', 'drama']",tt0920464,7.6
tm84348,Doing Hard Time,MOVIE,2004,R,['crime'],,
tm144835,Sergio,MOVIE,2009,,['documentation'],tt1333656,7.4
tm129971,Luck by Chance,MOVIE,2009,,"['romance', 'drama']",tt0886539,7.1
tm41953,Tim Minchin: So F**king Rock Live,MOVIE,2008,,['comedy'],,
tm103133,Karthik Calling Karthik,MOVIE,2010,PG,"['thriller', 'drama', 'romance']",tt1373156,7.1
tm421611,The Egyptian Nightingale,MOVIE,2008,,['comedy'],,
ts29199,Monty Python's Personal Best,SHOW,2006,TV-PG,['comedy'],tt0795156,7.9
tm155761,Ajab Prem Ki Ghazab Kahani,MOVIE,2009,PG,"['action', 'comedy', 'romance']",tt1252596,6.3
tm75544,Dhan Dhana Dhan Goal,MOVIE,2007,PG,"['drama', 'sport', 'thriller']",tt1120897,5
tm29028,Salt of This Sea,MOVIE,2008,,"['romance', 'drama', 'european']",tt1090680,6.8
tm93004,Yuva,MOVIE,2004,PG,"['action', 'drama', 'thriller']",tt0382383,7.3
tm23977,Fuga,MOVIE,2006,,"['thriller', 'drama', 'music']",tt0442236,6.3
tm78790,Namastey London,MOVIE,2007,PG,"['comedy', 'drama', 'romance']",tt0795434,7.1
tm44530,Fashion,MOVIE,2008,PG-13,"['romance', 'drama']",tt0964516,6.9
tm102848,Peepli Live,MOVIE,2010,PG,"['drama', 'comedy']",tt1447508,7.4
tm96595,Lakshya,MOVIE,2004,G,"['drama', 'romance', 'war', 'action']",tt0323013,7.8
tm56428,Trailer Park Boys: Say Goodnight to the Bad Guys,MOVIE,2008,,['comedy'],tt1324027,7.8
tm155774,Pomegranates and Myrrh,MOVIE,2009,,['drama'],tt1320282,6.3
tm44378,Tony Manero,MOVIE,2008,,"['drama', 'music']",tt1223975,6.8
tm97982,Do Dooni Chaar,MOVIE,2010,PG,"['drama', 'comedy', 'crime']",tt1714832,7.5
tm27484,Kismat Konnection,MOVIE,2008,G,"['romance', 'comedy', 'drama']",tt1105733,5.3
tm145243,Wake Up Sid,MOVIE,2009,,"['comedy', 'drama', 'romance']",tt1324059,7.6
tm77348,Life in a Metro,MOVIE,2007,,"['drama', 'comedy', 'romance']",tt0800956,7.4
ts178360,El cartel 2 - La guerra total,SHOW,2010,TV-MA,"['action', 'crime', 'horror', 'thriller', 'war']",tt1667724,6.8
tm111226,Awara Paagal Deewana,MOVIE,2002,,"['action', 'comedy', 'crime', 'drama', 'thriller']",tt0319020,6.2
tm237621,The Figurine (Araromire),MOVIE,2009,PG-13,"['horror', 'thriller']",tt1542960,4.4
tm104349,The Unjust,MOVIE,2010,,"['thriller', 'drama', 'action', 'crime']",tt1843120,6.6
tm152724,Kurbaan,MOVIE,2009,R,"['thriller', 'action', 'crime', 'drama', 'romance', 'sport']",tt1185442,5.7
tm69694,Can’t Complain,MOVIE,2007,,"['thriller', 'crime', 'romance', 'comedy', 'drama']",tt2244947,7.5
tm105278,Inuyasha the Movie 2: The Castle Beyond the Looking Glass,MOVIE,2002,PG-13,"['animation', 'fantasy', 'action', 'romance', 'comedy']",tt0366621,7.3
tm80487,Spookley the Square Pumpkin,MOVIE,2004,G,"['family', 'animation']",,
tm33729,Taxi No. 9 2 11,MOVIE,2006,,"['drama', 'thriller', 'comedy']",tt0476884,7.2
tm129763,Anbe Sivam,MOVIE,2003,,"['comedy', 'drama']",tt0367495,8.7
tm130301,Gangaajal,MOVIE,2003,,"['drama', 'crime', 'action']",tt0373856,7.8
tm141117,Chalte Chalte,MOVIE,2003,PG-13,"['comedy', 'drama', 'romance']",tt0346723,6.5
tm35652,Mumbai Meri Jaan,MOVIE,2008,PG-13,['drama'],tt1266583,7.7
tm49865,Aamir,MOVIE,2008,NC-17,"['thriller', 'action', 'crime', 'drama']",tt1241195,7.6
tm254745,Frontiers of Dreams and Fears,MOVIE,2001,,"['documentation', 'history']",tt0477653,8.3
tm134140,Ishq Vishk,MOVIE,2003,,"['drama', 'comedy', 'romance']",tt0362771,6.1
ts82592,The Truth,SHOW,2008,TV-14,"['drama', 'thriller']",tt9233832,
tm114504,The Legend of Bhagat Singh,MOVIE,2002,,"['drama', 'history', 'action']",tt0319736,8.1
tm76029,Under the Bombs,MOVIE,2007,,"['romance', 'drama', 'european', 'war']",tt1094275,7
tm33067,Race,MOVIE,2008,PG-13,"['drama', 'action', 'thriller', 'crime', 'comedy']",tt1017456,6.9
tm103732,Udaan,MOVIE,2010,R,['drama'],tt1639426,8.1
tm712151,Laugh Out Loud,MOVIE,2003,,['comedy'],tt0401575,7
tm98475,We Are Family,MOVIE,2010,PG,"['drama', 'comedy', 'family']",tt1428459,5.6
tm34924,The Beast Stalker,MOVIE,2008,,"['thriller', 'action']",tt1330525,6.8
tm101609,Raajneeti,MOVIE,2010,PG,"['drama', 'thriller', 'crime']",tt1291465,7.1
ts98316,Edge of the Universe,SHOW,2002,TV-G,['documentation'],tt6951568,7.2
tm216753,Old Thieves: The Legend of Artegio,MOVIE,2007,,"['documentation', 'crime']",tt1020042,8
tm112235,Kannathil Muthamittal,MOVIE,2002,,"['drama', 'war', 'action']",tt0312859,8.4
tm101540,Well Done Abba,MOVIE,2010,,['comedy'],tt1397492,7.2
tm96052,Palermo Hollywood,MOVIE,2004,,['drama'],tt0422907,5.2
tm134407,Dev.D,MOVIE,2009,PG-13,"['drama', 'romance', 'comedy']",tt1327035,7.9
tm81864,Twins Mission,MOVIE,2007,,"['action', 'drama', 'comedy', 'crime']",tt0934949,5.2
tm346951,What's Up?,MOVIE,2006,,"['drama', 'comedy']",tt0791180,2.9
tm144263,Aagey Se Right,MOVIE,2009,G,"['comedy', 'crime', 'drama']",tt1479667,5.2
ts124246,Mighty Raju,SHOW,2010,,"['animation', 'action']",tt6491030,4.2
tm85689,Krishna Cottage,MOVIE,2004,,"['thriller', 'drama', 'horror']",tt0408976,5.1
ts12444,The Fierce Wife,SHOW,2010,TV-MA,['drama'],tt4304720,6.8
tm87909,Thomas & Friends: Thomas and the Jet Engine,MOVIE,2004,G,['animation'],,
tm368679,Madness in the Desert,MOVIE,2004,,['documentation'],tt0417528,8.4
tm897538,Let's Dance,MOVIE,2006,,['drama'],,
tm91323,I Hate Luv Storys,MOVIE,2010,PG,"['drama', 'romance', 'comedy']",tt1667838,5.6
tm36636,C Kkompany,MOVIE,2008,,"['comedy', 'drama', 'thriller']",tt1170399,5.5
tm52176,Welcome to Sajjanpur,MOVIE,2008,PG,"['comedy', 'drama']",tt1221139,6.9
ts95855,Wedding Planner,SHOW,2002,TV-14,['drama'],tt7885290,
tm178555,I Am Kalam,MOVIE,2010,G,"['comedy', 'drama', 'family']",tt1805263,8
tm42831,Kyo Kii... Main Jhuth Nahin Bolta,MOVIE,2001,,"['comedy', 'action', 'drama', 'fantasy']",tt0297241,5.3
tm135795,The Kite,MOVIE,2003,,['drama'],tt0377610,6.4
tm254052,Kucch To Hai,MOVIE,2003,,"['horror', 'thriller', 'drama', 'romance']",tt0348662,4.3
tm166293,The Blue Umbrella,MOVIE,2005,,"['drama', 'family', 'fantasy', 'comedy']",tt0457802,7.3
tm99450,Break Ke Baad,MOVIE,2010,,"['drama', 'romance', 'comedy']",tt1578261,5.2
tm154375,Main Aurr Mrs Khanna,MOVIE,2009,PG,"['drama', 'comedy', 'romance']",tt1174041,3.5
tm241875,Frank & Cindy,MOVIE,2007,,"['documentation', 'music', 'drama']",tt0986354,7
tm97325,Tum Milo Toh Sahi,MOVIE,2010,,"['drama', 'comedy']",tt1442583,5.6
tm85563,Ezra,MOVIE,2007,,"['drama', 'european']",tt0923688,6.4
tm95507,Chance Pe Dance,MOVIE,2010,G,"['drama', 'music', 'romance', 'comedy']",tt1392744,4.8
tm308960,Gina Yashere: Skinny B*tch,MOVIE,2008,,"['comedy', 'documentation']",tt1722436,6.5
tm154802,Agyaat,MOVIE,2009,,"['horror', 'thriller', 'drama']",tt1415252,2.9
tm21155,Falafel,MOVIE,2006,,"['drama', 'european']",tt0922424,6.7
tm46867,Kuselan,MOVIE,2008,,"['drama', 'family', 'comedy']",tt1273218,4.8
tm140653,Look for a Star,MOVIE,2009,,"['romance', 'comedy']",tt1312156,5.6
tm160596,Zozo,MOVIE,2005,,"['drama', 'european', 'family', 'war']",tt0448267,6.5
tm76399,A Love Story,MOVIE,2007,,"['romance', 'drama']",tt0990433,6.4
tm226362,Bosta,MOVIE,2005,,['war'],tt0497335,6.4
tm456581,Anchor Baby,MOVIE,2010,,"['documentation', 'drama', 'thriller']",tt3296300,6.3
tm84316,Shootout at Lokhandwala,MOVIE,2007,PG-13,"['crime', 'action', 'history']",tt0811066,7.1
ts39604,The Hospital,SHOW,2006,TV-14,['drama'],tt2823414,7.4
tm168869,Da Kath & Kim Code,MOVIE,2005,,['comedy'],tt0484275,7.3
tm352243,Interview with a Serial Killer,MOVIE,2008,PG-13,"['documentation', 'crime']",tt6978288,5.9
tm89012,The Student Cop,MOVIE,2004,,"['comedy', 'action', 'romance']",tt0419482,6.3
ts160526,Khawatir,SHOW,2005,TV-14,['reality'],tt3062514,9.6
ts19384,A Lion in the House,SHOW,2006,TV-14,['documentation'],,
tm130999,Dhoondte Reh Jaaoge,MOVIE,2009,PG,"['comedy', 'drama']",tt1391544,5.6
ts23353,Together,SHOW,2009,TV-14,"['drama', 'comedy']",,
tm87672,Rabun,MOVIE,2003,,"['drama', 'family']",tt0368190,7.7
tm27275,Life's Speed Bump,MOVIE,2006,,"['drama', 'romance', 'comedy']",tt1010422,6.6
ts23797,Black & White,SHOW,2009,TV-14,"['action', 'comedy', 'sport', 'crime']",tt1508870,7.6
tm85369,Hattrick,MOVIE,2007,PG,"['romance', 'drama', 'comedy', 'sport']",tt0979891,4.3
tm143510,Harishchandrachi Factory,MOVIE,2009,G,"['comedy', 'drama']",tt1524539,8.4
tm311516,Koi Aap Sa,MOVIE,2005,,"['romance', 'comedy', 'drama']",tt0488840,5.5
tm476570,Menahi,MOVIE,2008,,['comedy'],tt9600178,6.7
tm148041,What's Your Raashee?,MOVIE,2009,PG-13,"['comedy', 'drama', 'romance']",tt1242530,4.8
tm152413,Talentime,MOVIE,2009,,['drama'],tt1351669,7.4
tm21956,Anthony Kaun Hai?,MOVIE,2006,,"['comedy', 'thriller']",tt0800981,5.2
ts70843,The Prince Who Turns into a Frog,SHOW,2005,TV-14,"['drama', 'romance', 'comedy']",tt1454440,6.8
tm57586,Mission Istaanbul,MOVIE,2008,,"['action', 'drama', 'thriller']",tt1179781,3.4
ts25707,The Little Nyonya,SHOW,2008,TV-14,['drama'],,
tm91125,Fida,MOVIE,2004,,"['romance', 'action', 'crime', 'drama', 'thriller']",tt0422236,5.4
ts13411,Cocaine,SHOW,2005,TV-14,"['documentation', 'european']",tt0907286,7.1
ts8614,Breakout,SHOW,2010,TV-14,"['drama', 'action']",tt7131684,6.7
tm142153,Kisaan,MOVIE,2009,,"['thriller', 'action', 'crime', 'drama']",tt1372266,5.5
tm100106,My Amnesia Girl,MOVIE,2010,,"['romance', 'comedy']",tt1783350,6.7
tm341561,Like Twenty Impossibles,MOVIE,2003,,[],,
tm91176,Ijé: The Journey,MOVIE,2010,,['drama'],tt1578582,7
tm145690,Osuofia in London,MOVIE,2003,,['comedy'],,
ts4924,At Dolphin Bay,SHOW,2003,TV-14,"['drama', 'comedy', 'romance']",tt8612066,6.9
tm88343,Perazhagan,MOVIE,2004,,"['thriller', 'comedy', 'drama', 'romance']",tt0422934,6.4
ts126804,My MVP Valentine,SHOW,2002,TV-PG,['drama'],tt6286390,6.5
tm28024,A Very Special Love,MOVIE,2008,PG,"['romance', 'drama', 'comedy']",tt1243381,6.5
ts188031,Pink Zone,SHOW,2007,,"['drama', 'romance', 'comedy']",tt11194518,6.1
tm89054,Osuofia in London 2,MOVIE,2004,,[],,
tm481594,Bheem vs Aliens,MOVIE,2010,G,['animation'],tt6442436,7.7
ts29581,Unriddle,SHOW,2010,TV-14,"['thriller', 'action', 'drama']",tt12229764,8
tm1077037,Chhota Bheem & Krishna: Pataliputra- City of the Dead,MOVIE,2010,G,['animation'],tt6543110,
tm639940,Tango with Me,MOVIE,2010,,"['drama', 'family', 'romance']",tt1686795,6.3
tm404676,To and from New York,MOVIE,2006,,[],,
tm598375,Chhota Bheem Aur Krishna,MOVIE,2008,G,"['animation', 'fantasy']",tt2827516,6.4
ts82583,The Family Court,SHOW,2010,TV-MA,['drama'],tt9184102,
ts56595,Cocomong,SHOW,2008,TV-Y,['animation'],tt9892608,5.6
tm92671,Once a Gangster,MOVIE,2010,,"['crime', 'action', 'comedy']",tt1611840,5.7
ts86241,Le Robe De Mariage Des Cieux,SHOW,2004,TV-MA,[],,
tm252951,Brother's Shadow,MOVIE,2006,,['drama'],tt0468458,6.1
tm628693,"Do Paise Ki Dhoop, Chaar Aane Ki Baarish",MOVIE,2009,,['drama'],tt1935782,6.5
tm340006,Banyuki,MOVIE,2010,,['drama'],tt1735848,7.4
ts8175,Call the Midwife,SHOW,2012,TV-PG,"['drama', 'history', 'european']",tt1983079,8.5
tm170758,Hop,MOVIE,2011,PG,"['comedy', 'fantasy', 'animation', 'family']",tt1411704,5.4
tm166064,"Crazy, Stupid, Love.",MOVIE,2011,PG-13,"['romance', 'comedy', 'drama']",tt1570728,7.4
ts20564,New Girl,SHOW,2011,TV-14,"['comedy', 'romance']",tt1826940,7.7
ts278,Black Mirror,SHOW,2011,TV-MA,"['scifi', 'thriller', 'drama', 'european']",tt2085059,8.8
tm170442,Margin Call,MOVIE,2011,R,"['thriller', 'drama']",tt1615147,7.1
tm41792,Django Unchained,MOVIE,2012,R,"['western', 'drama']",tt1853728,8.4
ts21580,Longmire,SHOW,2012,TV-14,"['western', 'action', 'crime', 'drama']",tt1836037,8.3
tm50018,Looper,MOVIE,2012,R,"['thriller', 'scifi', 'drama', 'crime', 'action']",tt1276104,7.4
ts20660,Shameless,SHOW,2011,TV-MA,"['drama', 'comedy']",tt1586680,8.6
ts21806,Happy Endings,SHOW,2011,TV-14,"['comedy', 'romance']",tt2311579,7.8
tm60292,Argo,MOVIE,2012,R,"['drama', 'thriller']",tt1024648,7.7
ts27680,Last Tango in Halifax,SHOW,2012,TV-14,"['comedy', 'drama', 'romance', 'european']",tt2216156,8.3
tm164877,Midnight in Paris,MOVIE,2011,PG-13,"['fantasy', 'romance', 'comedy']",tt1605783,7.7
ts21599,Ink Master,SHOW,2012,TV-14,['reality'],tt1865740,7.4
ts33338,Top Boy,SHOW,2011,TV-MA,"['drama', 'thriller', 'crime', 'european']",tt1830379,8.4
tm166548,Warrior,MOVIE,2011,PG-13,"['drama', 'action', 'sport']",tt1291584,8.2
ts32835,Hunter x Hunter,SHOW,2011,TV-14,"['drama', 'action', 'comedy', 'crime', 'animation', 'documentation', 'family', 'fantasy']",tt2098220,9
tm32982,Les Misérables,MOVIE,2012,PG-13,"['drama', 'romance', 'history', 'war']",tt1707386,7.5
ts17598,Arrow,SHOW,2012,TV-14,"['action', 'crime', 'drama', 'scifi']",tt2193021,7.5
tm161802,The Girl with the Dragon Tattoo,MOVIE,2011,R,"['crime', 'thriller', 'drama']",tt1568346,7.8
tm158304,Contagion,MOVIE,2011,PG-13,"['thriller', 'scifi', 'action', 'drama']",tt1598778,6.8
tm72140,Battleship,MOVIE,2012,PG-13,"['scifi', 'thriller', 'action', 'documentation']",tt1440129,5.8
tm37153,Killing Them Softly,MOVIE,2012,R,"['crime', 'thriller', 'drama']",tt1767297,6.2
tm160433,Just Go with It,MOVIE,2011,PG-13,"['romance', 'comedy']",tt1564367,6.4
tm39896,Dark Shadows,MOVIE,2012,PG-13,"['comedy', 'fantasy', 'horror']",tt1077368,6.2
tm178201,Sherlock Holmes: A Game of Shadows,MOVIE,2011,PG-13,"['crime', 'thriller', 'action']",tt1515091,7.4
tm59428,Silver Linings Playbook,MOVIE,2012,R,"['drama', 'romance', 'comedy']",tt1045658,7.7
ts20457,The Legend of Korra,SHOW,2012,TV-Y7,"['action', 'scifi', 'comedy', 'drama', 'family', 'fantasy', 'animation']",tt1695360,8.4
ts20429,Sword Art Online,SHOW,2012,TV-MA,"['scifi', 'action', 'animation', 'drama', 'western', 'comedy', 'fantasy', 'romance', 'thriller']",tt2250192,7.6
tm176356,Sucker Punch,MOVIE,2011,PG-13,"['fantasy', 'thriller', 'action']",tt0978764,6
tm176507,Jackass 3.5,MOVIE,2011,,"['action', 'comedy', 'documentation']",,
ts6506,The Borgias,SHOW,2011,TV-MA,"['drama', 'history', 'romance', 'crime']",tt1582457,7.9
ts20458,Ninjago: Masters of Spinjitzu,SHOW,2012,TV-Y7,"['scifi', 'comedy', 'family', 'fantasy', 'animation', 'action', 'european']",tt1871731,7.2
tm74848,Total Recall,MOVIE,2012,PG-13,"['thriller', 'scifi', 'crime', 'action']",tt1386703,6.2
ts34087,Puella Magi Madoka Magica,SHOW,2011,TV-14,"['scifi', 'thriller', 'animation', 'drama', 'fantasy']",tt1773185,8.3
tm68272,Project X,MOVIE,2012,R,['comedy'],tt1636826,6.6
tm60844,Berserk: The Golden Age Arc I - The Egg of the King,MOVIE,2012,NC-17,"['fantasy', 'war', 'animation', 'action', 'drama', 'horror']",tt2311238,7.5
tm160132,Soul Surfer,MOVIE,2011,PG,"['drama', 'family', 'sport']",tt1596346,7
ts27468,Transformers: Rescue Bots,SHOW,2012,TV-Y7,"['action', 'scifi', 'comedy', 'family', 'animation']",tt2139371,6.4
tm172716,Final Destination 5,MOVIE,2011,R,"['horror', 'thriller', 'action', 'fantasy', 'documentation', 'european']",tt1622979,5.9
tm278681,Puss in Boots,MOVIE,2011,PG,"['comedy', 'animation', 'family', 'fantasy', 'action']",tt0448694,6.6
tm40319,Savages,MOVIE,2012,R,"['thriller', 'action', 'crime', 'drama']",tt1615065,6.4
ts20556,Teen Mom 2,SHOW,2011,TV-14,"['reality', 'romance', 'documentation', 'comedy']",tt1821220,4.5
tm173624,Hall Pass,MOVIE,2011,R,"['romance', 'comedy']",tt0480687,5.9
ts9794,Comedians in Cars Getting Coffee,SHOW,2012,TV-14,"['comedy', 'family', 'animation']",tt2314952,8
ts20500,Lilyhammer,SHOW,2012,TV-MA,"['crime', 'comedy', 'drama']",tt1958961,7.9
tm62210,Rurouni Kenshin Part I: Origins,MOVIE,2012,PG-13,"['drama', 'war', 'action', 'history']",tt1979319,7.4
tm167232,Unknown,MOVIE,2011,PG-13,"['action', 'thriller', 'european']",tt1401152,6.8
ts34151,TIGER & BUNNY,SHOW,2011,TV-14,"['scifi', 'action', 'animation', 'comedy', 'crime']",tt2061527,7.3
tm178395,Hostel: Part III,MOVIE,2011,R,['horror'],,
ts11151,Fate/Zero,SHOW,2011,TV-MA,"['scifi', 'action', 'animation', 'drama', 'fantasy', 'thriller']",tt2051178,8.2
tm173195,The Rite,MOVIE,2011,PG-13,"['drama', 'thriller', 'horror']",tt1161864,6
ts9246,Blue Exorcist,SHOW,2011,TV-14,"['scifi', 'horror', 'family', 'animation', 'action', 'drama', 'fantasy']",tt1799631,7.5
ts20648,X-Men,SHOW,2011,TV-14,['scifi'],,
ts19779,Barbie: Life in the Dreamhouse,SHOW,2012,TV-Y,"['animation', 'comedy', 'family']",tt2644032,7.3
tm175346,Mean Girls 2,MOVIE,2011,PG-13,['comedy'],tt1679235,4.1
tm160371,A Very Harold & Kumar Christmas,MOVIE,2011,R,"['comedy', 'fantasy', 'romance']",tt1268799,6.2
ts7708,anohana: The Flower We Saw That Day,SHOW,2011,TV-PG,"['drama', 'fantasy', 'romance', 'animation']",tt1913273,8.2
ts27586,Magi,SHOW,2012,TV-14,"['scifi', 'action', 'comedy', 'animation', 'fantasy']",tt2425098,7.8
ts18551,Cuckoo,SHOW,2012,TV-14,"['comedy', 'drama', 'european']",tt2329333,5.9
ts76614,Thermae Romae,SHOW,2012,,['animation'],tt2230761,6.1
tm174256,Red Riding Hood,MOVIE,2011,PG-13,"['fantasy', 'thriller', 'horror', 'drama', 'romance']",tt1486185,5.4
ts34740,My Babysitter's a Vampire,SHOW,2011,TV-PG,"['scifi', 'fantasy', 'horror', 'action', 'comedy']",tt1727434,6.9
ts22249,Kuroko's Basketball,SHOW,2012,TV-14,"['animation', 'comedy', 'sport']",tt2348803,8.3
tm165995,New Year's Eve,MOVIE,2011,PG-13,"['comedy', 'romance', 'documentation']",tt1598822,5.6
tm168921,The Smurfs,MOVIE,2011,PG,"['fantasy', 'comedy', 'family', 'animation']",tt0472181,5.4
tm178323,Jack and Jill,MOVIE,2011,PG,"['comedy', 'horror']",tt0810913,3.3
tm106278,Everything Must Go,MOVIE,2011,R,"['comedy', 'drama']",tt1531663,6.4
ts36647,Rita,SHOW,2012,TV-MA,"['comedy', 'drama', 'european']",tt1973692,8.1
tm72845,John Mulaney: New in Town,MOVIE,2012,,"['comedy', 'documentation']",tt2246779,8.2
ts34921,Wolverine,SHOW,2011,TV-14,"['action', 'scifi', 'animation']",tt1847521,6.2
tm59590,One Piece Film: Z,MOVIE,2012,PG-13,"['action', 'animation', 'fantasy']",tt2375379,7.8
ts35426,LEGO City,SHOW,2011,TV-G,"['animation', 'european']",tt7530250,5
tm174683,Arthur Christmas,MOVIE,2011,PG,"['drama', 'animation', 'family', 'comedy', 'fantasy']",tt1430607,7.1
ts27835,MeatEater,SHOW,2012,TV-14,['documentation'],tt2169245,7.5
tm182586,Silenced,MOVIE,2011,,['drama'],tt2070649,8
tm39313,A Perfect Ending,MOVIE,2012,,"['drama', 'romance']",tt1823059,5.7
ts45996,Outback Truckers,SHOW,2012,TV-14,"['reality', 'documentation']",tt5632186,7.4
ts55532,LEGO Friends,SHOW,2012,TV-Y,"['animation', 'european']",tt9148446,7.6
tm69386,Quartet,MOVIE,2012,PG-13,"['romance', 'comedy', 'drama', 'music']",tt1441951,6.8
tm38064,Berserk: The Golden Age Arc II - The Battle for Doldrey,MOVIE,2012,R,"['fantasy', 'drama', 'horror', 'animation', 'action']",tt2358911,7.7
ts34737,La Reina del Sur,SHOW,2011,TV-MA,"['drama', 'action', 'crime', 'thriller']",tt1704637,8
ts21081,Pablo Escobar: The Drug Lord,SHOW,2012,TV-14,"['crime', 'drama', 'history', 'thriller']",tt2187850,8.4
tm28171,Bill Burr: You People Are All The Same,MOVIE,2012,R,['comedy'],tt2290153,8.2
tm161904,Bully,MOVIE,2011,PG-13,"['drama', 'documentation']",tt1682181,7.4
tm56296,The History of Future Folk,MOVIE,2012,,"['comedy', 'music', 'scifi']",tt2245195,7.1
tm171292,Cloudburst,MOVIE,2011,,"['romance', 'drama', 'comedy']",tt1466054,7.2
tm183039,Donald Glover: Weirdo,MOVIE,2012,,"['comedy', 'documentation']",tt2345525,7.4
tm160361,A Princess for Christmas,MOVIE,2011,PG,"['comedy', 'family', 'romance', 'drama']",tt1083448,6.3
tm34331,Middle of Nowhere,MOVIE,2012,R,['drama'],tt1211890,6.5
tm182125,Zindagi Na Milegi Dobara,MOVIE,2011,PG,"['comedy', 'drama']",tt1562872,8.1
tm238681,Kung Fu Panda: Secrets of the Scroll,MOVIE,2012,G,['comedy'],,
tm72251,What About Dick?,MOVIE,2012,G,['comedy'],,
tm183547,Escape from Planet Earth,MOVIE,2012,PG,"['comedy', 'family', 'scifi', 'animation']",tt0765446,5.8
tm53625,Inventing David Geffen,MOVIE,2012,,['documentation'],,
tm53034,Sebastian Maniscalco: What's Wrong with People?,MOVIE,2012,,['comedy'],tt2215489,8
tm174190,Undefeated,MOVIE,2011,PG-13,"['documentation', 'sport']",tt1860355,7.7
tm164353,Singham,MOVIE,2011,,"['drama', 'action', 'crime']",tt1948150,6.8
ts81858,Larva,SHOW,2011,TV-G,"['comedy', 'family', 'animation', 'drama', 'horror', 'thriller']",tt6966158,7.1
tm165712,Tim Minchin and the Heritage Orchestra: Live at the Royal Albert Hall,MOVIE,2011,,"['comedy', 'music']",,
ts158608,The Ultimate Braai Master,SHOW,2012,TV-PG,['reality'],tt3264864,8.2
ts215037,Minecraft: Story Mode,SHOW,2011,TV-PG,[],tt10498322,5.5
tm68436,Barfi!,MOVIE,2012,G,"['drama', 'comedy', 'romance']",tt2082197,8.1
ts39093,EastSiders,SHOW,2012,TV-MA,"['drama', 'comedy']",tt2558816,6.8
ts26776,Smile PreCure!,SHOW,2012,TV-Y7,"['comedy', 'action', 'scifi', 'family', 'fantasy', 'animation']",tt2230557,6.1
tm52062,Mosquita y Mari,MOVIE,2012,,['drama'],tt1978480,6.3
tm176111,The Great Magician,MOVIE,2011,,"['drama', 'comedy', 'romance']",tt1869721,5.9
ts33349,Robocar Poli,SHOW,2011,TV-Y,"['family', 'fantasy', 'animation', 'comedy']",tt4763642,5.8
tm31739,Joan Rivers: Don't Start with Me,MOVIE,2012,R,['comedy'],tt2519318,6.6
tm170395,Sniper: Reloaded,MOVIE,2011,R,['thriller'],,
tm177258,Delhi Belly,MOVIE,2011,,"['comedy', 'action', 'crime', 'thriller']",tt1934231,7.6
tm177044,Naruto Shippuden the Movie: Blood Prison,MOVIE,2011,PG-13,"['horror', 'thriller', 'animation', 'action', 'fantasy', 'comedy']",tt1999167,7.1
tm49451,Maria Bamford: The Special Special Special!,MOVIE,2012,,['comedy'],tt2547430,7
ts191698,Little Baby Bum,SHOW,2011,TV-Y,"['animation', 'family', 'music']",tt10051854,6.4
tm54780,Tiger & Bunny: The Beginning,MOVIE,2012,PG,"['scifi', 'animation', 'action']",tt2507174,6.7
tm176128,Don't Go Breaking My Heart,MOVIE,2011,,"['comedy', 'romance']",tt1776143,6.5
tm177958,Pyaar Ka Punchnama,MOVIE,2011,PG-13,"['romance', 'comedy', 'drama', 'european']",tt1926313,7.7
tm40860,Big Time Movie,MOVIE,2012,G,"['comedy', 'family', 'music']",tt2163203,6.1
ts19165,The American Bible Challenge,SHOW,2012,TV-G,['family'],tt2246424,6.4
tm63368,A World Not Ours,MOVIE,2012,,"['documentation', 'history']",tt2233762,7.8
ts58528,Inside West Coast Customs,SHOW,2011,TV-PG,['reality'],tt8358972,7.4
tm183037,Don 2,MOVIE,2011,,"['action', 'thriller', 'crime', 'european']",tt1285241,7.1
tm183176,A Second Chance,MOVIE,2011,,"['drama', 'family', 'sport']",tt2150139,4.7
tm37175,Jeff Dunham: Minding the Monsters,MOVIE,2012,PG-13,['comedy'],tt2461736,7
tm181856,Jeff Dunham: Controlled Chaos,MOVIE,2011,,"['comedy', 'documentation']",tt2058636,7.4
tm178106,Chillar Party,MOVIE,2011,G,"['drama', 'comedy', 'family']",tt1841542,7.5
tm175909,The Dirty Picture,MOVIE,2011,,"['drama', 'comedy']",tt1954206,6.6
tm74031,Kyaa Super Kool Hain Hum,MOVIE,2012,R,"['drama', 'comedy']",tt2027138,5
tm57610,Talaash,MOVIE,2012,,"['thriller', 'crime', 'fantasy', 'drama']",tt1787988,7.3
ts27875,Masha's tales,SHOW,2012,TV-Y,"['animation', 'family']",tt3840498,6.4
ts6879,El Reemplazante,SHOW,2012,TV-MA,['drama'],tt2488050,8.5
tm59289,Rowdy Rathore,MOVIE,2012,PG-13,"['crime', 'action', 'comedy']",tt2077833,5.9
tm53829,Blitz Patrollie,MOVIE,2012,,"['comedy', 'action', 'crime']",tt2336284,5.4
tm47171,OMG: Oh My God!,MOVIE,2012,G,"['fantasy', 'drama', 'comedy']",tt2283748,8.1
tm65765,6 Bullets,MOVIE,2012,R,"['thriller', 'drama', 'action', 'crime']",tt1975249,6
tm70528,Material,MOVIE,2012,,"['comedy', 'drama']",tt3469008,7.3
tm161804,Toll Booth,MOVIE,2011,,['drama'],tt1753866,6.4
tm169128,An Elf's Story,MOVIE,2011,,"['fantasy', 'animation', 'family']",tt2094761,5.2
ts39112,Justin Time,SHOW,2011,TV-Y,"['action', 'animation', 'family', 'comedy']",tt1759210,6
ts60663,The In-Laws,SHOW,2011,TV-14,"['family', 'drama']",tt12199688,
tm630933,Without Gorky,MOVIE,2011,,['documentation'],tt1854593,6.6
tm174518,Bodyguard,MOVIE,2011,,"['drama', 'romance', 'action', 'comedy']",tt1729637,4.6
tm180532,Shaitan,MOVIE,2011,PG-13,"['action', 'crime', 'thriller', 'drama']",tt1836912,7.3
tm35700,Paan Singh Tomar,MOVIE,2012,PG,"['drama', 'sport', 'thriller', 'action', 'crime']",tt1620933,8.2
tm67444,Jim Gaffigan: Mr. Universe,MOVIE,2012,,['comedy'],,
tm57382,Kath & Kimderella,MOVIE,2012,,['comedy'],tt1859607,5.3
tm172883,Game,MOVIE,2011,PG,"['thriller', 'drama', 'action', 'crime', 'european']",tt1772872,5.2
tm164090,Lavell Crawford: Can a Brother Get Some Love?,MOVIE,2011,NC-17,"['comedy', 'documentation']",tt2084872,6.9
tm71992,Grandmaster,MOVIE,2012,,"['thriller', 'action']",tt2345561,6.9
tm59372,Arjun: The Warrior Prince,MOVIE,2012,G,"['animation', 'action', 'drama']",tt3758104,6.7
tm160021,A Beautiful Life,MOVIE,2011,,"['drama', 'romance']",tt1935067,6.7
tm54371,Mugamoodi,MOVIE,2012,,['action'],tt2367996,5.1
tm38013,Players,MOVIE,2012,,"['thriller', 'crime', 'action']",tt1784589,4.2
tm39606,Tere Naal Love Ho Gaya,MOVIE,2012,PG,"['romance', 'drama', 'comedy']",tt2130242,5.8
tm53395,FRED 3: Camp Fred,MOVIE,2012,PG,"['comedy', 'family']",tt2395219,2
tm66725,Kalakalappu,MOVIE,2012,G,['comedy'],tt2262126,6.9
ts167724,Meet the Adebanjos,SHOW,2012,TV-PG,['comedy'],tt2344781,7.6
tm48579,Katt Williams: Kattpacalypse,MOVIE,2012,R,['comedy'],tt2370686,5.5
tm159593,No One Killed Jessica,MOVIE,2011,PG-13,"['crime', 'drama', 'thriller']",tt1734110,7.2
tm34746,Luv Shuv Tey Chicken Khurana,MOVIE,2012,PG,['comedy'],tt2186933,6.6
tm167241,Ragini MMS,MOVIE,2011,PG-13,"['horror', 'drama', 'thriller']",tt1890513,5.1
tm161632,Tom Papa: Live in New York City,MOVIE,2011,,['comedy'],tt1910649,7.2
tm50798,10 jours en or,MOVIE,2012,,"['comedy', 'drama', 'european']",tt1729630,6
tm31948,26 Years,MOVIE,2012,,"['thriller', 'crime', 'drama']",tt2551894,6.3
tm179451,7 Khoon Maaf,MOVIE,2011,,"['thriller', 'comedy', 'drama']",tt1629376,6.2
tm162592,Asmaa,MOVIE,2011,,['drama'],tt1826603,8.1
tm37573,"All's Well, Ends Well",MOVIE,2012,,['comedy'],tt2051818,5.1
ts41114,The Oath,SHOW,2011,TV-14,['drama'],tt7131686,7.9
tm30278,Vettai,MOVIE,2012,,"['thriller', 'action']",tt1956697,6
tm33601,Tita Rahiba,MOVIE,2012,G,"['comedy', 'drama']",tt2350736,5.2
tm48239,Ek Main Aur Ekk Tu,MOVIE,2012,PG,"['drama', 'comedy', 'romance']",tt1703958,5.8
tm56734,Last Flight to Abuja,MOVIE,2012,,"['action', 'thriller', 'drama']",tt2287851,4.5
tm166810,Michael,MOVIE,2011,PG-13,"['thriller', 'drama']",tt1754202,5.3
tm172353,Bbuddah Hoga Terra Baap,MOVIE,2011,PG-13,"['thriller', 'action', 'comedy', 'crime']",tt1869296,5.6
tm169053,Shor in the City,MOVIE,2011,PG,"['drama', 'crime']",tt1916728,7.2
tm166740,Chhota Bheem & Krishna in Mayanagari,MOVIE,2011,G,"['animation', 'action', 'fantasy']",tt16235600,9
tm34142,Department,MOVIE,2012,R,"['thriller', 'action', 'crime']",tt2186731,3.2
tm168751,Stray Bullet,MOVIE,2011,,['drama'],tt1726871,6.3
tm38331,The Mistress,MOVIE,2012,PG-13,"['romance', 'drama']",tt2389344,6.3
ts32460,Inborn Pair,SHOW,2011,TV-14,"['drama', 'comedy']",tt6357282,7.1
tm98735,X Large,MOVIE,2011,,[],,
tm44615,Ferrari Ki Sawaari,MOVIE,2012,G,"['comedy', 'family', 'sport', 'drama']",tt2122340,6.4
tm182026,Zokkomon,MOVIE,2011,PG,"['scifi', 'fantasy', 'action', 'family']",tt1605790,3.9
ts32561,Office Girls,SHOW,2011,TV-14,"['drama', 'comedy', 'romance']",tt4381290,6.9
tm529723,Chhota Bheem and the Broken Amulet,MOVIE,2012,,['animation'],tt6417816,7.5
tm60213,One More Try,MOVIE,2012,,['drama'],tt2590280,5.9
tm70652,Thaandavam,MOVIE,2012,,"['action', 'thriller']",tt5249376,6.1
tm42306,Aiyyaa,MOVIE,2012,G,"['comedy', 'romance']",tt2255934,4.3
tm53360,Blood Money,MOVIE,2012,PG,"['drama', 'thriller', 'action', 'crime']",tt2246595,5.1
tm69915,Heroine,MOVIE,2012,,['drama'],tt1949548,5
tm29400,Bwakaw,MOVIE,2012,,"['drama', 'comedy']",tt2244376,7.1
ts69208,"Love, Now",SHOW,2012,TV-Y,"['drama', 'comedy']",tt6273116,7.6
tm946846,Taxi Ballad,MOVIE,2012,,['drama'],,
tm339197,Chota Bheem Aur Ganesh in the Amazing Odyssey,MOVIE,2012,G,['animation'],tt6356352,7.8
tm34646,Sisterakas,MOVIE,2012,,"['drama', 'comedy']",tt2590214,5.2
ts99814,Masameer,SHOW,2011,TV-MA,"['comedy', 'animation']",tt6298258,8.2
tm200838,Chhota Bheem In Dholakpur to Kathmandu,MOVIE,2012,G,['animation'],tt6442774,7.8
tm481620,The Rise of Kirmada,MOVIE,2012,G,['animation'],tt6543070,8
tm57256,Husbands in Goa,MOVIE,2012,,['comedy'],tt2407826,3.8
ts44064,Drunken to Love You,SHOW,2011,TV-14,"['comedy', 'drama', 'romance']",tt2661520,6.5
tm172211,Question Mark,MOVIE,2011,,['drama'],tt1979169,7
ts128422,Takki,SHOW,2012,,['drama'],tt6052432,6.5
tm165932,Muran,MOVIE,2011,,"['thriller', 'action']",tt2053397,6.3
tm172504,"Darling, Something's Wrong with Your Head",MOVIE,2011,,"['drama', 'romance', 'war', 'european']",tt1670646,6.7
tm224577,Phone Swap,MOVIE,2012,,"['comedy', 'romance']",tt2198109,6.4
tm1077038,Chhota Bheem: Journey to Petra,MOVIE,2011,G,['animation'],tt6543194,
tm481509,Chhota Bheem Master of Shaolin,MOVIE,2011,G,['animation'],tt6442670,6.3
tm159623,No Other Woman,MOVIE,2011,,"['drama', 'thriller', 'romance']",tt2057445,5.9
ts39465,Yours Fatefully,SHOW,2012,TV-14,"['drama', 'comedy', 'romance']",tt7131690,6.8
tm51412,Moshe Kasher: Live in Oakland,MOVIE,2012,,['comedy'],tt2229301,6.7
tm235979,My Friend Pinto,MOVIE,2011,PG,"['comedy', 'drama', 'crime']",tt1512220,5.3
tm361958,The Mirror Boy,MOVIE,2011,,"['fantasy', 'drama']",tt1730705,4.9
ts37864,The Glamorous Imperial Concubine,SHOW,2011,TV-PG,"['drama', 'romance', 'history']",tt2272555,7
tm181366,Here Comes the Rain,MOVIE,2011,,['drama'],tt2091312,6.3
ts20837,Outlander,SHOW,2014,TV-MA,"['scifi', 'drama', 'fantasy', 'romance']",tt3006802,8.4
ts20110,Peaky Blinders,SHOW,2013,TV-MA,"['drama', 'crime', 'european']",tt2442560,8.8
ts20682,Attack on Titan,SHOW,2013,TV-MA,"['scifi', 'action', 'drama', 'fantasy', 'horror', 'animation']",tt2560140,9
ts1639,The Blacklist,SHOW,2013,TV-14,"['drama', 'crime', 'thriller']",tt2741602,8
ts20351,Married at First Sight,SHOW,2014,TV-PG,"['reality', 'european']",tt3868860,6.1
tm140389,Paddington,MOVIE,2014,PG,"['comedy', 'animation', 'family', 'fantasy', 'european']",tt1109624,7.2
ts11188,The Flash,SHOW,2014,TV-14,"['scifi', 'drama', 'action']",tt3107288,7.6
tm151663,Nightcrawler,MOVIE,2014,R,"['crime', 'thriller', 'drama']",tt2872718,7.8
ts20292,Gotham,SHOW,2014,TV-14,"['scifi', 'action', 'crime', 'drama', 'thriller']",tt3749900,7.8
ts16045,Are You The One?,SHOW,2014,TV-14,['reality'],tt3484274,6.5
tm169422,Her,MOVIE,2013,R,"['drama', 'romance', 'scifi']",tt1798709,8
tm169719,42,MOVIE,2013,PG-13,"['drama', 'sport']",tt0453562,7.5
tm140877,The Imitation Game,MOVIE,2014,PG-13,"['thriller', 'drama', 'war']",tt2084970,8
tm171042,The Call,MOVIE,2013,R,"['crime', 'thriller', 'drama', 'horror', 'european']",tt1911644,6.7
ts8146,The 100,SHOW,2014,TV-14,"['drama', 'action', 'scifi']",tt2661044,7.6
tm148147,Big Eyes,MOVIE,2014,PG-13,"['drama', 'documentation', 'crime', 'romance']",tt1126590,7.2
ts21374,How to Get Away with Murder,SHOW,2014,TV-14,"['drama', 'thriller', 'crime']",tt3205802,8.1
tm183523,Oldboy,MOVIE,2013,R,"['thriller', 'action', 'drama']",tt1321511,5.7
tm176864,Rush,MOVIE,2013,R,"['drama', 'action', 'sport', 'european']",tt1979320,8.1
ts20248,Reign,SHOW,2013,TV-14,"['drama', 'fantasy']",tt2710394,7.5
tm134967,How to Train Your Dragon 2,MOVIE,2014,PG,"['fantasy', 'comedy', 'family', 'animation', 'action']",tt1646971,7.8
tm143227,Begin Again,MOVIE,2013,R,"['comedy', 'music', 'romance', 'drama']",tt1980929,7.4
tm160621,The Conjuring,MOVIE,2013,R,"['thriller', 'horror']",tt1457767,7.5
tm180572,Insidious: Chapter 2,MOVIE,2013,PG-13,"['thriller', 'horror']",tt2226417,6.5
ts14583,BoJack Horseman,SHOW,2014,TV-MA,"['drama', 'comedy', 'animation']",tt3398228,8.8
ts6,House of Cards,SHOW,2013,TV-MA,['drama'],tt1856010,8.7
ts20108,Henry Danger,SHOW,2014,TV-G,"['scifi', 'action', 'comedy', 'family']",tt3596174,5.6
tm148671,A Walk Among the Tombstones,MOVIE,2014,R,"['drama', 'thriller', 'action', 'crime']",tt0365907,6.5
tm182429,Olympus Has Fallen,MOVIE,2013,R,"['thriller', 'action', 'drama']",tt2302755,6.5
tm153284,The Giver,MOVIE,2014,PG-13,"['drama', 'scifi', 'romance', 'thriller']",tt0435651,6.4
ts20823,Orange Is the New Black,SHOW,2013,TV-MA,"['drama', 'comedy', 'crime']",tt2372162,8.1
ts20824,The Originals,SHOW,2013,TV-14,"['scifi', 'drama', 'fantasy', 'horror']",tt2632424,8.3
ts21367,Jane the Virgin,SHOW,2014,TV-14,"['drama', 'comedy']",tt3566726,7.8
tm151807,Creep,MOVIE,2014,R,"['horror', 'thriller']",tt2428170,6.3
tm145655,St. Vincent,MOVIE,2014,PG-13,"['comedy', 'drama']",tt2170593,7.2
ts20280,Marco Polo,SHOW,2014,TV-MA,"['action', 'drama', 'history', 'documentation']",tt2189461,8
ts35682,Wentworth,SHOW,2013,TV-MA,"['drama', 'crime', 'thriller']",tt2433738,8.6
ts20261,Madam Secretary,SHOW,2014,TV-14,"['war', 'thriller', 'drama']",tt3501074,7.6
tm161525,The Green Inferno,MOVIE,2013,R,"['horror', 'thriller']",tt2403021,5.3
tm175843,Dark Skies,MOVIE,2013,PG-13,"['thriller', 'horror', 'scifi', 'documentation']",tt4190332,6.3
ts34950,KILL la KILL,SHOW,2013,TV-MA,"['action', 'scifi', 'fantasy', 'animation', 'comedy', 'drama']",tt3114390,7.9
tm181270,The Frozen Ground,MOVIE,2013,R,"['thriller', 'drama', 'crime']",tt2005374,6.4
ts20791,Z Nation,SHOW,2014,TV-14,"['action', 'drama', 'scifi', 'comedy', 'horror', 'romance']",tt3843168,6.6
ts20288,From Dusk Till Dawn: The Series,SHOW,2014,TV-14,"['scifi', 'crime', 'fantasy', 'horror', 'action']",tt3337194,6.9
tm168400,Empire State,MOVIE,2013,R,"['drama', 'crime', 'thriller', 'action', 'european']",tt2171867,5.2
ts2727,Derek,SHOW,2013,TV-MA,"['drama', 'comedy', 'european']",tt2616280,8.1
tm237143,Shrek the Musical,MOVIE,2013,PG-13,"['fantasy', 'family', 'comedy']",tt3070936,6.9
tm176630,The Butler,MOVIE,2013,PG-13,"['drama', 'european']",tt1327773,7.2
ts32218,The Thundermans,SHOW,2013,TV-G,"['action', 'scifi', 'family', 'comedy', 'drama']",tt2712516,5.6
ts20097,Hemlock Grove,SHOW,2013,TV-MA,"['thriller', 'drama', 'fantasy', 'horror', 'scifi']",tt2309295,7
tm178712,Scary Movie 5,MOVIE,2013,PG-13,"['comedy', 'horror']",tt0795461,3.5
ts314002,The Seven Deadly Sins,SHOW,2014,TV-14,"['action', 'scifi', 'comedy', 'fantasy', 'animation']",tt3909224,7.9
ts20281,Sofia the First,SHOW,2013,TV-Y,"['family', 'fantasy', 'animation']",tt2136138,6.8
ts20014,Sailor Moon Crystal,SHOW,2014,TV-14,"['scifi', 'animation', 'action', 'comedy', 'drama', 'fantasy', 'romance', 'family']",tt3124992,7.8
tm187979,Cloudy with a Chance of Meatballs 2,MOVIE,2013,PG,"['comedy', 'family', 'fantasy', 'scifi', 'drama', 'animation']",tt1985966,6.3
ts35570,Lovesick,SHOW,2014,TV-MA,"['comedy', 'european']",tt4051832,8.1
ts32271,Shtisel,SHOW,2013,TV-14,['drama'],tt3069894,8.6
ts4213,The Chase,SHOW,2013,TV-PG,['reality'],tt3077336,7.5
tm161282,Penguins of Madagascar,MOVIE,2014,PG,"['comedy', 'animation', 'family', 'scifi']",tt1911658,6.6
tm165521,Redemption,MOVIE,2013,R,"['thriller', 'action', 'european']",,
tm184608,Texas Chainsaw 3D,MOVIE,2013,R,"['horror', 'thriller']",tt1572315,4.8
tm144046,Jackass Presents: Bad Grandpa .5,MOVIE,2014,PG-13,['comedy'],tt3766424,6.3
ts20917,The Night Shift,SHOW,2014,TV-14,"['drama', 'romance', 'fantasy', 'horror', 'action', 'animation', 'comedy']",tt1483202,7.5
ts35282,The Next Step,SHOW,2013,TV-G,"['drama', 'romance', 'family']",tt2374744,5.9
tm161029,Mr. Peabody & Sherman,MOVIE,2014,PG,"['action', 'family', 'animation', 'history', 'scifi', 'romance', 'comedy', 'fantasy']",tt0864835,6.8
tm143474,Vampire Academy,MOVIE,2014,PG-13,"['fantasy', 'horror', 'thriller', 'action', 'comedy', 'drama']",tt1686821,5.4
tm140342,"I, Frankenstein",MOVIE,2014,PG-13,"['horror', 'thriller', 'scifi', 'action', 'fantasy']",tt1418377,5.1
tm141648,Seventh Son,MOVIE,2014,PG-13,"['fantasy', 'action']",tt1121096,5.5
ts20336,Velvet,SHOW,2014,TV-14,"['drama', 'romance', 'thriller', 'action', 'crime', 'european']",tt2955402,8.1
ts36836,Zach Stone Is Gonna Be Famous,SHOW,2013,TV-PG,['comedy'],tt1748277,8.3
tm142856,Sabotage,MOVIE,2014,R,"['drama', 'thriller', 'western', 'action', 'crime']",tt1742334,5.7
ts22426,The Irregular at Magic High School,SHOW,2014,TV-14,"['scifi', 'romance', 'animation', 'action', 'drama', 'fantasy']",tt3874528,7.1
tm181081,The Railway Man,MOVIE,2013,R,"['drama', 'european', 'war', 'romance']",tt2058107,7.1
ts42168,Resurrection: Ertugrul,SHOW,2014,TV-14,"['war', 'action', 'drama', 'history']",tt4320258,7.9
ts98110,Dreamworks How to Train Your Dragon Legends,SHOW,2013,,['animation'],tt6963396,7.3
tm178211,Life of Crime,MOVIE,2013,R,"['comedy', 'crime']",tt1663207,5.8
tm144121,Get on Up,MOVIE,2014,PG-13,"['drama', 'music']",tt2473602,6.9
ts22383,Rabbids Invasion,SHOW,2013,TV-Y7,"['comedy', 'animation', 'family', 'european']",tt3105674,5.5
tm151447,The November Man,MOVIE,2014,R,"['crime', 'action', 'thriller']",tt2402157,6.3
ts11794,The Cat in the Hat Knows a Lot About That!,SHOW,2013,TV-Y,"['animation', 'fantasy', 'scifi', 'comedy', 'family']",tt1699440,6.4
tm154797,The Nut Job,MOVIE,2014,PG,"['comedy', 'crime', 'family', 'animation']",tt1821658,5.7
ts20310,Girlfriends' Guide to Divorce,SHOW,2014,TV-14,"['comedy', 'drama']",tt2817246,6.9
tm159796,Brick Mansions,MOVIE,2014,PG-13,"['crime', 'drama', 'action', 'thriller']",tt1430612,5.6
tm181533,The Big Wedding,MOVIE,2013,R,"['comedy', 'drama', 'romance']",tt1931435,5.6
ts35244,Tiny House Nation,SHOW,2014,TV-PG,['reality'],tt3869500,7.1
tm469911,Bonnie & Clyde,MOVIE,2013,PG-13,"['drama', 'crime', 'european']",tt2374851,
ts82979,Talking Tom and Friends,SHOW,2014,TV-G,"['comedy', 'drama', 'family', 'action', 'animation', 'fantasy', 'european']",tt4648640,6.1
tm148976,The Battered Bastards of Baseball,MOVIE,2014,R,"['documentation', 'sport']",tt3445270,8
tm143642,Who Am I,MOVIE,2014,,"['thriller', 'european', 'drama', 'scifi', 'crime']",tt4426376,7.5
ts10206,Ever After High,SHOW,2013,TV-Y7,"['action', 'comedy', 'drama', 'family', 'fantasy', 'music', 'romance', 'animation']",tt3312378,7.7
ts20709,Yowamushi Pedal,SHOW,2013,TV-14,"['comedy', 'drama', 'sport', 'animation']",tt2942228,7.7
ts32060,Sam & Cat,SHOW,2013,TV-G,"['drama', 'family', 'comedy']",tt2487090,5.6
tm162271,Bo Burnham: What.,MOVIE,2013,,"['comedy', 'music', 'documentation']",tt3210258,8.3
tm166628,The Smurfs 2,MOVIE,2013,PG,"['fantasy', 'animation', 'comedy', 'family']",tt2017020,5.3
tm171228,Metallica: Through the Never,MOVIE,2013,R,['music'],tt2172935,7.1
tm136601,Walk of Shame,MOVIE,2014,R,['comedy'],tt2463288,6
tm143757,Search Party,MOVIE,2014,R,['comedy'],tt2758904,5.6
tm143372,Stand by Me Doraemon,MOVIE,2014,G,"['fantasy', 'animation', 'comedy', 'drama', 'family', 'scifi']",tt3331846,7.3
tm71148,Thanks for Sharing,MOVIE,2013,R,"['drama', 'comedy', 'romance']",tt1932718,6.4
tm161562,Copenhagen,MOVIE,2014,,"['drama', 'romance']",tt2459156,7.1
tm151716,Cowspiracy: The Sustainability Secret,MOVIE,2014,,['documentation'],tt4344904,8.2
ts22445,The Heirs,SHOW,2013,,"['drama', 'comedy', 'romance']",tt3243098,7.5
tm180599,The Haunting in Connecticut 2: Ghosts of Georgia,MOVIE,2013,R,"['horror', 'thriller', 'drama']",tt1457765,5.2
ts20790,Young & Hungry,SHOW,2014,TV-14,"['comedy', 'drama', 'romance']",tt2084712,7.3
tm171965,Mike Birbiglia: My Girlfriend's Boyfriend,MOVIE,2013,,"['drama', 'documentation', 'comedy', 'romance']",tt2937390,8
tm185208,Elena,MOVIE,2013,PG-13,"['documentation', 'european', 'drama', 'family']",tt2719278,7.6
ts20883,"Nicky, Ricky, Dicky & Dawn",SHOW,2014,TV-G,"['comedy', 'family']",tt3596176,5.1
tm167944,Berserk: The Golden Age Arc III - The Advent,MOVIE,2013,NC-17,"['fantasy', 'action', 'drama', 'horror', 'romance', 'animation']",tt2358913,7.8
tm149038,Bill Burr: I'm Sorry You Feel That Way,MOVIE,2014,,"['comedy', 'documentation']",tt3823690,8.3
ts33590,The Haunted Hathaways,SHOW,2013,TV-G,"['comedy', 'family', 'fantasy']",tt2535732,5
tm159362,A Haunted House 2,MOVIE,2014,R,"['comedy', 'horror', 'fantasy']",tt2828996,4.6
ts21368,Black Money Love,SHOW,2014,TV-MA,"['action', 'drama', 'romance', 'crime']",tt3565486,7.4
ts2161,Angry Birds Toons,SHOW,2013,TV-Y,"['comedy', 'family', 'fantasy', 'animation', 'action', 'european']",tt3012598,6.2
tm172710,We Steal Secrets: The Story of WikiLeaks,MOVIE,2013,R,['documentation'],tt1824254,6.9
tm157085,Effie Gray,MOVIE,2014,PG-13,"['drama', 'romance']",tt1605798,6
tm174289,Free Birds,MOVIE,2013,PG,"['comedy', 'family', 'scifi', 'animation']",tt1621039,5.8
tm187390,The Square,MOVIE,2013,,"['drama', 'history', 'documentation']",tt2486682,8.1
tm171929,The Short Game,MOVIE,2013,PG,"['documentation', 'sport']",tt2466830,7.3
tm147913,PK,MOVIE,2014,PG-13,"['comedy', 'drama', 'romance', 'fantasy', 'scifi']",tt2338151,8.2
tm170919,Underdogs,MOVIE,2013,PG,"['romance', 'drama', 'documentation', 'sport', 'animation', 'family']",tt4382260,6.5
tm180643,Jinxed,MOVIE,2013,G,"['fantasy', 'comedy', 'family']",tt2934844,6.4
ts34066,Mako Mermaids: An H2O Adventure,SHOW,2013,TV-G,"['scifi', 'action', 'comedy', 'drama', 'family', 'fantasy', 'romance']",tt2548214,6.7
tm152843,Swearnet: The Movie,MOVIE,2014,R,['comedy'],tt2380564,6.1
tm177223,Company of Heroes,MOVIE,2013,R,['drama'],,
tm152273,Tiger & Bunny: The Rising,MOVIE,2014,,"['scifi', 'animation', 'action']",tt4625302,6.8
tm2269,Selfie,MOVIE,2014,,"['comedy', 'documentation', 'drama', 'european']",tt3102208,6
tm138431,Virunga,MOVIE,2014,,"['war', 'documentation']",tt3455224,8.2
tm152904,Tom Segura: Completely Normal,MOVIE,2014,,"['comedy', 'documentation']",tt3500822,7.7
tm35895,Buddies,MOVIE,2013,,"['drama', 'comedy', 'documentation', 'european']",tt1179259,6.6
tm176481,Chennai Express,MOVIE,2013,PG-13,"['romance', 'comedy', 'drama', 'action']",tt2112124,6.1
ts53641,Lalaloopsy,SHOW,2013,TV-Y,['animation'],tt2827502,6.4
ts37187,Senora Acero,SHOW,2014,TV-MA,"['crime', 'drama', 'romance']",tt3904068,6.8
tm199408,Monty Python: The Meaning of Live,MOVIE,2014,,"['comedy', 'documentation']",tt4256544,7.6
ts58137,Pac-Man and the Ghostly Adventures,SHOW,2013,TV-Y7,"['action', 'animation', 'comedy', 'drama', 'family', 'fantasy', 'scifi']",tt2392179,4.8
ts75104,Zbrodnia,SHOW,2014,TV-MA,"['crime', 'action']",tt4173216,6.2
tm144021,LEGO DC Comics Super Heroes: Batman Be-Leaguered,MOVIE,2014,,"['comedy', 'family', 'scifi', 'animation', 'action']",tt4189294,6.5
ts521,Black Ink Crew New York,SHOW,2013,TV-14,['reality'],tt2738096,4.6
ts33840,Nagi-Asu: A Lull in the Sea,SHOW,2013,TV-14,"['scifi', 'animation', 'drama', 'fantasy', 'romance']",tt3104236,7.3
tm168685,The Berlin File,MOVIE,2013,,"['thriller', 'action']",tt2357377,6.6
tm182275,Omar,MOVIE,2013,,"['thriller', 'war', 'crime', 'drama', 'romance']",tt2852406,7.5
ts88394,Moving Art,SHOW,2014,,"['documentation', 'family']",tt6953912,8.6
ts58010,VeggieTales in the House,SHOW,2014,TV-G,"['comedy', 'family', 'music', 'animation']",tt3692064,4.3
tm182969,Dabbe: The Possession,MOVIE,2013,,['horror'],tt3069758,6.8
tm148910,Haider,MOVIE,2014,PG-13,"['drama', 'action', 'crime', 'thriller']",tt3390572,8.1
tm143363,2 States,MOVIE,2014,PG,"['comedy', 'drama', 'romance']",tt2372678,6.9
tm139617,Dragons: Dawn Of The Dragon Racers,MOVIE,2014,,['fantasy'],,
ts83239,Booba,SHOW,2014,,"['comedy', 'family', 'animation']",tt6581428,7
ts16117,20 Minutes,SHOW,2013,TV-MA,"['action', 'drama', 'romance']",tt2544148,7.3
tm158671,A Fairly Odd Summer,MOVIE,2014,G,"['fantasy', 'animation', 'comedy', 'family']",tt3149536,4
tm165504,Blind Detective,MOVIE,2013,,"['crime', 'drama', 'thriller', 'action', 'comedy']",tt2332707,6.4
tm148662,The Boss: Anatomy of a Crime,MOVIE,2014,,"['drama', 'crime']",tt3854234,7.3
ts154625,Dérapages,SHOW,2014,,"['drama', 'thriller']",tt12101170,7.9
ts76743,Dokidoki! PreCure,SHOW,2013,TV-G,"['action', 'animation', 'comedy', 'drama', 'fantasy', 'family']",tt4621212,6.3
tm158980,Khoobsurat,MOVIE,2014,PG,"['comedy', 'romance']",tt3554418,6.5
tm148597,Monty Python: Live (Mostly),MOVIE,2014,R,"['comedy', 'documentation']",tt3872778,7.6
ts57744,Miniforce,SHOW,2014,TV-Y7,['animation'],,
tm145791,Miss Granny,MOVIE,2014,,"['drama', 'comedy', 'fantasy', 'music']",tt3516378,7.2
tm155291,Highway,MOVIE,2014,PG-13,"['drama', 'crime', 'romance']",tt2980794,7.6
tm156811,Queen,MOVIE,2014,PG-13,"['drama', 'comedy']",tt3322420,8.2
tm150033,Expelled from Paradise,MOVIE,2014,,"['scifi', 'animation', 'action']",tt2859246,6.7
ts75833,Masha's Spooky Stories,SHOW,2014,TV-Y,"['animation', 'family']",tt4570676,6.1
tm180802,LEGO Marvel Super Heroes: Maximum Overload,MOVIE,2013,PG,"['action', 'animation']",,
ts3799,All Hail King Julien,SHOW,2014,TV-Y7,"['action', 'comedy', 'family', 'fantasy', 'animation']",tt3807022,7
ts35628,Some Assembly Required,SHOW,2014,TV-G,"['comedy', 'documentation', 'reality']",tt1160042,8.5
ts20781,Incomplete Life,SHOW,2014,TV-14,"['drama', 'comedy']",tt4240730,8.6
tm151210,Jim Gaffigan: Obsessed,MOVIE,2014,,"['comedy', 'documentation']",tt3481550,7.6
tm149578,Mission Blue,MOVIE,2014,PG,"['documentation', 'drama']",tt2004304,7.9
tm182534,From One Second to the Next,MOVIE,2013,,['documentation'],,
tm360904,The Meaning of Monty Python,MOVIE,2013,,['documentation'],,
tm186054,ABCD,MOVIE,2013,PG-13,"['drama', 'music']",tt2321163,6.3
tm235553,Pedal the World,MOVIE,2014,,"['documentation', 'european']",tt6020164,5
tm147518,City of God: 10 Years Later,MOVIE,2013,PG,['documentation'],tt4103686,6.4
tm183706,Birth Reborn,MOVIE,2013,,"['documentation', 'family', 'history']",tt2974412,7.8
tm178513,Bombay Talkies,MOVIE,2013,PG-13,['drama'],tt2797242,6.6
tm182322,Kai Po Che!,MOVIE,2013,,"['drama', 'sport']",tt2213054,7.8
tm236725,My Beautiful Broken Brain,MOVIE,2014,,['documentation'],tt3815136,7.1
tm153055,Mitt,MOVIE,2014,,"['documentation', 'family']",tt3336722,6.9
tm142630,Ragini MMS 2,MOVIE,2014,PG-13,['horror'],tt2609218,3.9
tm185797,Fukrey,MOVIE,2013,PG-13,"['romance', 'comedy', 'drama']",tt2806788,6.9
tm154729,Dedh Ishqiya,MOVIE,2014,R,"['drama', 'romance', 'thriller', 'comedy']",tt2675978,7
tm148457,Hasee Toh Phasee,MOVIE,2014,PG-13,"['comedy', 'romance']",tt3173910,6.8
tm145627,Pizza,MOVIE,2014,,"['horror', 'thriller']",tt3794302,6.2
tm158302,Ankhon Dekhi,MOVIE,2014,,"['drama', 'comedy']",tt3620858,8
tm140334,Sniper: Legacy,MOVIE,2014,R,"['thriller', 'european']",,
ts121189,"Raja, Rasoi Aur Anya Kahaniyaan",SHOW,2014,,"['history', 'documentation']",tt6953924,9
tm186161,Boss,MOVIE,2013,PG-13,"['action', 'comedy', 'crime', 'drama']",tt2763724,5.3
ts34074,"That Winter, the Wind Blows",SHOW,2013,TV-MA,['drama'],tt2806646,7.6
tm209037,Tea Time,MOVIE,2014,,['documentation'],tt4147684,7.6
tm348393,When Love Happens,MOVIE,2014,,['romance'],tt4094916,4.8
tm151927,Mary Kom,MOVIE,2014,PG-13,"['drama', 'sport', 'action']",tt3001638,6.9
ts122290,Dharmakshetra,SHOW,2014,TV-14,['drama'],tt6803712,8.2
tm169669,Four Sisters and a Wedding,MOVIE,2013,,"['drama', 'comedy']",tt3008034,7.2
tm175812,Special 26,MOVIE,2013,,"['thriller', 'crime', 'drama']",tt2377938,8
tm181550,Once Upon a Time in Mumbai Dobaara!,MOVIE,2013,,"['crime', 'drama', 'romance', 'action']",tt5037702,4.6
tm228574,Swearnet Live,MOVIE,2014,,['comedy'],tt3599642,5.4
tm149914,Jim Jefferies: Bare,MOVIE,2014,R,['comedy'],tt3958494,8
tm145216,Dabbe 5: Zehr-i Cin,MOVIE,2014,R,['horror'],tt3886722,6
tm149747,The Perfect Dictatorship,MOVIE,2014,,"['comedy', 'drama']",tt3970854,7.2
tm140911,Imperial Dreams,MOVIE,2014,,['drama'],tt3331028,6.7
tm158692,Liar's Dice,MOVIE,2013,,"['drama', 'crime', 'thriller', 'family']",tt2343621,6.8
tm137379,Silent,MOVIE,2014,,"['animation', 'family', 'action']",,
tm587320,El Mago Pop,MOVIE,2013,,"['reality', 'european']",tt3355166,6.8
tm160034,Humpty Sharma Ki Dulhania,MOVIE,2014,PG,"['drama', 'comedy', 'romance']",tt3678938,6
tm158436,Print the Legend,MOVIE,2014,,"['documentation', 'drama', 'history']",tt3703872,7
tm172027,The Butterfly's Dream,MOVIE,2013,PG-13,"['drama', 'history', 'romance']",tt2882532,7.8
tm146657,Jeff Dunham: All Over the Map,MOVIE,2014,PG-13,['comedy'],tt4209802,7.1
ts82860,Against the Tide,SHOW,2014,TV-14,['drama'],tt7131682,7.6
tm159819,Bride for Rent,MOVIE,2014,,"['comedy', 'romance']",tt3469386,6.4
tm183805,Ghanchakkar,MOVIE,2013,PG,"['thriller', 'crime', 'comedy']",tt2246724,5.8
tm458034,BoJack Horseman Christmas Special,MOVIE,2014,,[],,
tm175954,Aziz Ansari: Buried Alive,MOVIE,2013,,"['comedy', 'documentation']",tt2836450,7.2
tm182227,Marc Maron: Thinky Pain,MOVIE,2013,,['comedy'],tt3004634,7.3
tm159094,Naan Sigappu Manithan,MOVIE,2014,,"['drama', 'thriller', 'action']",tt3569788,6.5
ts36127,Turbo FAST,SHOW,2013,TV-PG,"['animation', 'family', 'comedy', 'sport', 'scifi', 'action']",tt3010520,6.5
tm157609,Born in Gaza,MOVIE,2014,,"['documentation', 'european']",tt4205416,7.4
tm179328,Romantik Komedi 2: Bekarlığa Veda,MOVIE,2013,,"['romance', 'comedy']",tt2645104,5.1
tm151860,Free to Play,MOVIE,2014,,"['documentation', 'action']",tt3203290,7.9
tm139922,"The Other One: The Long, Strange Trip of Bob Weir",MOVIE,2014,,"['music', 'documentation']",tt3692768,7.3
tm184511,Inkaar,MOVIE,2013,R,"['drama', 'romance', 'thriller']",tt2094854,6.2
ts67797,Sammy & Co,SHOW,2014,TV-PG,"['animation', 'european']",tt2580128,5.6
tm157461,Coming Soon,MOVIE,2014,PG,"['drama', 'comedy', 'romance']",tt3698408,7.5
tm178992,The Midas Touch,MOVIE,2013,,['comedy'],tt3173512,5
tm144541,Refugiado,MOVIE,2014,R,"['drama', 'thriller', 'european']",tt3717390,6.4
tm215339,Ralphie May: Imperfectly Yours,MOVIE,2013,,"['comedy', 'documentation']",tt3219820,5.4
tm177645,Wedding Association,MOVIE,2013,PG-13,['comedy'],tt3726104,7.1
tm200926,Heritages,MOVIE,2014,,"['drama', 'european']",tt3461524,7.3
tm181092,Race 2,MOVIE,2013,,"['thriller', 'crime', 'action']",tt1375789,5.3
tm183002,Madras Cafe,MOVIE,2013,PG-13,"['thriller', 'action', 'drama']",tt2855648,7.7
tm144557,Deliha,MOVIE,2014,PG-13,"['comedy', 'family', 'romance']",tt4470892,4.5
tm205684,Confusion Na Wa,MOVIE,2013,,"['crime', 'comedy', 'drama']",tt3012648,7
tm167107,Saheb Biwi Aur Gangster Returns,MOVIE,2013,,"['drama', 'thriller', 'action', 'crime']",tt2362778,6.7
tm143299,Ungli,MOVIE,2014,PG-13,"['comedy', 'drama', 'thriller', 'crime']",tt2392447,5.8
tm175753,Chashme Baddoor,MOVIE,2013,,"['comedy', 'drama']",tt2229848,5.4
tm185736,SampleThis,MOVIE,2013,,"['documentation', 'music']",tt2407418,6.4
tm460055,The War Against Women,MOVIE,2013,,"['documentation', 'war']",tt3856034,7.3
tm182580,Ghadi,MOVIE,2013,PG-13,"['drama', 'comedy', 'family']",tt3190580,7.3
tm157681,Eyes of a Thief,MOVIE,2014,,['drama'],tt2993406,6.6
tm197423,Oct-01,MOVIE,2014,PG-13,['thriller'],tt3206616,6.4
tm162259,Mars at Sunrise,MOVIE,2014,,['drama'],tt2714424,7.8
tm167342,Satyagraha,MOVIE,2013,PG,"['drama', 'documentation']",tt2275802,5.9
tm169054,Bhaji in Problem,MOVIE,2013,,"['romance', 'comedy']",tt2879770,7.3
tm169294,Pagpag: Nine Lives,MOVIE,2013,,['horror'],tt2996950,5.5
tm178234,Blind Intersections,MOVIE,2013,,['drama'],tt1918638,6.7
tm132675,100 Things to Do Before High School,MOVIE,2014,,[],,
tm155014,Trailer Park Boys: Live at the North Pole,MOVIE,2014,,['comedy'],tt3596200,6.7
tm188290,Must Be... Love,MOVIE,2013,,"['romance', 'comedy']",tt2769454,6.4
tm187505,She's The One,MOVIE,2013,,"['romance', 'comedy', 'drama']",tt3264438,6.3
tm155051,Trailer Park Boys - Live in F**kin' Dublin,MOVIE,2014,,['comedy'],tt3580052,6.2
tm183654,SDU: Sex Duties Unit,MOVIE,2013,,['comedy'],tt3044248,5.9
tm176900,Theeya Velai Seiyyanum Kumaru,MOVIE,2013,,"['comedy', 'drama', 'romance']",tt2187085,5.1
tm179248,Settai,MOVIE,2013,,"['crime', 'comedy', 'action']",tt2677816,4.5
tm158546,Raja Natwarlal,MOVIE,2014,PG,"['thriller', 'crime']",tt3483712,6.1
tm250364,Chhota Bheem in the Incan Adventure,MOVIE,2013,G,"['animation', 'fantasy']",tt4171600,7.4
tm157062,Anjaan,MOVIE,2014,,"['thriller', 'crime', 'action']",tt6925136,5.3
tm144451,Cold Harbour,MOVIE,2014,,"['thriller', 'action', 'crime']",tt3922888,5.2
tm171891,Himmatwala,MOVIE,2013,,"['drama', 'comedy', 'action']",tt2802286,1.7
tm242276,Na Bangaaru Talli,MOVIE,2014,,"['drama', 'family', 'thriller', 'crime']",tt2404605,7.2
tm187118,What the Fish,MOVIE,2013,PG-13,"['drama', 'comedy']",tt3357416,5.2
tm202914,My Own Man,MOVIE,2014,,"['drama', 'comedy', 'family', 'documentation']",tt3812618,6.4
tm159296,One by Two,MOVIE,2014,,"['romance', 'comedy', 'drama']",tt2951576,3.9
tm186408,The Land of Cards,MOVIE,2013,,['fantasy'],tt2261700,5.6
tm156397,Starting Over Again,MOVIE,2014,,"['romance', 'comedy', 'drama', 'documentation', 'european']",tt5108234,8.3
tm166723,It Takes a Man and a Woman,MOVIE,2013,,"['comedy', 'drama', 'romance']",tt2816740,6.7
tm155507,Chelsea Handler: Uganda Be Kidding Me Live,MOVIE,2014,,['comedy'],tt4079776,5.8
tm159701,Wyatt Cenac: Brooklyn,MOVIE,2014,,['comedy'],tt4286560,6.3
tm163066,Xenos,MOVIE,2013,,['documentation'],tt3289618,7.8
tm323262,Seven Souls in the Skull Castle,MOVIE,2013,,"['drama', 'action', 'romance']",tt15133818,7.3
ts20238,Boss & Me,SHOW,2014,TV-PG,"['comedy', 'romance']",tt6186406,7.3
tm149541,D.L. Hughley: Clear,MOVIE,2014,,['comedy'],tt3589494,6.9
tm181051,Giraffada,MOVIE,2014,,"['drama', 'european']",tt3132086,6.3
tm146144,Bobby Jasoos,MOVIE,2014,,"['drama', 'comedy', 'thriller']",tt3359290,5.5
tm681614,Grandmother's Farm,MOVIE,2013,,"['comedy', 'horror']",tt10033686,2.9
tm147908,Anaamika,MOVIE,2014,PG,['thriller'],tt2939898,5.5
tm150962,Mumbai Delhi Mumbai,MOVIE,2014,PG,"['comedy', 'romance']",tt4045666,5.7
tm1194608,Motu Patlu: Deep Sea Adventure,MOVIE,2014,,"['comedy', 'action', 'family']",,
tm577690,A Place in the Stars,MOVIE,2014,,"['drama', 'thriller']",tt3884826,6.2
tm136036,That Thing Called Tadhana,MOVIE,2014,,"['romance', 'comedy', 'drama']",tt4170532,7.4
tm177224,Gori Tere Pyaar Mein,MOVIE,2013,,"['romance', 'comedy', 'drama']",tt2275794,4.9
tm1036195,Condom Lead,MOVIE,2013,,['drama'],,
tm142852,She's Dating the Gangster,MOVIE,2014,,"['romance', 'comedy', 'drama']",tt3772640,7
tm180738,Deewana Main Deewana,MOVIE,2013,,"['thriller', 'comedy', 'drama', 'romance']",tt2361022,2.6
ts271005,幸福料理,SHOW,2014,TV-14,[],,
ts32752,Two Fathers,SHOW,2013,TV-14,"['comedy', 'drama']",tt6707142,8
tm188108,Sommore: Chandelier Status,MOVIE,2013,,['comedy'],tt3012832,6.6
tm147405,E-Team,MOVIE,2014,,"['documentation', 'war']",tt3458282,7.1
ts144527,World at Your Feet,SHOW,2014,TV-14,['drama'],tt4544590,
tm157286,The Royal Bengal Tiger,MOVIE,2014,,['thriller'],tt3479858,6.9
tm250247,Chhota Bheem & Krishna vs Zimbara,MOVIE,2013,G,['animation'],tt6417984,8.6
tm157783,Gollu Aur Pappu,MOVIE,2014,G,['comedy'],tt4219300,3.8
ts107543,Mystic Whispers,SHOW,2014,TV-14,"['comedy', 'romance']",tt8834748,6.9
tm177376,Todd Glass Talks About Stuff,MOVIE,2013,,['comedy'],,
tm145658,The Amazing Praybeyt Benjamin,MOVIE,2014,,"['drama', 'action', 'comedy', 'fantasy', 'romance']",tt3828220,4
tm610571,Diamonds in the Sky,MOVIE,2014,,['drama'],tt2338287,7.4
tm528044,Chhota Bheem Neeli Pahaadi,MOVIE,2013,G,['animation'],tt6442694,8.5
tm176553,Doctor Bello,MOVIE,2013,,"['drama', 'action']",tt2723358,4.8
tm175364,Chhota Bheem Aur Hanuman,MOVIE,2013,G,"['fantasy', 'animation']",tt6417854,7.1
tm529733,Chhota Bheem and the ShiNobi Secret,MOVIE,2013,G,['animation'],tt6417830,8.6
tm138280,Sigaram Thodu,MOVIE,2014,,"['action', 'thriller']",tt3949626,6.1
ts261583,Ojo's in d' House,SHOW,2013,,['comedy'],tt12960266,6.1
tm175577,Flower Girl,MOVIE,2013,,"['romance', 'comedy']",tt2662230,6
tm481846,Chhota Bheem Dus pe Dus,MOVIE,2014,G,['animation'],tt6417940,5.1
tm528043,Chhota Bheem the Crown of Valhalla,MOVIE,2013,,['animation'],tt6442766,8.1
ts8,Better Call Saul,SHOW,2015,TV-MA,"['comedy', 'drama', 'crime']",tt3032476,8.8
ts36577,The Last Kingdom,SHOW,2015,TV-MA,"['action', 'war', 'drama', 'history', 'european']",tt4179452,8.5
ts38796,Stranger Things,SHOW,2016,TV-14,"['scifi', 'drama', 'fantasy', 'horror', 'thriller']",tt4575572,8.7
ts21867,Schitt's Creek,SHOW,2015,TV-14,['comedy'],tt3526078,8.5
ts37143,Alone,SHOW,2015,TV-MA,"['reality', 'documentation']",tt4803766,8.4
ts35251,Grace and Frankie,SHOW,2015,TV-MA,"['comedy', 'drama']",tt3609352,8.2
ts41766,The Good Place,SHOW,2016,TV-14,"['scifi', 'comedy', 'romance', 'drama', 'fantasy']",tt4955642,8.2
ts36885,Ash vs Evil Dead,SHOW,2015,TV-MA,"['action', 'scifi', 'comedy', 'horror', 'fantasy', 'thriller']",tt4189022,8.4
ts37539,One-Punch Man,SHOW,2015,TV-PG,"['action', 'fantasy', 'scifi', 'animation', 'comedy']",tt4508902,8.7
ts37490,Chicago Med,SHOW,2015,TV-14,['drama'],tt4655480,7.6
ts41961,Queen of the South,SHOW,2016,TV-MA,"['drama', 'thriller', 'action', 'crime']",tt1064899,7.9
ts42069,The Crown,SHOW,2016,TV-MA,"['drama', 'history', 'european']",tt4786824,8.7
ts37866,Call My Agent!,SHOW,2015,TV-MA,"['comedy', 'drama', 'european']",tt4277922,8.3
tm232579,Hunt for the Wilderpeople,MOVIE,2016,PG-13,"['comedy', 'drama', 'action']",tt4698684,7.8
tm243100,Hell or High Water,MOVIE,2016,R,"['western', 'thriller', 'action', 'crime', 'drama']",tt2582782,7.6
ts38304,Servant of the People,SHOW,2015,TV-MA,['comedy'],tt6235122,7.3
ts36952,Documentary Now!,SHOW,2015,TV-14,['comedy'],tt4677934,8.1
tm150928,It Follows,MOVIE,2015,R,"['horror', 'thriller']",tt3235888,6.8
ts35793,Forged in Fire,SHOW,2015,TV-PG,['reality'],tt4680444,8.3
ts39007,Van Helsing,SHOW,2016,TV-14,"['scifi', 'fantasy', 'horror', 'action', 'drama']",tt5197820,6.1
ts35201,Food Wars! Shokugeki no Soma,SHOW,2015,TV-MA,"['animation', 'comedy', 'drama', 'fantasy', 'thriller']",tt0417325,8.2
ts36147,Lucifer,SHOW,2016,TV-14,"['scifi', 'crime', 'drama', 'fantasy']",tt4052886,8.1
ts36550,DC's Legends of Tomorrow,SHOW,2016,TV-14,"['scifi', 'action', 'drama']",tt4532368,6.8
tm242705,Raw,MOVIE,2016,R,"['horror', 'drama', 'fantasy', 'european']",tt4954522,7
tm120108,Kung Fu Panda 3,MOVIE,2016,PG,"['comedy', 'animation', 'action', 'family', 'fantasy', 'drama']",tt2267968,7.1
tm206698,Ouija: Origin of Evil,MOVIE,2016,PG-13,"['thriller', 'horror', 'drama']",tt4361050,5.3
ts38199,The Magicians,SHOW,2015,TV-14,"['drama', 'scifi', 'fantasy']",tt4254242,7.6
tm239727,Nocturnal Animals,MOVIE,2016,R,"['drama', 'thriller']",tt4551306,7.5
tm199607,The Gift,MOVIE,2015,R,"['thriller', 'drama', 'documentation']",tt4178092,7.1
ts53051,The OA,SHOW,2016,TV-MA,"['scifi', 'drama', 'fantasy']",tt4635282,7.9
ts47714,Kim's Convenience,SHOW,2016,TV-14,['comedy'],tt5912064,8.3
ts21869,Sense8,SHOW,2015,TV-MA,"['scifi', 'thriller', 'drama']",tt2431438,8.2
tm204163,War Dogs,MOVIE,2016,R,"['crime', 'drama', 'comedy', 'war']",tt2005151,7.1
tm135307,Blackhat,MOVIE,2015,R,"['thriller', 'action', 'crime']",tt2717822,5.4
ts42170,Crashing,SHOW,2016,TV-MA,"['comedy', 'european']",tt5295524,7.7
ts70529,Norsemen,SHOW,2016,TV-MA,"['comedy', 'drama']",tt5905354,7.7
tm138905,The Hateful Eight,MOVIE,2015,R,"['western', 'crime', 'drama', 'thriller']",tt3460252,7.8
tm137693,Crimson Peak,MOVIE,2015,R,"['thriller', 'drama', 'horror', 'romance', 'fantasy']",tt2554274,6.5
ts18010,Bloodline,SHOW,2015,TV-MA,"['drama', 'thriller']",tt0219432,7.9
ts38718,Slasher,SHOW,2016,TV-MA,"['drama', 'horror', 'thriller', 'crime']",tt13976072,6.7
tm136465,Tangerine,MOVIE,2015,R,"['comedy', 'drama', 'crime']",tt3824458,7.1
ts42120,Travelers,SHOW,2016,TV-MA,"['scifi', 'drama', 'thriller', 'crime']",tt5651844,8
tm195209,Legend,MOVIE,2015,R,"['thriller', 'crime', 'drama', 'european']",tt3569230,6.9
ts36631,Narcos,SHOW,2015,TV-MA,"['drama', 'thriller', 'crime']",tt2707408,8.8
ts42062,Miraculous: Tales of Ladybug & Cat Noir,SHOW,2015,TV-Y7,"['family', 'fantasy', 'romance', 'animation', 'action']",tt2580046,7.7
ts41956,Designated Survivor,SHOW,2016,TV-PG,"['war', 'action', 'drama', 'thriller']",tt5296406,7.5
ts52922,Leah Remini: Scientology and the Aftermath,SHOW,2016,TV-14,"['documentation', 'history']",tt6244192,9
ts36015,Into the Badlands,SHOW,2015,TV-14,"['action', 'drama']",tt3865236,7.9
ts21981,iZombie,SHOW,2015,TV-14,"['scifi', 'comedy', 'crime', 'drama', 'horror']",tt3501584,7.8
ts38710,Wynonna Earp,SHOW,2016,TV-14,"['action', 'scifi', 'western', 'drama', 'fantasy', 'thriller']",tt4878326,7.3
tm120609,"Hail, Caesar!",MOVIE,2016,PG-13,"['drama', 'comedy', 'music']",tt0475290,6.3
ts35253,Dark Matter,SHOW,2015,TV-14,"['scifi', 'drama', 'thriller', 'action']",tt3116070,7.5
ts35554,Scream: The TV Series,SHOW,2015,TV-14,"['crime', 'horror', 'thriller', 'comedy', 'drama']",tt3921180,7.1
ts38090,Versailles,SHOW,2015,TV-MA,"['drama', 'history', 'romance', 'war', 'documentation', 'comedy', 'european']",tt3830558,7.9
tm233377,The Edge of Seventeen,MOVIE,2016,R,"['comedy', 'drama']",tt1878870,7.3
ts42014,60 Days In,SHOW,2016,TV-14,['reality'],tt10112398,7.6
tm193769,Steve Jobs,MOVIE,2015,R,['drama'],tt3565344,7.2
ts35563,Supergirl,SHOW,2015,TV-14,"['scifi', 'drama', 'action']",tt4016454,6.2
ts36129,Crazy Ex-Girlfriend,SHOW,2015,TV-14,['comedy'],tt4094300,7.8
tm233425,A Silent Voice: The Movie,MOVIE,2016,PG-13,"['romance', 'animation', 'drama', 'family']",tt5323662,8.1
ts42077,Medici: Masters of Florence,SHOW,2016,TV-14,"['war', 'drama', 'history', 'romance', 'thriller', 'european']",tt5057130,7.9
ts42687,PJ Masks,SHOW,2015,TV-G,"['animation', 'family', 'fantasy', 'scifi', 'action', 'european']",tt4148744,5.4
ts38734,Marcella,SHOW,2016,TV-MA,"['crime', 'drama', 'european']",tt5269594,7.4
tm143984,London Has Fallen,MOVIE,2016,R,"['thriller', 'crime', 'drama', 'action']",tt3300542,5.9
tm212927,Mr. Right,MOVIE,2016,R,"['comedy', 'romance', 'action']",tt2091935,6.3
ts53099,Bordertown,SHOW,2016,TV-MA,"['drama', 'crime', 'european']",tt4937942,7.6
ts53664,Fauda,SHOW,2015,TV-MA,"['war', 'thriller', 'action', 'drama']",tt4565380,8.3
tm143085,Chappie,MOVIE,2015,R,"['scifi', 'drama', 'thriller', 'action', 'crime']",tt1823672,6.8
tm209987,Christine,MOVIE,2016,R,['drama'],tt4666726,6.9
ts42022,El marginal,SHOW,2016,TV-MA,"['crime', 'drama', 'action', 'thriller']",tt5820976,8.2
ts38415,Frontier,SHOW,2016,TV-MA,"['action', 'drama', 'history']",tt4686698,7.1
tm137002,Bāhubali: The Beginning,MOVIE,2015,PG-13,"['drama', 'action', 'fantasy']",tt2631186,8
ts43209,The Cuba Libre Story,SHOW,2015,TV-14,"['documentation', 'history', 'european']",tt5319838,7.6
tm239676,Hush,MOVIE,2016,R,"['horror', 'thriller']",tt5022702,6.6
ts42169,ERASED,SHOW,2016,TV-14,"['drama', 'animation', 'fantasy', 'scifi', 'thriller']",tt5249462,8.5
ts41289,Flowers,SHOW,2016,TV-14,"['drama', 'comedy', 'european']",tt5619658,8.1
tm138297,The Conjuring 2,MOVIE,2016,R,"['thriller', 'horror', 'drama']",tt3065204,7.3
ts38511,Love,SHOW,2016,TV-MA,"['drama', 'comedy', 'romance']",tt4061080,7.7
tm245271,Gantz:O,MOVIE,2016,NC-17,"['animation', 'scifi', 'action', 'drama', 'fantasy', 'thriller', 'horror']",tt5923962,7.1
tm134791,Unfriended,MOVIE,2015,R,"['thriller', 'horror', 'drama']",tt3901018,5.5
ts21986,Good Witch,SHOW,2015,TV-G,"['scifi', 'comedy', 'drama', 'fantasy']",tt3906732,7.2
ts41149,The Ranch,SHOW,2016,TV-MA,"['comedy', 'drama', 'western']",tt4998212,7.4
ts52829,Paranoid,SHOW,2016,,"['crime', 'thriller', 'drama', 'european']",tt5839454,6.7
tm135106,In a Valley of Violence,MOVIE,2016,R,"['thriller', 'western', 'drama', 'crime', 'action']",tt3608930,6
ts35775,Wet Hot American Summer: First Day of Camp,SHOW,2015,TV-MA,['comedy'],tt4341672,7.4
ts41975,Shooter,SHOW,2016,TV-14,"['war', 'drama', 'action']",tt4181172,7.5
tm196125,"Hello, My Name Is Doris",MOVIE,2015,R,"['romance', 'comedy', 'drama']",tt3766394,6.6
ts41490,Hap and Leonard,SHOW,2016,TV-MA,"['action', 'drama', 'crime', 'thriller']",tt3729898,7.6
ts36177,Glitch,SHOW,2015,TV-MA,"['scifi', 'drama', 'horror', 'thriller']",tt4192782,7.3
ts37464,Occupied,SHOW,2015,TV-MA,"['war', 'thriller', 'drama']",tt4192998,7.7
tm196296,A Monster Calls,MOVIE,2016,PG-13,"['fantasy', 'drama', 'thriller', 'animation', 'family', 'european']",tt3416532,7.5
ts37971,Master of None,SHOW,2015,TV-MA,"['drama', 'comedy']",tt4635276,8.3
ts21885,Unbreakable Kimmy Schmidt,SHOW,2015,TV-14,"['comedy', 'drama']",tt3339966,7.6
tm233214,Under the Shadow,MOVIE,2016,PG-13,"['thriller', 'horror', 'war', 'drama', 'fantasy']",tt4273292,6.8
ts38783,Secret City,SHOW,2016,TV-MA,"['war', 'thriller']",tt4976512,7.4
tm219233,Loving,MOVIE,2016,PG-13,"['drama', 'romance']",tt4669986,7
ts36983,Fuller House,SHOW,2016,TV-Y7,"['comedy', 'family']",tt3986586,6.7
ts41963,Easy,SHOW,2016,TV-MA,"['drama', 'comedy']",tt5562056,6.9
ts52838,3%,SHOW,2016,TV-MA,"['scifi', 'action', 'drama', 'thriller']",tt4922804,7.3
ts38204,Making a Murderer,SHOW,2015,TV-14,"['crime', 'documentation']",tt5189670,8.6
tm199700,The Danish Girl,MOVIE,2015,R,"['drama', 'romance', 'european']",tt0810819,7.1
tm200126,He Never Died,MOVIE,2015,R,"['horror', 'fantasy', 'drama', 'thriller', 'comedy']",tt3823012,6.4
tm132273,Home,MOVIE,2015,PG,"['fantasy', 'scifi', 'comedy', 'family', 'animation']",tt2224026,6.6
ts36046,BUNK'D,SHOW,2015,TV-G,"['comedy', 'family', 'drama']",tt4591680,5.3
ts36545,Quantico,SHOW,2015,TV-14,"['drama', 'thriller', 'crime']",tt4428122,6.6
tm139532,Before I Wake,MOVIE,2016,PG-13,"['drama', 'fantasy', 'horror', 'thriller']",tt3176922,6.2
ts36856,F is for Family,SHOW,2015,TV-MA,"['comedy', 'animation', 'drama']",tt4326894,8
tm219248,The Fundamentals of Caring,MOVIE,2016,R,"['drama', 'comedy']",tt2452386,7.3
tm220594,Winter on Fire: Ukraine's Fight for Freedom,MOVIE,2015,,['documentation'],tt4908644,8.3
ts35362,Locked Up,SHOW,2015,TV-MA,"['drama', 'thriller', 'action', 'comedy', 'european']",tt4524056,8.2
tm239743,Batman: The Killing Joke,MOVIE,2016,R,"['drama', 'crime', 'thriller', 'animation', 'action']",tt4853102,6.4
tm138614,Cop Car,MOVIE,2015,R,"['thriller', 'crime']",tt4209984,6.3
tm205890,Bastille Day,MOVIE,2016,R,"['action', 'drama', 'thriller', 'crime']",tt4649162,6.3
tm139841,Sinister 2,MOVIE,2015,R,"['horror', 'thriller']",tt2752772,5.3
tm233521,Other People,MOVIE,2016,,"['comedy', 'drama']",tt4158876,6.8
ts35354,Zoo,SHOW,2015,TV-14,"['drama', 'thriller', 'scifi']",tt3250026,6.6
tm244788,13th,MOVIE,2016,,"['documentation', 'history', 'crime']",tt5895028,8.2
tm208622,American Ultra,MOVIE,2015,R,"['comedy', 'action', 'scifi']",tt3316948,6.1
ts38758,Ajin,SHOW,2016,TV-MA,"['action', 'animation', 'drama', 'fantasy', 'thriller', 'horror', 'scifi']",tt5537534,7.6
tm204035,Spectral,MOVIE,2016,PG-13,"['scifi', 'action', 'thriller']",tt2106651,6.3
ts41913,Frequency,SHOW,2016,TV-14,"['scifi', 'fantasy', 'thriller', 'drama']",tt5531470,7.5
tm134516,"Crouching Tiger, Hidden Dragon: Sword of Destiny",MOVIE,2016,PG-13,"['drama', 'fantasy', 'action']",tt2652118,6.1
ts42655,Wanted,SHOW,2016,TV-14,"['drama', 'action', 'crime']",tt5193358,7.6
ts3844,Aquarius,SHOW,2015,TV-14,"['drama', 'crime', 'thriller', 'european']",tt4744218,7.1
ts53287,Roman Empire,SHOW,2016,TV-14,"['drama', 'history', 'war', 'documentation']",tt6233538,7
tm136321,Advantageous,MOVIE,2015,,"['scifi', 'drama', 'family']",tt4209960,6.2
tm233465,The Bye Bye Man,MOVIE,2016,PG-13,"['thriller', 'fantasy', 'horror', 'drama']",tt4032232,4.3
ts42156,Degrassi: Next Class,SHOW,2016,TV-PG,"['drama', 'romance']",tt10947610,6.8
tm136257,Beasts of No Nation,MOVIE,2015,R,"['war', 'drama']",tt1365050,7.7
ts41906,The Disastrous Life of Saiki K.,SHOW,2016,TV-14,"['scifi', 'comedy', 'animation', 'fantasy']",tt6354518,8.4
ts38116,Mobile Suit Gundam: Iron-Blooded Orphans,SHOW,2015,TV-MA,"['scifi', 'war', 'action', 'drama', 'animation']",tt5344382,7.9
tm140843,Self/less,MOVIE,2015,PG-13,"['scifi', 'thriller', 'action', 'drama']",tt2157712,6.5
tm238722,Collateral Beauty,MOVIE,2016,PG-13,"['drama', 'romance']",tt4682786,6.7
ts35256,Chef's Table,SHOW,2015,TV-MA,['documentation'],tt4295140,8.5
ts53249,Trollhunters: Tales of Arcadia,SHOW,2016,TV-Y7,"['action', 'scifi', 'fantasy', 'animation', 'comedy', 'drama', 'family']",tt1734135,8.4
tm239683,Team Foxcatcher,MOVIE,2016,,"['documentation', 'crime', 'history', 'sport']",tt5598216,7.3
tm147082,"What Happened, Miss Simone?",MOVIE,2015,,"['music', 'documentation']",tt5108670,7.6
ts42043,March Comes in Like a Lion,SHOW,2016,TV-PG,"['drama', 'animation', 'comedy', 'romance']",tt6074794,8.4
tm206512,Circle,MOVIE,2015,,"['scifi', 'thriller', 'horror', 'drama', 'european']",tt4473464,6
tm200690,The Forest,MOVIE,2016,R,"['thriller', 'scifi', 'drama', 'fantasy', 'horror']",tt3387542,4.8
tm155102,Demonic,MOVIE,2015,R,"['thriller', 'horror']",tt1841642,5.3
tm205812,The Siege of Jadotville,MOVIE,2016,,"['thriller', 'war', 'drama', 'action', 'history', 'european']",tt3922798,7.2
ts35577,God Eater,SHOW,2015,TV-14,"['scifi', 'animation', 'action']",tt5240222,7
tm235405,Hyena Road,MOVIE,2015,R,"['thriller', 'action', 'drama', 'war']",tt4034452,6.5
tm245378,Barry,MOVIE,2016,,['drama'],tt5477566,5.9
ts52830,Gilmore Girls: A Year in the Life,SHOW,2016,TV-14,"['comedy', 'drama']",tt5435008,7.6
tm225308,Into the Inferno,MOVIE,2016,,['documentation'],tt4846318,7.2
tm230551,Ip Man 3,MOVIE,2015,PG-13,"['drama', 'action', 'history']",tt2888046,7
ts38731,Rebellion,SHOW,2016,TV-14,"['war', 'drama', 'history', 'european']",tt4699982,7.1
ts42127,The Windsors,SHOW,2016,TV-MA,['comedy'],tt5692740,7.1
tm138672,Frank & Lola,MOVIE,2016,,"['drama', 'romance', 'thriller', 'crime']",tt1290138,5.9
ts41948,Hip Hop Evolution,SHOW,2016,TV-MA,"['documentation', 'music']",tt6319696,8.4
ts38809,The Get Down,SHOW,2016,TV-MA,"['drama', 'music']",tt4592410,8.2
tm253083,Blue Jay,MOVIE,2016,,"['romance', 'drama']",tt5912454,7.3
tm316731,Bert Kreischer: The Machine,MOVIE,2016,,['comedy'],tt6545220,7.6
tm244403,ARQ,MOVIE,2016,R,"['scifi', 'thriller', 'action']",tt5640450,6.3
ts79799,Dragons: Race to the Edge,SHOW,2015,TV-Y7,"['animation', 'action', 'scifi', 'family', 'comedy', 'drama', 'fantasy']",tt4816058,8.2
tm139194,Ratchet & Clank,MOVIE,2016,PG,"['action', 'animation', 'comedy', 'family', 'scifi', 'fantasy']",tt2870834,5.5
tm245671,Dangal,MOVIE,2016,PG,"['action', 'drama', 'sport']",tt5074352,8.4
tm235227,Bill Hicks: Reflections,MOVIE,2015,,['documentation'],,
tm233317,Pee-wee's Big Holiday,MOVIE,2016,PG,"['comedy', 'family']",tt0837156,6.1
tm239733,Headshot,MOVIE,2016,,"['thriller', 'action', 'drama']",tt5147214,6.3
ts38568,Flaked,SHOW,2016,TV-MA,"['drama', 'romance', 'comedy']",tt4973548,7.2
ts37944,A Very Secret Service,SHOW,2015,TV-MA,"['comedy', 'european']",tt4367560,7.7
ts42137,Voltron: Legendary Defender,SHOW,2016,TV-Y7,"['action', 'scifi', 'animation', 'comedy', 'drama', 'family', 'fantasy']",tt5580664,8.1
ts35987,Transformers: Robots In Disguise,SHOW,2015,TV-Y7,"['scifi', 'animation', 'action', 'comedy']",tt3604232,6
tm123789,The Young Messiah,MOVIE,2016,PG-13,"['drama', 'fantasy']",tt1002563,5.6
ts53155,Crazyhead,SHOW,2016,,"['comedy', 'horror', 'scifi', 'european']",tt6038584,7.2
ts38770,Lady Dynamite,SHOW,2016,TV-MA,"['comedy', 'drama']",tt4789300,7.3
ts42038,No Tomorrow,SHOW,2016,TV-14,"['comedy', 'drama', 'romance', 'thriller']",tt1527428,7.3
tm244381,Marauders,MOVIE,2016,R,"['thriller', 'action', 'crime']",tt3963816,5.5
tm233533,White Girl,MOVIE,2016,,"['drama', 'horror', 'crime']",tt4134536,5.7
ts42119,Greenleaf,SHOW,2016,TV-MA,['drama'],tt4971144,7.3
ts76079,Grizzy & the Lemmings,SHOW,2016,TV-Y7,"['comedy', 'animation', 'family', 'european']",tt6717058,7.1
tm166321,Our Brand Is Crisis,MOVIE,2015,R,"['comedy', 'drama']",tt1018765,6.1
tm214825,The Ridiculous 6,MOVIE,2015,PG-13,"['western', 'action', 'comedy']",tt2479478,4.8
tm238661,Special Correspondents,MOVIE,2016,PG-13,['comedy'],tt4181052,5.8
tm142881,Jem and the Holograms,MOVIE,2015,PG,"['fantasy', 'drama', 'family', 'music', 'romance', 'scifi']",tt3614814,4.1
tm243121,Mascots,MOVIE,2016,,['comedy'],tt4936176,5.8
tm270504,Mindhorn,MOVIE,2016,R,"['comedy', 'thriller']",tt4799064,6.3
tm239707,The Do-Over,MOVIE,2016,PG-13,"['action', 'comedy']",tt4769836,5.7
tm242736,Bo Burnham: Make Happy,MOVIE,2016,,"['comedy', 'music', 'documentation']",tt5777636,8.4
tm267948,7 Years,MOVIE,2016,,"['drama', 'european']",tt5517438,6.7
ts41995,Zumbo's Just Desserts,SHOW,2016,TV-14,['reality'],tt7239256,6.9
ts76956,The Letdown,SHOW,2016,,['comedy'],tt7320300,7.5
ts54028,Case,SHOW,2015,,"['crime', 'drama', 'thriller']",tt7875988,7
tm208903,For the Love of Spock,MOVIE,2016,,['documentation'],tt4572820,7.6
tm136061,Suffragette,MOVIE,2015,PG-13,"['drama', 'history']",tt3077214,6.9
tm201222,The Girl King,MOVIE,2015,,"['drama', 'european', 'history', 'romance']",tt1254322,5.8
tm215638,Boyka: Undisputed IV,MOVIE,2016,R,"['drama', 'european']",,
tm205437,Dream/Killer,MOVIE,2015,,"['crime', 'documentation']",tt4504438,7.4
ts78325,Sinatra: All or Nothing at All,SHOW,2015,TV-14,"['documentation', 'music']",tt3838978,8
tm247642,Amanda Knox,MOVIE,2016,,"['crime', 'documentation', 'european']",tt5952332,6.9
tm219276,Tallulah,MOVIE,2016,,"['drama', 'romance', 'comedy']",tt1639084,6.7
tm135543,By the Sea,MOVIE,2015,R,"['drama', 'european', 'romance']",tt3707106,5.3
tm233544,Marco Polo: One Hundred Eyes,MOVIE,2015,,"['action', 'history', 'drama']",tt5248968,7.8
ts11670,The Adventures of Puss in Boots,SHOW,2015,TV-Y7,"['family', 'animation', 'comedy', 'fantasy', 'western', 'action']",tt3807034,6.6
ts42090,Last Chance U,SHOW,2016,TV-MA,"['documentation', 'sport']",tt5863126,8.4
ts86021,Molang,SHOW,2015,TV-G,"['animation', 'comedy', 'family', 'european']",tt6046238,8.4
ts42257,Signal,SHOW,2016,TV-MA,"['crime', 'scifi', 'thriller', 'drama', 'fantasy']",tt5332206,8.6
ts35406,Between,SHOW,2015,TV-14,"['scifi', 'drama', 'thriller']",tt4531748,6
ts128895,Midnight Diner: Tokyo Stories,SHOW,2016,TV-14,['drama'],tt6150576,8.4
tm245724,Ares,MOVIE,2016,,"['scifi', 'thriller', 'drama', 'european']",tt4216902,6.2
tm138792,Results,MOVIE,2015,R,"['comedy', 'romance']",tt3824412,5.4
tm244880,I Am the Pretty Thing That Lives in the House,MOVIE,2016,,"['thriller', 'drama', 'horror']",tt5059406,4.6
ts37660,Reply 1988,SHOW,2015,TV-14,"['comedy', 'drama', 'family', 'romance']",tt5182866,9.2
ts119087,Sunny Bunnies,SHOW,2015,TV-Y,"['animation', 'family']",tt7264084,6.6
ts41258,Cinderella and Four Knights,SHOW,2016,TV-PG,"['comedy', 'drama', 'romance']",tt5764414,7.5
tm308241,Legends of the Hidden Temple,MOVIE,2016,PG,['family'],tt5333842,5.7
ts81483,Simon,SHOW,2016,TV-Y,"['animation', 'comedy', 'family']",tt7699866,7
tm221225,David Brent: Life on the Road,MOVIE,2016,,"['comedy', 'music', 'action']",tt6852304,6.3
ts37896,Conspiracy,SHOW,2015,TV-14,"['documentation', 'history', 'european']",tt4761054,6.2
ts52943,The Sound of Your Heart,SHOW,2016,,"['drama', 'comedy']",tt4613520,8.2
ts21979,Spotless,SHOW,2015,TV-MA,"['drama', 'comedy', 'crime', 'european']",tt10800582,7.7
tm205870,Message from the King,MOVIE,2016,R,"['thriller', 'drama', 'action', 'crime', 'european']",tt1712192,6.4
tm244052,Sebastian Maniscalco: Why Would You Do That?,MOVIE,2016,,['comedy'],tt6295304,7.3
ts36547,Club de Cuervos,SHOW,2015,TV-MA,"['comedy', 'drama']",tt4680240,8.2
ts84398,Little Things,SHOW,2016,TV-MA,"['comedy', 'drama', 'romance']",tt6522580,8.2
ts77654,Care Bears and Cousins,SHOW,2015,TV-Y,['animation'],tt4680360,6.8
tm232953,Sleight,MOVIE,2016,R,"['thriller', 'crime', 'drama', 'scifi', 'action']",tt4573516,5.9
tm240007,Sniper: Ghost Shooter,MOVIE,2016,R,['drama'],,
tm233493,Middle School: The Worst Years of My Life,MOVIE,2016,PG,"['comedy', 'family', 'animation']",tt4981636,6
ts39014,Kuromukuro,SHOW,2016,TV-14,"['comedy', 'drama', 'action', 'scifi', 'animation']",tt5895314,7.2
tm140436,Rock the Kasbah,MOVIE,2015,R,"['comedy', 'music', 'war']",tt3165590,5.5
ts38764,Marseille,SHOW,2016,TV-MA,"['drama', 'european']",tt4003966,6.9
ts54110,Puffin Rock,SHOW,2015,TV-Y,"['animation', 'family', 'comedy', 'european']",tt3590338,8.7
ts54156,Chef's Table: France,SHOW,2016,TV-14,['documentation'],tt6088326,8.2
tm213681,Veteran,MOVIE,2015,,"['crime', 'thriller', 'action', 'comedy']",tt4768764,7
tm228242,A Very Murray Christmas,MOVIE,2015,,"['comedy', 'music']",tt4537842,5.5
ts38230,The Method,SHOW,2015,TV-MA,"['drama', 'thriller', 'crime']",tt5135336,7.4
ts51368,Skylanders Academy,SHOW,2016,TV-Y7,"['action', 'animation', 'comedy', 'family', 'fantasy']",tt5916218,6.7
tm209950,Kevin Hart: What Now?,MOVIE,2016,R,"['comedy', 'documentation']",tt4669186,5.9
tm205935,Extraction,MOVIE,2015,R,"['thriller', 'action']",tt4382872,4.1
tm244134,Tramps,MOVIE,2016,,"['romance', 'comedy', 'documentation', 'european']",tt9049178,6.5
tm271070,The Warriors Gate,MOVIE,2016,PG-13,"['action', 'comedy', 'family', 'fantasy', 'european']",tt4652532,5.4
tm267135,The Dreamseller,MOVIE,2016,,['drama'],tt5496926,6
tm233616,LEGO Marvel Super Heroes: Avengers Reassembled!,MOVIE,2015,,"['animation', 'comedy', 'scifi', 'action']",tt5371572,6.1
tm211510,Incarnate,MOVIE,2016,PG-13,"['horror', 'thriller']",tt3216348,5.2
tm157283,Güeros,MOVIE,2015,,"['drama', 'comedy']",tt3499048,7.4
tm219173,Term Life,MOVIE,2016,R,"['thriller', 'action', 'crime', 'drama']",tt2978102,5.6
tm244507,The Distinguished Citizen,MOVIE,2016,,"['comedy', 'drama', 'european']",tt4562518,7.5
tm218052,Drishyam,MOVIE,2015,R,"['thriller', 'crime', 'drama']",tt4430212,8.2
tm214085,Tig,MOVIE,2015,,['documentation'],tt3986532,7.4
tm229542,John Mulaney: The Comeback Kid,MOVIE,2015,PG,"['comedy', 'documentation']",tt5069564,7.9
tm335263,Kathleen Madigan: Bothering Jesus,MOVIE,2016,R,['comedy'],,
ts66540,"Can't Cope, Won't Cope",SHOW,2016,TV-MA,"['drama', 'comedy', 'european']",tt5674872,7.3
tm253080,Rocco,MOVIE,2016,,"['documentation', 'european']",tt5788462,5.7
tm241314,Minimalism: A Documentary About the Important Things,MOVIE,2015,,['documentation'],tt4685424,6.7
ts75829,Lego Bionicle: The Journey to One,SHOW,2016,TV-Y7,"['animation', 'action', 'fantasy', 'scifi']",tt5075942,5.5
ts56674,The Mr. Peabody & Sherman Show,SHOW,2015,,"['comedy', 'scifi', 'animation', 'family', 'history']",tt5021206,5.7
tm282915,Fate/Grand Order: First Order,MOVIE,2016,,"['fantasy', 'animation']",tt6213810,5.7
ts35360,Inspector Gadget,SHOW,2015,TV-Y,"['action', 'comedy', 'family', 'scifi', 'animation']",tt3910690,4.5
tm246870,Lavender,MOVIE,2016,,"['thriller', 'drama']",tt9237490,5.3
ts35359,Heidi,SHOW,2015,TV-Y,"['drama', 'family', 'animation', 'european']",tt4346362,7.2
tm266844,True Memoirs of an International Assassin,MOVIE,2016,PG-13,"['action', 'comedy', 'crime']",tt1542768,5.9
ts37779,Danger Mouse,SHOW,2015,,"['comedy', 'crime', 'family', 'fantasy', 'scifi', 'animation', 'action', 'european']",tt4196822,7.2
tm238748,The Darkness,MOVIE,2016,PG-13,"['thriller', 'horror']",tt1878841,4.5
tm193125,Hot Girls Wanted,MOVIE,2015,,['documentation'],tt4382552,6.1
ts42089,Haters Back Off,SHOW,2016,TV-14,"['comedy', 'drama', 'family', 'romance']",tt5467814,6.1
ts42075,Intersection,SHOW,2016,TV-MA,['drama'],tt5303668,6.7
ts43272,Terrace House: Boys & Girls in the City,SHOW,2015,TV-14,"['reality', 'drama']",tt4790546,8.1
tm300713,High & Low The Movie,MOVIE,2016,,['action'],tt5659172,6.6
ts41883,The K2,SHOW,2016,TV-14,"['war', 'drama', 'romance', 'thriller']",tt8535796,7.9
ts36630,Dinotrux,SHOW,2015,TV-Y7,"['action', 'comedy', 'family', 'animation']",tt1396212,6.8
ts41260,"Hello, My Twenties!",SHOW,2016,TV-14,"['comedy', 'drama', 'romance']",tt5858892,8.3
ts39017,Dawn of the Croods,SHOW,2015,TV-Y7,"['comedy', 'family', 'animation']",tt5193172,5.8
tm229140,Anthony Jeselnik: Thoughts and Prayers,MOVIE,2015,,['comedy'],,
ts38757,Kong: King of the Apes,SHOW,2016,TV-Y7,"['animation', 'scifi', 'action', 'comedy', 'family']",tt5462936,5.9
tm290444,Pandora,MOVIE,2016,R,"['drama', 'action', 'thriller']",tt6302160,6.6
tm200454,Ok Kanmani,MOVIE,2015,PG,"['drama', 'romance']",tt4271820,7.5
ts35596,Bella and the Bulldogs,SHOW,2015,TV-G,"['comedy', 'family', 'sport']",tt3596178,5
ts144323,Unnatural Selection,SHOW,2015,TV-MA,"['reality', 'documentation', 'comedy']",tt11063952,8.1
tm275800,The Lighthouse of the Orcas,MOVIE,2016,,"['drama', 'romance', 'european']",tt4944658,6.8
ts42218,Sin senos sí hay paraíso,SHOW,2016,TV-MA,"['action', 'drama', 'romance', 'crime']",tt5676412,6.5
ts38512,Cooked,SHOW,2016,TV-PG,['documentation'],tt5347906,7.6
tm233561,Shaun the Sheep: The Farmer's Llamas,MOVIE,2015,,"['comedy', 'animation', 'family']",tt5174284,6.8
tm232950,The Devil's Mistress,MOVIE,2016,,"['romance', 'drama', 'history', 'european']",tt4240406,5.8
tm139870,Opening Night,MOVIE,2016,,"['comedy', 'thriller', 'drama', 'action', 'crime']",tt8215284,6
tm266628,LEGO Jurassic World: The Indominus Escape,MOVIE,2016,G,"['family', 'animation', 'comedy']",,
ts41294,Mossad 101,SHOW,2015,TV-MA,"['action', 'drama']",tt4354042,6.8
tm267429,"Surviving Compton: Dre, Suge and Michel'le",MOVIE,2016,,"['drama', 'documentation']",tt8070856,6.6
ts43501,Secrets of Great British Castles,SHOW,2015,TV-PG,"['documentation', 'history', 'european']",tt5181284,7.8
ts42628,Netflix Presents: The Characters,SHOW,2016,TV-MA,['comedy'],tt5228026,5.3
ts36740,Project Mc²,SHOW,2015,TV-G,['family'],tt4861760,6.1
tm233344,Kapoor & Sons,MOVIE,2016,PG-13,"['romance', 'comedy', 'drama', 'family']",tt4900716,7.7
ts53076,El Chema,SHOW,2016,TV-MA,"['drama', 'action', 'crime']",tt5730624,6.9
ts53106,Tokyo Trial,SHOW,2016,TV-MA,"['drama', 'history']",tt6422918,7.4
ts41253,Love O2O,SHOW,2016,TV-14,"['drama', 'romance']",tt6092878,8
tm244915,Baaghi,MOVIE,2016,,"['thriller', 'action', 'romance']",tt4864932,5.3
ts38717,Good Morning Call,SHOW,2016,TV-14,"['comedy', 'drama', 'romance']",tt5520732,7.7
tm239947,Mercy,MOVIE,2016,,"['thriller', 'drama']",tt5710042,4.1
tm236999,Our Lovers,MOVIE,2016,,"['comedy', 'drama', 'romance', 'european']",tt4631532,6.7
ts58068,Inside the World's Toughest Prisons,SHOW,2016,TV-MA,"['crime', 'documentation']",tt8594220,7.1
tm218186,Septembers of Shiraz,MOVIE,2015,PG-13,"['drama', 'thriller', 'western']",tt3661298,7.9
tm242755,Ordinary World,MOVIE,2016,,"['drama', 'family', 'comedy', 'music']",tt6102594,5.5
ts38805,Beat Bugs,SHOW,2016,TV-Y,"['animation', 'family', 'fantasy', 'comedy']",tt4716268,7.6
tm193388,Dhanak,MOVIE,2015,,"['drama', 'comedy']",tt4088770,7.9
tm323616,The Visit,MOVIE,2015,,"['comedy', 'romance', 'thriller']",tt15119398,
tm242002,Jeff Foxworthy & Larry the Cable Guy: We've Been Thinking,MOVIE,2016,,['comedy'],tt5571712,5.6
ts52988,Captive,SHOW,2016,,"['documentation', 'drama', 'european']",tt6246500,6.8
tm220317,Demetri Martin: Live (At The Time),MOVIE,2015,,"['comedy', 'documentation']",tt4512714,7.4
tm201365,Brothers,MOVIE,2015,PG-13,"['drama', 'action', 'sport']",tt3802576,6.4
ts38761,Another Miss Oh,SHOW,2016,TV-MA,"['drama', 'fantasy', 'romance', 'comedy']",tt5679572,7.9
tm244638,Rebirth,MOVIE,2016,,['thriller'],tt4902716,4.9
tm232954,Audrie & Daisy,MOVIE,2016,,"['documentation', 'crime']",tt5278460,7.2
ts56748,T@gged,SHOW,2016,TV-14,"['drama', 'thriller', 'reality']",tt5881326,7.3
tm225275,Riot,MOVIE,2015,,['action'],tt4642044,5.1
tm227922,Anjelah Johnson: Not Fancy,MOVIE,2015,,"['comedy', 'documentation']",tt4199110,5.7
ts43230,The Deep,SHOW,2015,TV-Y7,"['action', 'animation', 'family', 'scifi']",tt4991910,8.1
ts56032,La Niña,SHOW,2016,TV-MA,"['action', 'drama']",tt5677942,8.3
tm272413,Colin Quinn: The New York Story,MOVIE,2016,,['comedy'],tt6257714,6.8
ts55559,Ask the Storybots,SHOW,2016,TV-Y,"['animation', 'comedy', 'family']",tt5846856,8.4
tm244513,Divines,MOVIE,2016,,"['drama', 'crime', 'european']",tt4730986,7.4
tm234136,MindGamers,MOVIE,2015,,"['thriller', 'action', 'scifi', 'european']",tt3625516,3.6
ts75324,La esclava blanca,SHOW,2016,TV-MA,['history'],tt5458128,8.1
tm239762,Tony Robbins: I Am Not Your Guru,MOVIE,2016,,['documentation'],tt5151716,6.7
tm132524,I Am Michael,MOVIE,2015,,"['drama', 'romance']",tt5116866,5.6
tm245297,Justin Timberlake + The Tennessee Kids,MOVIE,2016,,"['documentation', 'music']",tt5001772,7.8
ts54100,World of Winx,SHOW,2016,TV-Y7,"['action', 'animation', 'comedy', 'family', 'fantasy', 'european']",tt5874596,6.6
tm224377,Heneral Luna,MOVIE,2015,R,"['action', 'drama', 'history', 'war']",tt4944352,7.4
tm217939,Un + une,MOVIE,2015,,"['comedy', 'drama', 'european', 'romance']",tt4388506,6.2
tm193211,Mucize,MOVIE,2015,PG-13,"['drama', 'comedy', 'romance', 'documentation', 'european']",tt6876670,7.7
ts31593,Pororo the Little Penguin,SHOW,2016,,"['scifi', 'family', 'animation']",tt13527330,6.3
tm234292,The Heirs,MOVIE,2015,,['drama'],tt2903370,5.7
ts74917,72 Cutest Animals,SHOW,2016,,['documentation'],tt5815824,5.7
ts35463,Richie Rich,SHOW,2015,TV-PG,['comedy'],tt4162898,3.1
tm281182,Gabriel Iglesias: I'm Sorry for What I Said When I Was Hungry,MOVIE,2016,PG-13,"['comedy', 'documentation']",tt6302122,7.4
tm242422,In the Shadow of Iris,MOVIE,2016,,"['thriller', 'drama', 'crime', 'european']",tt5598110,6.1
tm245148,Jim Jefferies: Freedumb,MOVIE,2016,R,"['comedy', 'documentation']",tt5849950,7.7
tm272854,Force 2,MOVIE,2016,PG,"['crime', 'action', 'thriller']",tt5156746,6.2
tm350159,Couple Of Days,MOVIE,2016,,['drama'],tt9741588,6.4
tm224275,3000 Nights,MOVIE,2015,,['drama'],tt5342778,7.1
tm195764,6 Years,MOVIE,2015,,"['romance', 'drama']",tt3984280,5.6
tm211478,Tamasha,MOVIE,2015,PG,"['drama', 'comedy', 'romance']",tt3148502,7.4
tm195870,Manson Family Vacation,MOVIE,2015,,"['drama', 'comedy', 'thriller']",tt4154218,5.8
tm246056,Garfunkel and Oates: Trying to be Special,MOVIE,2016,,"['comedy', 'music']",tt5602318,7.3
ts55966,LEGO Friends: The Power of Friendship,SHOW,2016,TV-Y,['animation'],tt6464612,6.5
tm240895,Strange Weather,MOVIE,2016,R,['drama'],tt5205210,6
tm246579,Rainbow Time,MOVIE,2016,,"['drama', 'comedy']",tt5167174,5.9
tm243849,Extremis,MOVIE,2016,,['documentation'],,
tm211461,Much Loved,MOVIE,2015,,"['drama', 'european']",tt4685750,6.2
ts86831,The Good Cop,SHOW,2015,TV-MA,"['comedy', 'drama']",tt6070434,7.7
tm239290,Always Be My Maybe,MOVIE,2016,,"['comedy', 'romance']",tt5341036,6.7
ts74753,Tales by Light,SHOW,2015,,['documentation'],tt5350276,8.3
tm233157,The Guardian Brothers,MOVIE,2016,PG,"['animation', 'family', 'fantasy', 'comedy']",tt4788934,5.4
tm230524,"Chatô, The King of Brazil",MOVIE,2015,,"['comedy', 'drama']",tt0337926,5.4
tm238829,Open Season: Scared Silly,MOVIE,2015,PG,['animation'],,
ts53065,One More Time,SHOW,2016,TV-14,"['scifi', 'drama', 'fantasy']",tt6212990,6.9
ts54010,My Runway,SHOW,2016,TV-14,"['comedy', 'drama', 'fantasy', 'romance']",tt6968336,6.3
tm242687,Riphagen the Untouchable,MOVIE,2016,,"['thriller', 'war', 'drama', 'european']",tt4969044,7.1
tm246175,The 101-Year-Old Man Who Skipped Out on the Bill and Disappeared,MOVIE,2016,,"['comedy', 'crime', 'european']",tt4940370,6.3
ts38772,Dear My Friends,SHOW,2016,TV-MA,"['drama', 'comedy']",tt5689030,8.2
ts83224,Toon,SHOW,2016,TV-MA,['comedy'],tt5698140,7.6
ts53149,White Nights,SHOW,2016,,['drama'],tt6168004,6.9
tm240162,Udta Punjab,MOVIE,2016,R,"['crime', 'action', 'drama']",tt4434004,7.8
ts57705,The Paper,SHOW,2016,TV-MA,"['drama', 'crime', 'action']",tt0341957,7.4
tm242646,Toro,MOVIE,2016,R,"['thriller', 'action', 'crime', 'drama', 'european']",tt4213806,5.9
tm225675,Jeff Dunham: Unhinged in Hollywood,MOVIE,2015,PG,['comedy'],tt5038776,6.7
tm233023,Tom Segura: Mostly Stories,MOVIE,2016,,"['comedy', 'documentation']",tt4970632,7.5
tm197503,Hunterrr,MOVIE,2015,R,"['romance', 'drama', 'comedy']",tt4333674,7
ts74929,H20: Mermaid Adventures,SHOW,2015,TV-Y,"['comedy', 'drama', 'family', 'fantasy', 'romance', 'animation', 'european']",tt4610750,5.7
tm220473,Colin Quinn: Unconstitutional,MOVIE,2015,,['comedy'],tt4392266,7
tm225693,Keith Richards: Under the Influence,MOVIE,2015,PG,"['music', 'documentation']",tt4900018,7.1
ts54022,Terrace House: Aloha State,SHOW,2016,,"['reality', 'drama']",tt6588218,7.5
ts43258,Stories by Rabindranath Tagore,SHOW,2015,TV-PG,['drama'],tt4853764,8.8
ts55365,The Haunted House,SHOW,2016,TV-PG,"['thriller', 'fantasy', 'horror', 'animation', 'comedy', 'drama', 'family']",tt9518312,8.4
tm199987,Ralphie May: Unruly,MOVIE,2015,,['comedy'],,
ts42011,Cheer Squad,SHOW,2016,TV-PG,['reality'],tt5993744,7.2
tm241998,Mohenjo Daro,MOVIE,2016,,"['romance', 'drama', 'history', 'action']",tt3859980,5.6
tm421855,4K Fireplace,MOVIE,2015,G,"['family', 'reality']",tt5275236,7.7
tm231314,Zip & Zap and the Captain's Island,MOVIE,2016,,"['comedy', 'scifi', 'family', 'fantasy', 'european']",tt4110400,5.8
ts55223,72 Dangerous Places to Live,SHOW,2016,TV-PG,['documentation'],tt5674272,6.2
ts41154,Paquita Salas,SHOW,2016,,"['comedy', 'european']",tt5866074,8
tm227029,Smoke & Mirrors,MOVIE,2016,R,"['thriller', 'european']",tt1713440,6.9
ts41899,Nightmare Teacher,SHOW,2016,TV-MA,"['drama', 'horror', 'thriller']",tt6209442,7.1
ts82327,Три кота,SHOW,2015,TV-Y,"['scifi', 'comedy', 'family', 'animation']",tt7038964,6.8
tm244559,I Called Him Morgan,MOVIE,2016,,"['music', 'documentation', 'history', 'drama', 'european']",tt4170344,7.3
tm245102,The Next Skin,MOVIE,2016,,"['thriller', 'drama', 'european']",tt5139326,6.2
ts35505,Old Money,SHOW,2015,TV-MA,"['comedy', 'drama', 'european']",tt3701442,7.3
tm201906,Belgica,MOVIE,2016,,"['drama', 'european']",tt3544218,6.7
tm248010,Taxi Driver,MOVIE,2015,,"['crime', 'drama', 'comedy']",tt5112438,6
tm239774,XOXO,MOVIE,2016,,"['music', 'drama']",tt4855748,5.3
tm252245,The White Helmets,MOVIE,2016,,"['war', 'documentation']",,
ts56221,Rainbow Ruby,SHOW,2016,TV-Y,"['animation', 'comedy', 'family', 'fantasy']",tt5828144,6.5
tm245235,Ali Wong: Baby Cobra,MOVIE,2016,,['comedy'],tt5066574,7.5
ts38812,Fearless,SHOW,2016,,"['documentation', 'reality']",tt9556710,7.1
tm232832,The Lion Woman,MOVIE,2016,PG-13,"['drama', 'european']",tt4677578,6.6
tm227042,Prem Ratan Dhan Payo,MOVIE,2015,,"['action', 'drama', 'family', 'romance']",tt5242900,4.4
tm243931,The Beginning of Life,MOVIE,2016,G,"['documentation', 'family']",tt5140248,7.6
tm233843,Pyaar Ka Punchnama 2,MOVIE,2015,PG-13,"['comedy', 'drama', 'romance']",tt4430136,7.3
ts43341,Atelier,SHOW,2015,TV-14,"['drama', 'documentation', 'comedy']",tt2303188,6.3
ts82582,The Truth Seekers,SHOW,2016,TV-MA,"['drama', 'action']",tt7131694,7.1
tm215054,Chris Tucker: Live,MOVIE,2015,,"['comedy', 'documentation']",tt4835636,6.3
tm247644,Schubert in Love,MOVIE,2016,,"['comedy', 'european']",tt5186874,5
ts38769,Chelsea,SHOW,2016,TV-MA,['comedy'],tt5672036,6.1
ts42155,Home: Adventures with Tip & Oh,SHOW,2016,TV-Y7,"['comedy', 'family', 'fantasy', 'scifi', 'animation']",tt5759196,5.9
tm526163,Dinosaur World,MOVIE,2015,,"['animation', 'comedy', 'drama']",tt6536576,
tm239739,Raman Raghav 2.0,MOVIE,2016,,"['thriller', 'crime', 'drama']",tt5662932,7.4
ts52981,White Rabbit Project,SHOW,2016,TV-PG,['reality'],tt6048644,6.9
ts87465,Witch Hunt: A Century of Murder,SHOW,2015,TV-14,"['crime', 'history', 'fantasy', 'drama', 'european']",tt6474054,7.2
ts52825,The Princess Weiyoung,SHOW,2016,TV-14,"['drama', 'history', 'romance']",tt6353308,7.9
ts107658,Mind Game,SHOW,2015,TV-14,"['drama', 'action', 'crime']",tt8879588,7.5
ts42260,Chelsea Does,SHOW,2016,TV-MA,['documentation'],tt5275894,7.3
ts43119,Real Rob,SHOW,2015,TV-14,['comedy'],tt3741346,6.4
tm311494,Slam,MOVIE,2016,,"['comedy', 'romance', 'drama', 'european']",tt4379536,6.1
tm221883,Gridlocked,MOVIE,2016,R,['action'],tt2724532,5.8
tm233196,Jessica Darling's It List,MOVIE,2016,,['family'],tt5213744,5.5
ts127430,StoryBots Super Songs,SHOW,2016,TV-Y,"['animation', 'family']",tt6163070,8.8
tm376111,Chocolate City: Vegas Strip,MOVIE,2016,PG-13,['drama'],tt5485482,3.7
tm246543,Journey to Greenland,MOVIE,2016,,"['drama', 'comedy', 'european']",tt4641248,6.3
tm227523,Fifty,MOVIE,2015,,"['romance', 'drama', 'sport', 'thriller']",tt7440582,6.1
tm321189,All About Asado,MOVIE,2016,,['documentation'],tt6079360,6.5
tm219699,Phantom,MOVIE,2015,,"['thriller', 'action', 'drama', 'horror', 'crime', 'european']",tt3469244,5.9
tm270555,The Ivory Game,MOVIE,2016,,"['documentation', 'european']",tt5952534,7.9
tm316567,HiGH&LOW: The Red Rain,MOVIE,2016,,"['action', 'drama']",tt5923040,6.2
tm321785,Lens,MOVIE,2016,,"['thriller', 'drama']",tt4818776,6.6
tm283938,Selfie 69,MOVIE,2016,,"['romance', 'comedy', 'action', 'european']",tt4796634,6.1
tm228839,Ali Baba and the 7 Dwarfs,MOVIE,2015,PG-13,"['comedy', 'action', 'drama']",tt6450052,5.8
tm272012,Ghost Patrol,MOVIE,2016,,['animation'],tt6111628,5.1
tm219817,Talvar,MOVIE,2015,PG,"['thriller', 'crime', 'drama']",tt4934950,8.1
tm230426,"Liar, Liar, Vampire",MOVIE,2015,G,"['comedy', 'family']",tt4448304,5.8
tm239769,I'll Sleep When I'm Dead,MOVIE,2016,,['documentation'],tt4679136,6.6
tm208628,Dil Dhadakne Do,MOVIE,2015,PG-13,"['drama', 'comedy', 'romance']",tt4110568,7
tm66466,Wazir,MOVIE,2016,PG-13,"['thriller', 'crime', 'action', 'drama']",tt0315642,7.2
tm228657,Cosmos Laundromat,MOVIE,2015,,['fantasy'],,
tm245155,The Worthy,MOVIE,2016,,"['scifi', 'thriller', 'family', 'fantasy', 'action', 'european']",tt4943218,5.1
tm232930,Kyaa Kool Hain Hum 3,MOVIE,2016,,['comedy'],tt5290620,1.9
tm245722,Chronically Metropolitan,MOVIE,2016,,"['drama', 'comedy']",tt5078796,5
tm245911,1898: Our Last Men in the Philippines,MOVIE,2016,PG-13,"['drama', 'history', 'war', 'european']",tt5698568,6.5
tm244079,Sofía Niño de Rivera: Exposed,MOVIE,2016,,['comedy'],tt5886430,7.3
tm266629,Russell Peters: Almost Famous,MOVIE,2016,,['comedy'],tt5946232,6.5
ts52950,Miss in Kiss,SHOW,2016,TV-14,"['comedy', 'drama']",tt6954524,7.7
tm215911,Ludo,MOVIE,2015,,"['horror', 'thriller', 'fantasy']",tt3724898,2.8
tm232855,Everything About Her,MOVIE,2016,,"['comedy', 'drama']",tt3860092,7.1
tm257629,#FollowFriday,MOVIE,2016,,['thriller'],tt5233106,2.7
tm234773,Eddie: Strongman,MOVIE,2015,,['documentation'],tt4334636,7.4
tm208713,Gabbar Is Back,MOVIE,2015,PG-13,"['drama', 'action', 'crime', 'comedy']",tt2424988,7.2
tm218683,The Massively Mixed-Up Middle School Mystery,MOVIE,2015,,['comedy'],tt3521770,7.3
tm234466,Jonah,MOVIE,2016,PG,"['thriller', 'drama', 'romance', 'family']",tt4789272,5.4
ts78442,Coach Snoop,SHOW,2016,TV-MA,['documentation'],tt5697642,6.8
tm340927,Motu Patlu: King Of Kings,MOVIE,2016,G,"['animation', 'comedy']",tt6278732,6.8
tm311456,Sen Benim HerŞeyimsin,MOVIE,2016,,['comedy'],tt5748380,6.2
tm238717,Barakah Meets Barakah,MOVIE,2016,,"['romance', 'comedy']",tt5435084,6.3
ts42347,Word Party,SHOW,2016,TV-Y,"['animation', 'family']",tt5235950,5.7
tm233015,Fitoor,MOVIE,2016,,"['drama', 'romance']",tt4399594,5.4
tm211273,Jen Kirkman: I'm Gonna Die Alone (And I Feel Fine),MOVIE,2015,,['comedy'],tt4705606,6.8
tm230927,Puerto Ricans in Paris,MOVIE,2015,R,['comedy'],tt3730510,5.3
tm273933,Reggie Watts: Spatial,MOVIE,2016,,"['comedy', 'music']",tt5861260,6
tm245293,You Are My Sunday,MOVIE,2016,,"['drama', 'comedy']",tt4990516,7.8
tm270982,Layla M.,MOVIE,2016,,"['drama', 'european']",tt5712152,6.7
ts51367,Trailer Park Boys: Out of the Park: Europe,SHOW,2016,TV-MA,"['action', 'crime', 'drama', 'comedy']",tt5937754,7
tm274053,Asperger's Are Us,MOVIE,2016,,"['documentation', 'comedy', 'drama']",tt4991844,6.6
tm137557,Honeytrap,MOVIE,2015,,"['drama', 'crime', 'romance']",tt4187514,5.9
tm315345,City of Joy,MOVIE,2016,,"['documentation', 'crime', 'drama', 'thriller', 'war']",tt6290168,7.5
tm207668,ABCD 2,MOVIE,2015,PG,"['music', 'drama']",tt3679000,5.4
tm193378,Iliza Shlesinger: Freezing Hot,MOVIE,2015,,"['comedy', 'documentation']",tt4074376,6.8
ts21876,My Sunshine,SHOW,2015,TV-PG,"['drama', 'romance']",tt6131630,6.6
tm275726,Carlos Ballarta: el amor es de putos,MOVIE,2016,,['comedy'],tt6268852,7
tm307997,Offline: Are You Ready for the Next Level?,MOVIE,2016,,"['action', 'comedy', 'european']",tt5351044,5
ts55556,A Touch of Green,SHOW,2015,TV-MA,"['family', 'drama', 'war']",tt5231950,8.4
tm149212,Olmo and the Seagull,MOVIE,2015,,"['drama', 'european', 'romance', 'family', 'documentation']",tt4160256,7.2
tm239933,7:19,MOVIE,2016,,"['thriller', 'drama', 'history']",tt5979312,5.9
tm327551,Born in Syria,MOVIE,2016,,"['documentation', 'european']",tt5356680,7.7
tm233366,Te3n,MOVIE,2016,PG-13,"['thriller', 'drama']",tt4814290,7.3
ts75897,Kulipari: An Army of Frogs,SHOW,2016,,"['action', 'animation', 'fantasy']",tt6040768,6.9
tm263743,The Doll,MOVIE,2016,,"['thriller', 'horror']",tt6011480,5.2
tm494288,Brother Jekwu,MOVIE,2016,,"['comedy', 'crime']",tt8857316,
tm247631,Clair Obscur,MOVIE,2016,,"['drama', 'european']",tt4373956,6.5
tm271974,Pettson and Findus: The Best Christmas Ever,MOVIE,2016,,"['family', 'animation', 'comedy', 'fantasy', 'european']",tt5858122,5.5
tm246485,U Turn,MOVIE,2016,R,"['horror', 'thriller', 'crime', 'drama']",tt6684398,7.5
ts42432,28 Faces of the Moon,SHOW,2016,TV-14,['drama'],tt10145322,6.4
tm267017,I Love You,MOVIE,2016,,"['drama', 'comedy', 'romance', 'european']",tt5183654,4.7
tm244842,Ordinary People,MOVIE,2016,,['drama'],tt5891626,7.3
tm247444,Poshter Girl,MOVIE,2016,PG-13,['comedy'],tt5323386,6.6
ts91990,The Creative Indians,SHOW,2016,TV-MA,['documentation'],tt9583184,8.3
tm227044,Shaandaar,MOVIE,2015,PG-13,"['romance', 'drama', 'comedy']",tt4007558,3.6
ts81898,Kazoops!,SHOW,2016,,"['family', 'fantasy', 'animation', 'comedy']",tt6312916,7.5
ts38813,Bottersnikes & Gumbles,SHOW,2016,TV-Y7,"['action', 'animation', 'comedy', 'family']",tt6015820,5.1
tm138584,Hawaizaada,MOVIE,2015,PG,"['fantasy', 'drama']",tt4338154,5.6
ts42371,Fangbone!,SHOW,2016,TV-PG,"['animation', 'comedy', 'family', 'fantasy', 'action']",tt4358188,6.2
tm224255,Very Big Shot,MOVIE,2015,R,"['thriller', 'action', 'crime', 'drama']",tt4971824,7.1
tm267419,Joe Rogan: Triggered,MOVIE,2016,,"['comedy', 'documentation']",tt6023444,7.4
tm155382,X: Past Is Present,MOVIE,2015,PG-13,"['drama', 'thriller', 'romance']",tt5207116,5.1
tm239764,David Cross: Making America Great Again,MOVIE,2016,,['comedy'],tt5943936,6.4
tm240733,100 Meters,MOVIE,2016,,"['drama', 'comedy', 'european']",tt5089786,7.5
tm266622,Iliza Shlesinger: Confirmed Kills,MOVIE,2016,,['comedy'],tt6081882,6.6
tm244758,Breaking the Bank,MOVIE,2016,,['comedy'],tt3105662,4.8
tm232931,Hannibal Buress: Comedy Camisado,MOVIE,2016,R,['comedy'],tt5352432,6.6
ts83454,"Have You Ever Fallen in Love, Miss Jiang?",SHOW,2016,TV-14,['drama'],,
tm217986,Bangistan,MOVIE,2015,PG-13,"['comedy', 'drama']",tt3422462,4.5
tm451222,Lang Tong,MOVIE,2015,,['thriller'],tt6423578,4.8
tm233648,"Trailer Park Boys: Drunk, High and Unemployed: Live In Austin",MOVIE,2015,,['comedy'],tt5087462,6.5
tm247767,Kiss of Life,MOVIE,2015,G,"['comedy', 'romance', 'drama']",tt5348954,5.9
ts53346,Chasing Cameron,SHOW,2016,TV-PG,['reality'],tt6370626,3.8
tm375681,S Storm,MOVIE,2016,PG-13,"['action', 'thriller', 'crime', 'drama']",tt5998744,5.2
tm452046,Hans Teeuwen: Echte Rancune,MOVIE,2016,,['comedy'],,
tm238486,Theo Von: No Offense,MOVIE,2016,,"['comedy', 'documentation']",tt5066564,5.6
ts224440,If I were an Animal,SHOW,2016,TV-G,['documentation'],,
tm232267,Mike Epps: Don't Take It Personal,MOVIE,2015,,['comedy'],tt5339586,4.4
tm203056,Husband Factor,MOVIE,2015,PG-13,"['comedy', 'fantasy', 'romance', 'drama']",tt4899096,6.2
tm272484,Michael Che Matters,MOVIE,2016,,['comedy'],tt6209400,7.2
ts81027,Spark,SHOW,2016,TV-14,['drama'],tt6409112,7
ts86089,Under the Black Moonlight,SHOW,2016,TV-14,"['drama', 'thriller', 'horror']",tt7162436,5
tm198496,Aziz Ansari: Live at Madison Square Garden,MOVIE,2015,,['comedy'],tt4530184,6.6
ts41151,Hibana: Spark,SHOW,2016,,['drama'],tt5301958,7.9
tm201855,Katti Batti,MOVIE,2015,,"['romance', 'comedy', 'drama']",tt4467262,4.7
tm215265,Ave Maria,MOVIE,2015,,['comedy'],,
tm240728,Patton Oswalt: Talking for Clapping,MOVIE,2016,,"['comedy', 'documentation']",tt5457520,6.8
tm233463,Husband Factor: Resurrection,MOVIE,2016,PG,"['comedy', 'family', 'romance', 'drama', 'fantasy']",tt5838944,5.4
tm290157,XV Beyond the Tryline,MOVIE,2016,,"['documentation', 'sport']",tt5254198,6.8
ts83450,Close Your Eyes Before It's Dark,SHOW,2016,TV-14,"['drama', 'crime']",tt6506806,7
ts53017,Best Lover,SHOW,2016,TV-14,"['drama', 'romance']",tt9874364,6.8
ts54117,Luna Petunia,SHOW,2016,TV-Y,"['animation', 'family', 'fantasy']",tt4588068,6.2
tm271839,"Dana Carvey: Straight White Male, 60",MOVIE,2016,,['comedy'],tt6217368,6.4
tm232710,A Second Chance,MOVIE,2015,,"['romance', 'drama', 'family', 'sport', 'documentation']",tt5226380,8.6
tm234703,Soul Thieves,MOVIE,2015,,['horror'],tt4990706,5
tm134052,Umrika,MOVIE,2015,,"['drama', 'comedy']",tt3995590,6.6
tm234069,Wedding Association 2: Circumcision,MOVIE,2015,PG-13,['comedy'],tt5114588,6.4
ts53543,The Miracle,SHOW,2016,TV-14,"['drama', 'comedy', 'fantasy', 'music']",tt6703344,6.3
ts82475,The Dream Job,SHOW,2016,TV-14,"['drama', 'family']",tt7131688,6.1
tm278279,One in a Billion,MOVIE,2016,,['documentation'],tt6045798,6.7
tm212968,Frank and Cindy,MOVIE,2015,,"['comedy', 'drama']",tt1239242,6.1
ts41485,Vanished 46,SHOW,2016,TV-MA,"['scifi', 'action', 'crime', 'drama', 'thriller']",tt5606154,8.4
tm211571,Niyazi Gül Dörtnala,MOVIE,2015,PG,"['comedy', 'drama', 'action']",tt4505260,4.5
tm230478,Brent Morin: I'm Brent Morin,MOVIE,2015,,['comedy'],tt5280664,6.5
tm244923,My Mother's Wound,MOVIE,2016,PG-13,"['drama', 'war']",tt5684860,7.3
tm350374,Saawan,MOVIE,2016,,"['drama', 'thriller']",tt5580778,7.4
tm233570,Beauty and the Bestie,MOVIE,2015,,"['comedy', 'drama', 'action']",tt4842270,4.8
tm554110,The CEO,MOVIE,2016,PG-13,"['drama', 'thriller']",tt5036924,5.7
tm533845,Sam Kinison: The Scream Continues,MOVIE,2016,,['documentation'],tt6069058,6.1
ts84542,Magic Cellphone,SHOW,2016,TV-PG,"['drama', 'comedy']",tt7162434,4.1
tm242906,Sila Samayangalil,MOVIE,2016,,['drama'],tt5877882,5.5
ts253685,Secret of Success,SHOW,2015,TV-14,['drama'],,
ts36634,Diamond Lover,SHOW,2015,TV-PG,"['comedy', 'drama']",tt6058496,6.4
tm236705,Ricardo O'Farrill: Abrazo Genial,MOVIE,2016,,['comedy'],tt5547496,5.5
tm232947,Brahman Naman,MOVIE,2016,,['comedy'],tt5240748,5.5
tm233121,Dedemin Fişi,MOVIE,2016,PG,"['comedy', 'family']",tt5191238,5.5
tm245791,My Stupid Boss,MOVIE,2016,,"['comedy', 'drama']",tt5514296,7.2
tm244577,Love O2O,MOVIE,2016,,"['romance', 'drama']",tt6093452,6.4
tm409220,Ojukokoro (Greed),MOVIE,2016,,"['comedy', 'thriller', 'crime']",tt6660922,6.7
tm549892,Aerials,MOVIE,2016,,"['drama', 'scifi', 'thriller']",tt5314138,1.5
ts285233,Unchained fate,SHOW,2016,TV-14,['scifi'],,
tm239635,Jimmy Carr: Funny Business,MOVIE,2016,,[],,
tm319354,Santa Pac's Merry Berry Day,MOVIE,2016,,"['action', 'animation', 'comedy']",,
ts87884,Sons of the Caliphate,SHOW,2015,TV-14,['drama'],tt10202268,7.4
tm257141,Cedric the Entertainer: Live from the Ville,MOVIE,2016,,['comedy'],tt5753806,6
tm244635,The Blind Christ,MOVIE,2016,,['drama'],tt4778424,5.8
tm456667,Black,MOVIE,2015,,['action'],tt7254796,4.4
tm198842,Souk Bazaar,MOVIE,2015,PG,['comedy'],tt4324242,5.2
tm211424,Dharam Sankat Mein,MOVIE,2015,PG-13,"['comedy', 'drama']",tt4354740,6.3
tm421214,Saudi Arabia Uncovered,MOVIE,2016,,['documentation'],,
tm286268,#Rucker50,MOVIE,2016,,['documentation'],tt6475636,5.2
tm313374,The Tour,MOVIE,2016,,"['comedy', 'european']",,
tm244380,Barcelona: A Love Untold,MOVIE,2016,,"['drama', 'romance']",tt5755912,6.9
tm540757,Project Marathwada,MOVIE,2016,,['drama'],tt5714802,6.6
tm267112,Gang of the Caribbean,MOVIE,2016,,"['thriller', 'european']",tt2174084,5.1
tm245042,Budhia Singh: Born to Run,MOVIE,2016,,"['drama', 'sport']",tt5805252,7.6
tm198786,Crazy Beautiful You,MOVIE,2015,,"['romance', 'drama', 'comedy']",tt4377918,7.2
tm226320,Kara Bela,MOVIE,2015,PG-13,"['comedy', 'action', 'drama']",tt5274684,6.8
tm424879,Road To High & Low,MOVIE,2016,,"['action', 'drama']",tt5659164,6.7
ts36741,Fartsa,SHOW,2015,TV-14,"['crime', 'drama']",tt4567218,6.7
tm214589,The Breakup Playlist,MOVIE,2015,,"['drama', 'music', 'romance']",tt4628812,6.5
ts35963,Singles Villa,SHOW,2015,TV-14,"['drama', 'romance']",tt5053036,7.7
tm279828,Vince & Kath & James,MOVIE,2016,,['romance'],tt6271264,6.9
tm571645,Sommore: The Reign Continues,MOVIE,2015,R,['comedy'],tt4172758,6.9
tm247159,The Last Egg,MOVIE,2016,,"['romance', 'drama', 'comedy']",tt5357902,4.8
tm295349,Ricardo O'Farrill: abrazo navideño,MOVIE,2016,,['comedy'],tt6475778,5.7
tm205333,You're My Boss,MOVIE,2015,,"['comedy', 'romance']",tt4489160,6.3
tm231911,Everyday I Love You,MOVIE,2015,,"['romance', 'drama']",tt4944460,7.1
tm139590,Triumph in the Skies,MOVIE,2015,,"['comedy', 'drama']",tt1929433,4.3
tm283909,The Super Parental Guardians,MOVIE,2016,,['comedy'],tt6271110,4.5
tm407961,Gbomo Gbomo Express,MOVIE,2015,,"['drama', 'crime']",tt4527090,5
tm207734,Chris D'Elia: Incorrigible,MOVIE,2015,R,"['comedy', 'documentation']",tt4624852,6.4
tm247396,Virunga: Gorillas in Peril,MOVIE,2015,,['documentation'],tt4677816,6.6
tm811691,Thomas & Friends: Full Steam To The Rescue!,MOVIE,2016,,['family'],,
tm242745,Cristina,MOVIE,2016,,"['drama', 'documentation']",,
tm225416,Janoskians: Untold and Untrue,MOVIE,2015,,['comedy'],tt4841640,3.7
tm282988,Dieter Nuhr: Nuhr in Berlin,MOVIE,2016,,"['comedy', 'european']",tt6959666,4.8
tm246810,Santa Banta Pvt Ltd,MOVIE,2016,,"['comedy', 'crime', 'drama']",tt2909396,2.7
ts249161,Tariqi: My Way,SHOW,2015,TV-14,"['drama', 'music']",tt5528490,7.2
tm252609,'76,MOVIE,2016,PG-13,"['romance', 'drama']",tt2385126,5.6
ts248736,The Governor,SHOW,2016,TV-14,['drama'],tt7128052,7.4
tm528287,Chhota Bheem in African Safari,MOVIE,2015,,['animation'],tt6418390,6.5
tm562821,Grandmother's Farm Part 2,MOVIE,2015,,"['comedy', 'horror', 'thriller']",tt4658908,5.3
tm244041,Jandino: Whatever it Takes,MOVIE,2016,,['comedy'],tt6999080,4.5
tm272666,The Unmarried Wife,MOVIE,2016,,"['romance', 'drama']",tt5755796,5.8
tm219739,The Love Affair,MOVIE,2015,,"['romance', 'drama']",tt4202506,6.2
tm860487,Pac’s Scary Halloween,MOVIE,2016,,"['fantasy', 'horror']",,
tm1063792,,MOVIE,2015,,[],tt4661188,
ts53513,Back to 1989,SHOW,2016,TV-14,"['scifi', 'drama']",tt6273088,8
tm232090,Snervous Tyler Oakley,MOVIE,2015,PG-13,['documentation'],tt5073746,5.4
tm317850,Meet The in-Laws,MOVIE,2016,,['comedy'],tt8332742,6
tm235005,Oloibiri,MOVIE,2015,,"['thriller', 'drama', 'action']",tt8007138,5.1
tm296203,A Chaster Marriage,MOVIE,2016,PG-13,"['romance', 'family', 'comedy']",tt6379048,5.4
ts83535,Popples,SHOW,2015,,['animation'],tt4210022,6
tm350727,Hajwala: The Missing Engine,MOVIE,2016,R,"['drama', 'thriller', 'action', 'crime', 'sport']",tt6200274,2.1
tm245050,The Arbitration,MOVIE,2016,,"['drama', 'comedy']",tt5811182,5.1
tm212909,Just the Way You Are,MOVIE,2015,,"['drama', 'comedy', 'romance']",tt3837166,6.3
ts38703,My Little Baby,SHOW,2016,TV-PG,"['comedy', 'drama']",tt5546516,6.9
ts83449,Love Storm,SHOW,2016,TV-14,['family'],tt6093070,5.5
ts56544,Bibik Bibikku,SHOW,2016,TV-PG,"['drama', 'comedy']",,
tm271333,The Third Party,MOVIE,2016,,"['comedy', 'romance']",tt6088634,6.1
tm421382,Lakeeran,MOVIE,2016,,['drama'],tt6115284,6.2
tm368725,Love Is a Story,MOVIE,2015,,"['comedy', 'european', 'romance']",tt3764686,6
tm350044,A Man Returned,MOVIE,2016,,['documentation'],,
tm234735,Time Out,MOVIE,2015,,"['drama', 'animation', 'family', 'music']",tt4396648,6
tm239078,Jada,MOVIE,2016,PG-13,"['drama', 'sport']",tt9769714,5.3
ts53864,Ozark,SHOW,2017,TV-MA,"['crime', 'thriller', 'drama']",tt5071412,8.5
ts77795,Derry Girls,SHOW,2018,TV-MA,['comedy'],tt7120662,8.4
ts56683,The Sinner,SHOW,2017,TV-MA,"['crime', 'thriller', 'drama']",tt6048596,7.9
tm239091,Blade Runner 2049,MOVIE,2017,R,"['scifi', 'thriller', 'action', 'drama']",tt1856101,8
ts55668,Dark,SHOW,2017,TV-MA,"['scifi', 'crime', 'drama', 'thriller']",tt5753856,8.7
tm310953,Sorry to Bother You,MOVIE,2018,R,"['fantasy', 'scifi', 'drama', 'comedy']",tt5688932,6.9
tm232797,Dunkirk,MOVIE,2017,PG-13,"['drama', 'history', 'thriller', 'war', 'action', 'european']",tt5013056,7.8
tm244259,Wind River,MOVIE,2017,R,"['thriller', 'crime', 'drama', 'western']",tt6185846,7.7
tm315344,Molly's Game,MOVIE,2017,R,"['drama', 'crime', 'sport']",tt4209788,7.4
ts53023,Riverdale,SHOW,2017,TV-14,"['thriller', 'drama', 'romance', 'crime']",tt5420376,6.7
ts81064,Legacies,SHOW,2018,TV-14,"['scifi', 'drama', 'fantasy', 'horror']",tt8103070,7.3
ts42405,Mindhunter,SHOW,2017,TV-MA,"['crime', 'drama', 'thriller']",tt5290382,8.6
tm318206,Den of Thieves,MOVIE,2018,R,"['thriller', 'action', 'crime', 'drama']",tt1259528,7
ts83970,All American,SHOW,2018,TV-14,"['drama', 'sport']",tt7414406,7.6
tm315174,Phantom Thread,MOVIE,2017,R,"['romance', 'drama']",tt5776858,7.4
ts81294,Manifest,SHOW,2018,TV-14,"['scifi', 'drama', 'thriller']",tt8421350,7.1
ts78305,Elite,SHOW,2018,TV-MA,"['crime', 'drama', 'thriller']",tt7134908,7.4
ts78801,Cobra Kai,SHOW,2018,TV-14,"['action', 'comedy', 'drama', 'sport']",tt7221388,8.6
ts79813,You,SHOW,2018,TV-MA,"['thriller', 'crime', 'drama', 'romance']",tt7335184,7.7
ts77398,Lost in Space,SHOW,2018,TV-PG,"['scifi', 'action', 'drama', 'thriller', 'family']",tt5232792,7.3
ts56768,Money Heist,SHOW,2017,TV-MA,"['crime', 'drama', 'thriller', 'action', 'european']",tt6468322,8.3
tm344989,Lady Bird,MOVIE,2017,R,"['drama', 'comedy']",tt4925292,7.4
ts57120,Good Girls,SHOW,2018,TV-14,"['comedy', 'drama', 'crime']",tt6474378,7.7
tm287684,The Ritual,MOVIE,2017,R,"['horror', 'thriller']",tt5638642,6.3
ts81884,Bodyguard,SHOW,2018,TV-MA,"['war', 'crime', 'drama', 'thriller', 'european']",tt7493974,8.1
ts75151,Godless,SHOW,2017,TV-MA,"['western', 'documentation', 'action', 'drama', 'crime']",tt5516154,7.6
ts54102,Altered Carbon,SHOW,2018,TV-MA,"['scifi', 'thriller', 'action', 'drama']",tt2261227,7.9
ts75097,Maniac,SHOW,2018,TV-MA,"['drama', 'scifi', 'comedy']",tt5580146,7.7
ts84785,Dirty John,SHOW,2018,TV-MA,"['crime', 'drama']",tt15438396,7.3
tm244220,Darkest Hour,MOVIE,2017,PG-13,"['drama', 'war', 'history', 'thriller', 'family']",tt4555426,7.4
ts42477,Babylon Berlin,SHOW,2017,TV-MA,"['crime', 'thriller', 'drama', 'european']",tt4378376,8.4
ts81208,Charmed,SHOW,2018,TV-14,"['scifi', 'drama', 'fantasy']",tt6394324,4.5
ts58433,The Haunting of Hill House,SHOW,2018,TV-MA,"['drama', 'scifi', 'horror', 'thriller']",tt6763664,8.6
ts57850,HAPPY!,SHOW,2017,TV-MA,"['scifi', 'comedy', 'thriller', 'action', 'crime', 'fantasy']",tt2452242,8.1
ts53663,Workin' Moms,SHOW,2017,TV-MA,"['comedy', 'drama']",tt6143796,7.8
tm244364,The Nightingale,MOVIE,2018,R,"['thriller', 'drama', 'horror']",tt4068576,7.3
ts79229,Wild Wild Country,SHOW,2018,TV-MA,"['crime', 'documentation']",tt7768848,8.1
ts77955,Somebody Feed Phil,SHOW,2018,TV-14,['documentation'],tt7752034,8.2
ts75879,Big Mouth,SHOW,2017,TV-MA,"['animation', 'comedy', 'romance']",tt6524350,7.9
tm420745,How It Ends,MOVIE,2018,,"['thriller', 'action', 'drama', 'scifi']",tt5246700,5
ts57465,Dynasty,SHOW,2017,TV-14,['drama'],tt6128300,7.2
tm232500,The Disaster Artist,MOVIE,2017,R,"['comedy', 'drama']",tt3521126,7.3
ts54054,Imposters,SHOW,2017,TV-14,"['drama', 'comedy', 'crime']",tt5212822,7.8
ts55982,Anne with an E,SHOW,2017,TV-G,"['drama', 'family']",tt5421602,8.7
tm350379,Ghostland,MOVIE,2018,R,"['horror', 'thriller', 'drama', 'european']",tt6195094,6.4
tm363103,Perfect Bid: The Contestant Who Knew Too Much,MOVIE,2017,,"['documentation', 'history']",tt6854248,6.6
ts58133,Manhunt,SHOW,2017,TV-14,"['documentation', 'crime', 'thriller', 'drama']",tt5618256,8.1
tm425889,The Ballad of Buster Scruggs,MOVIE,2018,R,"['western', 'comedy', 'drama', 'romance']",tt6412452,7.3
tm244174,Okja,MOVIE,2017,PG-13,"['drama', 'scifi', 'action']",tt3967856,7.3
ts53545,Santa Clarita Diet,SHOW,2017,TV-MA,"['comedy', 'horror']",tt5580540,7.9
tm350,The Bad Batch,MOVIE,2017,R,"['drama', 'action', 'horror', 'romance', 'scifi']",tt4334266,5.2
ts84328,The Bureau of Magical Things,SHOW,2018,TV-G,"['scifi', 'family', 'fantasy']",tt7153034,6.7
ts53198,One Day at a Time,SHOW,2017,TV-PG,"['comedy', 'drama']",tt5339440,8.2
ts76243,The End of the F***ing World,SHOW,2017,TV-MA,"['crime', 'comedy', 'drama', 'romance', 'thriller']",tt6257970,8.1
ts58367,Safe,SHOW,2018,TV-MA,"['drama', 'thriller', 'crime', 'european']",tt7902072,7.2
ts55720,GLOW,SHOW,2017,TV-MA,"['drama', 'comedy', 'sport', 'reality']",tt0784878,8
ts77852,Trolls: The Beat Goes On!,SHOW,2018,TV-G,"['comedy', 'romance', 'animation', 'family', 'fantasy']",tt7539608,5.8
ts78430,Collateral,SHOW,2018,TV-MA,"['drama', 'thriller', 'crime']",tt6729080,6.7
tm210043,Shot Caller,MOVIE,2017,R,"['thriller', 'crime', 'drama']",tt4633690,7.3
ts56261,Castlevania,SHOW,2017,TV-MA,"['scifi', 'drama', 'fantasy', 'horror', 'animation', 'action']",tt6517102,8.3
tm226948,The Shack,MOVIE,2017,PG-13,"['fantasy', 'drama']",tt2872518,6.2
ts82849,The Kominsky Method,SHOW,2018,TV-MA,"['drama', 'comedy']",tt7255502,8.2
ts74809,Knightfall,SHOW,2017,TV-14,"['action', 'drama', 'history']",tt4555364,6.7
ts56969,Atypical,SHOW,2017,TV-14,"['comedy', 'drama']",tt6315640,8.3
ts58155,Alias Grace,SHOW,2017,TV-MA,"['drama', 'thriller', 'crime']",tt1034007,7.7
tm288499,Roma,MOVIE,2018,R,"['drama', 'european']",tt6155172,7.7
ts76458,Deadwind,SHOW,2018,TV-MA,"['drama', 'thriller', 'crime']",tt6616260,7.3
tm299741,Crooked House,MOVIE,2017,PG-13,"['drama', 'crime']",tt1869347,6.3
ts39015,A Series of Unfortunate Events,SHOW,2017,TV-PG,"['action', 'family', 'comedy', 'drama']",tt4834206,7.8
tm244191,The Beguiled,MOVIE,2017,R,"['drama', 'documentation', 'war', 'thriller']",tt5592248,6.8
ts74816,American Vandal,SHOW,2017,TV-MA,"['comedy', 'drama', 'crime']",tt6877772,8.1
ts52821,Watership Down,SHOW,2018,TV-PG,"['animation', 'action', 'drama', 'family', 'fantasy']",tt5670764,7.2
ts77563,Mystery Science Theater 3000,SHOW,2017,TV-14,"['scifi', 'comedy', 'thriller', 'drama', 'horror']",tt6782014,8.2
ts80856,Chilling Adventures of Sabrina,SHOW,2018,TV-14,"['scifi', 'thriller', 'drama', 'horror', 'fantasy']",tt7569592,7.4
tm272060,What Happened to Monday,MOVIE,2017,R,"['thriller', 'drama', 'action', 'crime', 'fantasy', 'scifi']",tt1536537,6.8
tm233482,The Foreigner,MOVIE,2017,R,"['thriller', 'action', 'crime', 'drama', 'european']",tt4759848,7
tm271951,Apostle,MOVIE,2018,R,"['thriller', 'horror', 'drama', 'fantasy']",tt6217306,6.3
tm311815,Icarus,MOVIE,2017,,"['documentation', 'thriller', 'sport']",tt6333060,7.9
tm371380,The Package,MOVIE,2018,R,"['comedy', 'drama', 'thriller']",tt7525778,5.5
ts76869,Violet Evergarden,SHOW,2018,TV-14,"['drama', 'animation', 'scifi', 'fantasy', 'romance']",tt7078180,8.4
ts82526,Narcos: Mexico,SHOW,2018,TV-MA,"['drama', 'crime']",tt8714904,8.4
tm310899,Mary Magdalene,MOVIE,2018,R,['drama'],tt5360996,5.9
ts72247,Disenchantment,SHOW,2018,TV-14,"['scifi', 'comedy', 'fantasy', 'animation', 'action']",tt5363918,7.2
tm266666,Gerald's Game,MOVIE,2017,,"['horror', 'thriller', 'drama']",tt3748172,6.5
tm435086,Level 16,MOVIE,2018,,"['thriller', 'drama', 'scifi', 'european']",tt4006302,6
ts82189,BAKI,SHOW,2018,TV-MA,"['action', 'animation', 'drama', 'sport']",tt6357658,6.7
tm267401,The Invisible Guest,MOVIE,2017,R,"['thriller', 'crime', 'drama', 'european']",tt4857264,8
tm239286,The Cloverfield Paradox,MOVIE,2018,PG-13,"['thriller', 'horror', 'scifi', 'drama', 'action']",tt2548396,5.5
tm273294,I Don't Feel at Home in This World Anymore,MOVIE,2017,,"['drama', 'thriller', 'comedy', 'crime', 'european']",tt6149822,6.9
ts74823,Wet Hot American Summer: Ten Years Later,SHOW,2017,TV-MA,['comedy'],tt5669272,6.9
tm414285,Abducted in Plain Sight,MOVIE,2018,G,"['crime', 'documentation', 'thriller', 'drama']",tt6098534,6.8
tm244192,Annabelle: Creation,MOVIE,2017,R,"['horror', 'thriller']",tt5140878,6.5
ts77197,Seven Seconds,SHOW,2018,TV-MA,"['crime', 'drama']",tt6297682,7.7
tm419595,The Witch: Part 1. The Subversion,MOVIE,2018,,"['fantasy', 'action', 'european']",tt8574252,7.1
tm346943,Kodachrome,MOVIE,2017,,"['drama', 'comedy', 'european']",tt1880399,6.8
ts76865,Devilman Crybaby,SHOW,2018,TV-MA,"['scifi', 'animation', 'action', 'drama', 'fantasy', 'horror']",tt6660498,7.6
tm371900,Calibre,MOVIE,2018,,"['thriller', 'horror', 'drama']",tt6218358,6.8
ts312241,Oats Studios,SHOW,2017,TV-MA,"['scifi', 'horror']",tt16351432,6.4
ts121489,Two Sentence Horror Stories,SHOW,2017,TV-14,"['drama', 'horror', 'thriller']",tt6873926,5.5
tm270895,I Am Not Your Negro,MOVIE,2017,R,"['documentation', 'history', 'european']",tt5804038,7.9
ts55781,Black Spot,SHOW,2017,TV-MA,"['drama', 'thriller', 'crime', 'horror', 'european']",tt6519410,7.4
ts87369,Rust Valley Restorers,SHOW,2018,TV-14,['documentation'],tt9498102,7.8
tm374132,Bird Box,MOVIE,2018,R,"['thriller', 'drama', 'horror', 'scifi']",tt2737304,6.6
ts78080,Everything Sucks!,SHOW,2018,TV-14,"['drama', 'comedy']",tt7078710,7.5
tm244175,The Zookeeper's Wife,MOVIE,2017,PG-13,"['drama', 'war', 'history']",tt1730768,7
ts58307,Bad Blood,SHOW,2017,TV-14,"['drama', 'crime']",tt6423364,7.5
ts55645,Five Came Back,SHOW,2017,TV-MA,"['war', 'documentation', 'history']",tt6587094,8.3
tm319818,Outlaw King,MOVIE,2018,R,"['drama', 'action', 'history', 'war']",tt6679794,6.9
ts78558,Queer Eye,SHOW,2018,TV-14,['reality'],tt7259746,8.5
tm313683,Veronica,MOVIE,2017,R,['horror'],tt4276868,6.2
ts79926,James Acaster: Repertoire,SHOW,2018,TV-14,['comedy'],tt7818686,8.4
ts56648,The Keepers,SHOW,2017,TV-MA,"['crime', 'action', 'drama', 'documentation']",tt6792200,7.6
tm244332,Beirut,MOVIE,2018,R,"['thriller', 'action', 'crime', 'drama']",tt4669264,6.4
tm315340,The Night Comes for Us,MOVIE,2018,R,"['thriller', 'action']",tt6116856,6.9
ts42294,13 Reasons Why,SHOW,2017,TV-MA,"['drama', 'thriller']",tt1837492,7.5
ts84010,Pine Gap,SHOW,2018,TV-MA,"['drama', 'thriller']",tt7371868,7.2
tm414887,Destination Wedding,MOVIE,2018,R,"['romance', 'comedy', 'drama']",tt6987770,6
ts80035,Nightflyers,SHOW,2018,TV-MA,"['scifi', 'thriller', 'drama', 'horror']",tt6903284,5.8
tm420348,Cam,MOVIE,2018,,"['horror', 'thriller', 'drama']",tt8361028,5.9
ts57055,Black Lightning,SHOW,2018,TV-14,"['scifi', 'action', 'drama']",tt6045840,6.1
tm244206,The Meyerowitz Stories (New and Selected),MOVIE,2017,,"['drama', 'comedy']",tt5536736,6.9
tm434202,Malevolent,MOVIE,2018,,"['horror', 'thriller']",tt2386237,4.8
tm280828,The Babysitter,MOVIE,2017,R,"['horror', 'comedy']",tt4225622,6.4
tm366567,When We First Met,MOVIE,2018,PG-13,"['fantasy', 'comedy', 'romance']",tt5783956,6.4
tm310706,Extinction,MOVIE,2018,R,"['drama', 'thriller', 'scifi', 'action']",tt3201640,5.8
tm410435,To All the Boys I've Loved Before,MOVIE,2018,PG-13,"['romance', 'comedy', 'drama']",tt3846674,7.1
ts56480,Troy: Fall of a City,SHOW,2018,TV-MA,"['war', 'fantasy', 'romance', 'action']",tt5103758,3.9
tm307283,Cargo,MOVIE,2017,,"['drama', 'thriller', 'horror', 'scifi']",tt3860916,6.3
ts82597,The Dragon Prince,SHOW,2018,TV-Y7,"['scifi', 'animation', 'action', 'drama', 'family', 'fantasy', 'thriller']",tt8688814,8.4
ts55962,Dear White People,SHOW,2017,TV-MA,"['comedy', 'drama']",tt5707802,6.1
tm244229,Everybody Knows,MOVIE,2018,R,"['drama', 'crime', 'thriller', 'european']",tt4964788,6.9
ts75164,VeggieTales in the City,SHOW,2017,TV-Y,"['comedy', 'family', 'music', 'animation']",tt6562134,5.7
ts78452,Requiem,SHOW,2018,TV-MA,"['drama', 'animation', 'fantasy', 'thriller']",tt6712390,6.4
ts75263,Wormwood,SHOW,2017,TV-14,"['crime', 'drama', 'documentation', 'fantasy']",tt1149367,7
ts85568,Perfume,SHOW,2018,TV-MA,"['crime', 'thriller', 'drama', 'documentation', 'comedy', 'romance']",tt10163260,7.1
tm357589,The Guernsey Literary & Potato Peel Pie Society,MOVIE,2018,,"['romance', 'drama', 'history', 'war']",tt1289403,7.3
tm317542,1922,MOVIE,2017,,"['horror', 'crime', 'documentation', 'drama', 'thriller']",tt8312644,6.2
ts80705,Evil Genius,SHOW,2018,TV-MA,"['crime', 'documentation']",tt8342862,7.5
tm321703,Home Again,MOVIE,2017,PG-13,"['drama', 'romance', 'comedy']",tt5719700,5.8
tm300615,Mudbound,MOVIE,2017,R,"['drama', 'war']",tt2396589,7.4
tm244233,The Book of Henry,MOVIE,2017,PG-13,"['thriller', 'crime', 'drama']",tt4572792,6.5
ts81344,Explained,SHOW,2018,TV-MA,['documentation'],tt8005374,8
tm349803,"Jim & Andy: The Great Beyond - Featuring a Very Special, Contractually Obligated Mention of Tony Clifton",MOVIE,2017,,"['comedy', 'documentation']",tt7214762,7.7
ts82228,Cells at Work!,SHOW,2018,TV-14,"['action', 'fantasy', 'animation', 'comedy']",tt8673610,7.5
ts81331,She-Ra and the Princesses of Power,SHOW,2018,TV-Y7,"['scifi', 'action', 'family', 'animation', 'fantasy', 'comedy', 'drama']",tt7745956,7.8
ts55798,Stranger,SHOW,2017,TV-MA,"['drama', 'thriller', 'crime', 'romance', 'scifi', 'comedy']",tt5545948,8.5
ts78356,The Rain,SHOW,2018,TV-MA,"['drama', 'scifi', 'thriller']",tt6656238,7.3
ts86169,The Innocent Man,SHOW,2018,TV-MA,"['documentation', 'crime']",tt0914376,7.3
tm227940,Berlin Syndrome,MOVIE,2017,R,"['thriller', 'horror', 'drama']",tt3335606,6.2
tm243326,Anon,MOVIE,2018,R,"['scifi', 'drama', 'action', 'crime', 'thriller', 'european']",tt5419536,6.1
ts84280,Rascal Does Not Dream of Bunny Girl Senpai,SHOW,2018,TV-14,"['animation', 'comedy', 'thriller', 'fantasy', 'romance', 'drama']",tt8993398,8.1
tm244197,Replicas,MOVIE,2018,PG-13,"['thriller', 'drama', 'scifi']",tt4154916,5.5
tm368449,Private Life,MOVIE,2018,R,"['drama', 'comedy']",tt6394284,7.2
tm211554,Beyond Skyline,MOVIE,2017,R,"['scifi', 'thriller', 'horror', 'action']",tt6856700,5.3
tm363248,A Futile and Stupid Gesture,MOVIE,2018,,['comedy'],tt5566790,6.7
tm362881,Mirai,MOVIE,2018,PG,"['fantasy', 'animation', 'drama', 'family']",tt6900448,7
tm232673,The Strangers: Prey at Night,MOVIE,2018,,"['thriller', 'horror']",tt1285009,5.2
ts77957,Dirty Money,SHOW,2018,TV-14,"['crime', 'documentation']",tt7889220,8.1
ts84904,Tidelands,SHOW,2018,TV-MA,"['scifi', 'fantasy', 'crime', 'drama']",tt6898970,6.8
ts83999,Hilda,SHOW,2018,TV-Y7,"['scifi', 'family', 'fantasy', 'animation', 'comedy', 'drama']",tt6385540,8.5
ts57303,Friends from College,SHOW,2017,TV-MA,"['comedy', 'drama']",tt5565334,6.9
tm411311,King of Thieves,MOVIE,2018,R,"['drama', 'crime', 'history']",tt5789976,5.5
tm299677,Hold the Dark,MOVIE,2018,,"['thriller', 'horror', 'action', 'drama']",tt5057140,5.6
ts58025,My Little Pony: Equestria Girls,SHOW,2017,TV-Y,"['animation', 'comedy', 'family', 'fantasy']",tt13160278,6.4
ts82302,Insatiable,SHOW,2018,TV-MA,"['drama', 'comedy', 'thriller']",tt6487482,6.5
tm449070,Black Mirror: Bandersnatch,MOVIE,2018,R,"['scifi', 'thriller', 'fantasy', 'drama']",tt9495224,7.1
ts85895,Better Than Us,SHOW,2018,TV-MA,"['scifi', 'drama']",tt8285216,7.3
ts56511,Cable Girls,SHOW,2017,TV-MA,"['drama', 'european']",tt5674718,7.6
ts57822,Sick Note,SHOW,2017,TV-MA,"['comedy', 'crime']",tt5770788,6.8
tm363488,RBG,MOVIE,2018,PG,['documentation'],tt7689964,7.6
tm221953,Bāhubali 2: The Conclusion,MOVIE,2017,,"['fantasy', 'action', 'drama']",tt4849438,8.2
tm435916,The Perfection,MOVIE,2018,,"['thriller', 'drama', 'horror', 'music']",tt7772580,6.1
tm233362,The Discovery,MOVIE,2017,,"['thriller', 'drama', 'romance', 'scifi']",tt5155780,6.2
ts79546,MEGALOBOX,SHOW,2018,TV-MA,"['action', 'animation', 'drama', 'scifi', 'sport']",tt7965802,7.8
tm362098,The Kindergarten Teacher,MOVIE,2018,R,"['drama', 'thriller', 'european']",tt6952960,6.7
tm346467,Wheelman,MOVIE,2017,R,"['thriller', 'crime', 'action']",tt5723286,6.4
tm433381,Mirage,MOVIE,2018,R,"['thriller', 'drama', 'documentation', 'fantasy', 'music', 'romance', 'european']",tt7919356,7.4
tm412550,Set It Up,MOVIE,2018,PG-13,"['comedy', 'romance']",tt5304992,6.5
tm315424,An Evening with Beverly Luff Linn,MOVIE,2018,R,"['crime', 'comedy']",tt6520524,5.8
ts84533,Transformers: Cyberverse,SHOW,2018,TV-Y7,"['action', 'animation', 'scifi']",tt8891990,6.5
tm499724,The Delivery Boy,MOVIE,2018,,"['thriller', 'drama']",tt8541826,6.2
ts83455,Wanderlust,SHOW,2018,TV-MA,['drama'],tt7608238,7
ts75772,Jack Whitehall: Travels with My Father,SHOW,2017,TV-MA,"['reality', 'comedy', 'documentation', 'european']",tt7453996,7.6
tm414220,Little Italy,MOVIE,2018,R,"['romance', 'comedy']",tt6957966,5.7
ts77518,Teasing Master Takagi-san,SHOW,2018,TV-PG,"['comedy', 'animation', 'romance']",tt7808344,7.7
ts79234,The Boss Baby: Back in Business,SHOW,2018,TV-G,"['action', 'comedy', 'animation', 'family', 'fantasy']",tt7741824,6.4
tm139545,The Outsider,MOVIE,2018,R,"['crime', 'thriller', 'action', 'drama']",tt2011311,6.2
ts77824,My Next Guest Needs No Introduction With David Letterman,SHOW,2018,TV-MA,[],tt7829834,7.9
tm314477,Skins,MOVIE,2017,,"['comedy', 'drama', 'fantasy', 'european']",tt5808778,6.1
tm420274,Hannah Gadsby: Nanette,MOVIE,2018,,"['comedy', 'documentation']",tt8465676,8.1
tm434008,Banana Split,MOVIE,2018,R,['comedy'],tt7755856,6.2
ts80720,Scissor Seven,SHOW,2018,TV-PG,"['action', 'animation', 'comedy', 'drama', 'fantasy', 'romance']",tt11503082,8.5
ts57439,Damnation,SHOW,2017,TV-MA,"['western', 'drama', 'crime']",tt6106704,7.6
tm317566,Creep 2,MOVIE,2017,R,"['horror', 'thriller', 'crime', 'drama']",tt3654796,6.4
tm417496,Dumplin',MOVIE,2018,PG-13,"['comedy', 'drama']",tt4878482,6.5
tm367065,Shirkers,MOVIE,2018,,['documentation'],tt7472352,7.4
tm426274,The After Party,MOVIE,2018,,"['comedy', 'horror', 'music']",tt3960240,5.7
tm433228,Red Joan,MOVIE,2018,R,"['thriller', 'drama', 'history', 'romance']",tt7615302,6.4
tm244325,Mute,MOVIE,2018,R,"['thriller', 'drama', 'scifi']",tt1464763,5.4
ts75157,The Magic School Bus Rides Again,SHOW,2017,TV-Y,"['animation', 'family', 'fantasy']",tt3869122,6.2
tm316414,Hell Fest,MOVIE,2018,R,"['horror', 'thriller']",tt1999890,5.5
tm311921,Small Town Crime,MOVIE,2018,R,"['thriller', 'crime']",tt5751998,6.6
tm370212,Adrift,MOVIE,2018,PG-13,"['thriller', 'drama', 'romance', 'action', 'european']",tt6306064,6.6
ts58152,Cathedral of the Sea,SHOW,2018,TV-MA,"['drama', 'history']",tt4944694,7.4
ts84779,Haunted,SHOW,2018,TV-MA,"['documentation', 'horror', 'reality']",tt9077192,4.6
tm410742,Happy as Lazzaro,MOVIE,2018,PG-13,"['fantasy', 'drama', 'european']",tt6752992,7.5
tm281935,A Bad Moms Christmas,MOVIE,2017,R,['comedy'],tt6365402,5.6
tm323634,A-X-L,MOVIE,2018,PG-13,"['scifi', 'family', 'thriller', 'action', 'drama']",tt5709188,5.3
tm139885,The Other Side of the Wind,MOVIE,2018,R,"['drama', 'european']",tt0069049,6.7
ts56038,Dave Chappelle,SHOW,2017,,"['comedy', 'documentation']",tt6963504,8.7
tm349278,Ravenous,MOVIE,2017,,"['horror', 'animation', 'documentation', 'scifi', 'thriller', 'action', 'drama']",tt6243140,5.8
ts84574,Salt Fat Acid Heat,SHOW,2018,,['documentation'],tt8772088,7.7
ts56481,Great News,SHOW,2017,TV-PG,['comedy'],tt4955480,7
ts82560,Dark Tourist,SHOW,2018,TV-MA,"['action', 'documentation']",tt8725166,7.5
tm348993,22-Jul,MOVIE,2018,R,"['thriller', 'history', 'crime', 'drama', 'european']",tt7280898,6.8
ts55231,Abstract: The Art of Design,SHOW,2017,TV-14,['documentation'],tt6333098,8.4
tm285107,Victoria & Abdul,MOVIE,2017,PG-13,"['drama', 'history']",tt5816682,6.8
ts88783,Bakugan: Battle Planet,SHOW,2018,TV-Y7,"['scifi', 'animation', 'action', 'comedy', 'family', 'fantasy']",tt9527662,5.1
tm414962,May the Devil Take You,MOVIE,2018,R,"['thriller', 'horror']",tt8765496,5.9
ts57814,Kakegurui,SHOW,2017,TV-14,"['action', 'animation', 'drama', 'thriller']",tt7131720,7.2
ts113109,Numberblocks,SHOW,2017,TV-Y,['animation'],tt7978538,8.6
ts85138,Dogs,SHOW,2018,TV-PG,['documentation'],tt0262158,8
ts57424,The Forest,SHOW,2017,TV-MA,"['crime', 'thriller', 'drama', 'european']",tt6560040,7.2
tm240076,Buster's Mal Heart,MOVIE,2017,,"['thriller', 'drama', 'crime']",tt5833778,6.2
ts82281,Zoids Wild,SHOW,2018,TV-Y7,"['scifi', 'action', 'comedy', 'animation']",tt12317724,6
tm217228,Death Note,MOVIE,2017,NC-17,"['fantasy', 'horror', 'thriller', 'action', 'crime', 'drama']",tt1241317,4.5
ts77474,Mr. Sunshine,SHOW,2018,TV-MA,"['drama', 'action', 'history', 'romance', 'war']",tt7094780,8.7
tm244307,Bright,MOVIE,2017,R,"['thriller', 'fantasy', 'action', 'crime', 'scifi']",tt5519340,6.3
tm298846,The Incredible Jessica James,MOVIE,2017,,['comedy'],tt5990342,6.5
tm412623,The Kissing Booth,MOVIE,2018,,"['romance', 'comedy']",tt3799232,5.9
tm298339,Handsome Devil,MOVIE,2017,,"['drama', 'comedy', 'sport', 'european']",tt5016946,7
ts57964,Hotel Transylvania: The Series,SHOW,2017,TV-Y7,"['comedy', 'family', 'fantasy', 'horror', 'animation']",tt4858114,5.5
tm245176,Sand Castle,MOVIE,2017,,"['drama', 'action', 'war']",tt2582576,6.3
ts78298,My Mister,SHOW,2018,TV-14,"['drama', 'family']",tt7923710,9.2
ts83251,Magic for Humans,SHOW,2018,TV-14,"['comedy', 'reality']",tt8425308,7.1
ts55194,Bill Nye Saves the World,SHOW,2017,TV-14,['comedy'],tt6026278,3.5
ts84335,1983,SHOW,2018,TV-MA,"['drama', 'crime', 'thriller']",tt7371666,6.8
tm351101,Errementari: The Blacksmith and the Devil,MOVIE,2018,,"['drama', 'fantasy', 'horror', 'thriller', 'european']",tt5592878,6.4
tm299504,Holy Camp!,MOVIE,2017,,"['comedy', 'european']",tt5176252,6.2
tm321224,"Game Over, Man!",MOVIE,2018,R,"['comedy', 'action']",tt3317234,5.4
tm359978,Forgotten,MOVIE,2017,,"['thriller', 'horror', 'crime', 'scifi']",tt4236484,7.4
tm306301,Piercing,MOVIE,2018,R,"['thriller', 'horror']",tt6516314,5.5
ts57947,Unit 42,SHOW,2017,,"['crime', 'thriller', 'drama', 'european']",tt6136644,7
ts53936,Innocent,SHOW,2017,TV-14,"['drama', 'crime']",tt6478854,8.4
ts83763,Black Earth Rising,SHOW,2018,TV-MA,"['crime', 'thriller']",tt7660730,7.4
tm298084,On Body and Soul,MOVIE,2017,,"['fantasy', 'drama', 'romance']",tt5607714,7.5
tm244148,Mowgli: Legend of the Jungle,MOVIE,2018,PG-13,"['drama', 'fantasy']",tt2388771,6.5
tm436470,No Escape Room,MOVIE,2018,,"['thriller', 'horror']",tt9099102,5
ts82892,I Am a Killer,SHOW,2018,TV-MA,"['crime', 'documentation']",tt8300324,7.4
tm219259,Goon: Last of the Enforcers,MOVIE,2017,R,"['comedy', 'sport']",tt2417712,5.8
ts79422,Nailed It!,SHOW,2018,TV-PG,"['reality', 'comedy']",tt6987788,7.4
ts80523,Aggretsuko,SHOW,2018,TV-14,"['animation', 'music', 'romance', 'comedy', 'drama']",tt8019444,8
ts83561,Immortals,SHOW,2018,TV-MA,"['scifi', 'action', 'drama', 'fantasy', 'thriller', 'music']",tt8063174,5.4
tm375912,Ricky Gervais: Humanity,MOVIE,2018,R,['comedy'],tt7830574,7.9
tm356742,Trolls Holiday,MOVIE,2017,PG,"['fantasy', 'comedy', 'family', 'romance', 'animation']",tt6645614,6.2
tm244317,To the Bone,MOVIE,2017,,['drama'],tt6143418,6.8
ts78382,On My Block,SHOW,2018,TV-14,"['comedy', 'drama']",tt7879820,7.9
ts86296,Sunderland 'Til I Die,SHOW,2018,TV-MA,"['documentation', 'sport']",tt8914684,8.1
ts41527,Gypsy,SHOW,2017,TV-MA,"['drama', 'thriller']",tt5503718,6.8
tm292837,The Bar,MOVIE,2017,,"['horror', 'thriller', 'comedy', 'fantasy', 'european']",tt5121816,6.3
tm414709,Siberia,MOVIE,2018,R,"['thriller', 'european', 'crime', 'romance']",tt6494688,4.3
ts78507,Alexa & Katie,SHOW,2018,TV-Y7,"['comedy', 'drama']",tt6916746,7.4
tm321295,Woodshock,MOVIE,2017,R,"['thriller', 'horror', 'drama', 'fantasy']",tt4677924,4.2
tm233294,War Machine,MOVIE,2017,R,"['drama', 'comedy', 'war']",tt4758646,6
tm328443,Illang: The Wolf Brigade,MOVIE,2018,R,"['thriller', 'drama', 'action', 'scifi']",tt3967878,5.9
tm324155,Security,MOVIE,2017,R,"['crime', 'thriller', 'action', 'european']",tt3501112,5.7
tm289181,Newness,MOVIE,2017,,"['drama', 'romance']",tt6408226,6.3
ts89538,Bitter Daisies,SHOW,2018,,"['drama', 'thriller']",tt9412454,7.2
tm370436,The Breaker Upperers,MOVIE,2018,,['comedy'],tt6728096,5.9
tm351216,Joan Didion: The Center Will Not Hold,MOVIE,2017,,['documentation'],tt7253506,7.4
tm318200,Clive Davis: The Soundtrack of Our Lives,MOVIE,2017,PG-13,"['music', 'documentation']",tt6494358,7.5
ts57464,Life Sentence,SHOW,2018,TV-14,"['drama', 'comedy']",tt6088922,6.4
ts228255,Cry Babies Magic Tears,SHOW,2018,TV-Y,"['animation', 'family']",tt11067738,4.8
ts58175,She's Gotta Have It,SHOW,2017,TV-MA,['comedy'],tt0196291,6.8
ts77525,The Toys That Made Us,SHOW,2017,TV-14,"['documentation', 'comedy', 'history']",tt7053920,8
ts58225,The Standups,SHOW,2017,TV-MA,['comedy'],tt15250768,6.6
ts84243,Baby,SHOW,2018,TV-MA,['drama'],tt7645192,6.8
ts78231,Unsolved: The Murders of Tupac and The Notorious B.I.G.,SHOW,2018,TV-MA,['crime'],tt6233618,7.8
ts56594,Disjointed,SHOW,2017,TV-MA,['comedy'],tt5884792,6.8
tm370232,We the Animals,MOVIE,2018,R,['drama'],tt7681824,6.9
ts57080,Spirit: Riding Free,SHOW,2017,TV-Y7,"['action', 'animation', 'comedy', 'drama', 'family', 'western', 'documentation']",tt11942070,6.6
tm439484,Welcome Home,MOVIE,2018,R,"['thriller', 'horror', 'drama']",tt6829180,5.2
tm271960,Midnight Sun,MOVIE,2018,PG-13,"['drama', 'romance', 'european']",tt4799078,6.6
tm349800,Unicorn Store,MOVIE,2017,,"['fantasy', 'comedy', 'drama']",tt2340044,5.5
tm352588,Tau,MOVIE,2018,R,"['thriller', 'scifi']",tt4357394,5.8
tm219258,Brain on Fire,MOVIE,2017,PG-13,"['drama', 'european']",tt3704700,6.6
ts57082,White Gold,SHOW,2017,TV-MA,"['comedy', 'european']",tt6010920,7.4
ts53101,Voice,SHOW,2017,TV-14,"['crime', 'thriller', 'action']",tt6212854,7.5
ts81885,The Good Cop,SHOW,2018,TV-PG,"['comedy', 'drama', 'crime', 'documentation']",tt7183074,6.9
tm411415,If I Leave Here Tomorrow: A Film About Lynyrd Skynyrd,MOVIE,2018,,"['documentation', 'music']",tt6216786,7.9
tm406881,Bathtubs Over Broadway,MOVIE,2018,PG-13,"['comedy', 'music', 'documentation']",tt6029778,7.6
ts77783,Record of Grancrest War,SHOW,2018,TV-14,"['scifi', 'action', 'fantasy', 'war', 'animation']",tt7897050,7.1
ts79020,Hitler's Circle of Evil,SHOW,2018,TV-14,"['documentation', 'war', 'history']",tt6600720,8
tm307910,What the Health,MOVIE,2017,,['documentation'],tt5541848,7.4
ts77799,Rotten,SHOW,2018,TV-MA,['documentation'],tt7763662,7.2
tm368241,Duck Butter,MOVIE,2018,,"['drama', 'comedy', 'romance']",tt6958014,5.3
ts75749,Because This Is My First Life,SHOW,2017,TV-14,"['comedy', 'drama', 'romance']",tt7278588,8.2
tm321596,The Long Dumb Road,MOVIE,2018,R,['comedy'],tt4712076,6.1
ts86945,Abby Hatcher,SHOW,2018,TV-Y,"['fantasy', 'animation', 'comedy', 'family']",tt9433014,6.1
ts84056,Unauthorized Living,SHOW,2018,TV-MA,['drama'],tt6970700,7.4
ts89069,LEGO Friends: Girls on a Mission,SHOW,2018,TV-Y,['animation'],tt9327146,7.7
ts76417,Tabula Rasa,SHOW,2017,TV-MA,"['drama', 'horror', 'thriller', 'european']",tt5197860,8
ts86814,Murder Mountain,SHOW,2018,TV-MA,"['crime', 'documentation']",tt9078908,6.8
ts85968,Nicky Jam: El Ganador,SHOW,2018,,"['drama', 'music']",tt7949200,7.7
ts85837,SKY Castle,SHOW,2018,TV-MA,['drama'],tt9151274,8.6
ts76313,Sisters,SHOW,2017,TV-14,"['drama', 'comedy']",tt8453436,7.5
ts75355,Suburra: Blood on Rome,SHOW,2017,TV-MA,"['crime', 'action', 'european']",tt7197684,7.9
tm308090,Bill Nye: Science Guy,MOVIE,2017,,['documentation'],tt4853154,6.5
tm271959,Mr. Roosevelt,MOVIE,2017,,['comedy'],tt6212496,6.2
tm411507,John Mulaney: Kid Gorgeous at Radio City,MOVIE,2018,R,['comedy'],tt8271714,7.9
tm245937,Win It All,MOVIE,2017,,['comedy'],tt3155328,6.2
ts83745,Norm Macdonald Has a Show,SHOW,2018,,['comedy'],tt8139862,8.6
tm423373,Andhadhun,MOVIE,2018,R,"['thriller', 'music', 'drama', 'comedy', 'crime']",tt8303792,8.2
ts76486,Just Between Lovers,SHOW,2017,TV-14,"['drama', 'romance']",tt7521898,8.2
ts82372,The Epic Tales of Captain Underpants,SHOW,2018,TV-Y7,"['animation', 'comedy', 'family', 'action']",tt7741830,6.7
ts79045,Ugly Delicious,SHOW,2018,TV-MA,['documentation'],tt7907916,7.8
ts81757,The House of Flowers,SHOW,2018,TV-MA,"['drama', 'comedy']",tt8387348,7.6
tm409766,In Darkness,MOVIE,2018,,['thriller'],tt5164184,5.7
tm322243,Shimmer Lake,MOVIE,2017,,"['thriller', 'crime', 'drama']",tt1386691,6.3
ts55491,Somewhere Between,SHOW,2017,TV-14,"['crime', 'drama', 'scifi', 'thriller']",tt6467294,6.2
ts77600,Hot Date,SHOW,2017,TV-MA,['comedy'],tt7603386,7.1
tm406111,The Debt Collector,MOVIE,2018,,"['action', 'comedy']",tt7448180,5.8
tm300054,Orbiter 9,MOVIE,2017,,"['scifi', 'drama', 'romance', 'european']",tt3469798,5.9
tm357479,Day of the Dead: Bloodline,MOVIE,2017,R,"['horror', 'drama', 'scifi', 'thriller', 'action', 'european']",tt3053228,3.4
tm232965,Lovesong,MOVIE,2017,,"['romance', 'drama']",tt4305148,6.3
ts80411,Lawless Lawyer,SHOW,2018,TV-14,"['action', 'crime', 'drama', 'thriller']",tt8160178,7.7
tm431347,Reversing Roe,MOVIE,2018,,['documentation'],tt8948614,7.5
tm285356,First They Killed My Father,MOVIE,2017,R,"['drama', 'history', 'war']",tt4882376,7.2
tm368040,The Titan,MOVIE,2018,R,"['thriller', 'fantasy', 'scifi', 'drama', 'romance']",tt6973848,4.8
ts78217,Welcome to the Family,SHOW,2018,TV-MA,['comedy'],tt7490342,6.6
ts78299,Llama Llama,SHOW,2018,TV-Y,"['animation', 'family']",tt4781350,6.5
ts75002,Borderliner,SHOW,2017,TV-MA,"['drama', 'thriller', 'crime', 'history', 'war', 'documentation']",tt0332902,6.8
tm285340,Girlfriend's Day,MOVIE,2017,,"['drama', 'comedy']",tt2962984,5.2
tm1883,Animal Crackers,MOVIE,2017,PG,"['comedy', 'animation', 'family', 'fantasy']",tt4155534,5.8
ts76753,A Korean Odyssey,SHOW,2017,TV-MA,"['comedy', 'romance', 'fantasy', 'horror']",tt7099334,8
tm324870,Dude,MOVIE,2018,,"['comedy', 'drama']",tt6151516,5.2
tm284015,My Happy Family,MOVIE,2017,,['drama'],tt5791536,7.4
tm326624,Unrest,MOVIE,2017,,"['documentation', 'drama', 'history', 'romance', 'european']",tt6510268,7.6
tm300184,iBoy,MOVIE,2017,,"['scifi', 'action', 'crime', 'thriller']",tt6105716,6
tm411958,Ibiza,MOVIE,2018,,"['comedy', 'romance']",tt3685236,5.2
tm270999,The Resurrection of Gavin Stone,MOVIE,2017,PG,"['drama', 'family', 'romance', 'comedy']",tt4902904,6.2
ts77755,Power Rangers Ninja Steel,SHOW,2017,TV-Y7,"['action', 'scifi', 'thriller', 'drama']",tt5335606,6.1
tm307612,Strong Island,MOVIE,2017,,"['documentation', 'crime']",tt5873150,6.4
tm320255,Bad Genius,MOVIE,2017,PG-13,"['thriller', 'comedy', 'crime', 'drama']",tt6788942,7.6
ts56201,Cloudy with a Chance of Meatballs,SHOW,2017,TV-Y7,"['action', 'fantasy', 'scifi', 'animation', 'comedy', 'family']",tt4123482,3.4
ts88234,Man Like Mobeen,SHOW,2017,TV-MA,['comedy'],tt7639280,8
tm425138,Godzilla: The Planet Eater,MOVIE,2018,PG,"['animation', 'action', 'scifi', 'horror']",tt8478602,5
tm241990,Blame!,MOVIE,2017,PG-13,"['scifi', 'thriller', 'animation', 'action', 'drama']",tt6574146,6.6
ts53960,Granblue Fantasy: The Animation,SHOW,2017,TV-14,"['scifi', 'animation', 'fantasy']",tt6138612,6.4
tm353742,Bullet Head,MOVIE,2017,R,"['thriller', 'crime', 'drama', 'european']",tt6204340,5.4
ts81414,Meteor Garden,SHOW,2018,TV-14,"['comedy', 'family', 'drama', 'romance']",tt8690890,7.9
ts77014,Wolf,SHOW,2018,TV-MA,"['war', 'drama', 'action', 'thriller']",tt7146600,8.1
ts56993,Fallet,SHOW,2017,TV-MA,"['drama', 'comedy', 'crime', 'european']",tt6433844,6.8
tm429163,The Photographer of Mauthausen,MOVIE,2018,R,"['thriller', 'drama', 'war', 'history', 'european']",tt6704776,6.7
ts81542,The Hollow,SHOW,2018,TV-Y7,"['comedy', 'scifi', 'animation', 'drama', 'family']",tt6193336,7.1
ts83232,The Mire,SHOW,2018,TV-MA,"['crime', 'drama', 'thriller']",tt8855592,7
tm311789,The Most Hated Woman in America,MOVIE,2017,,"['drama', 'history']",tt4842646,6.1
ts82268,GHOUL,SHOW,2018,TV-MA,"['scifi', 'drama', 'fantasy', 'horror']",tt5909930,8
ts87043,Transformers: Rescue Bots Academy,SHOW,2018,TV-Y,"['scifi', 'animation', 'action', 'comedy', 'family']",tt9557874,6
tm359103,River's Edge,MOVIE,2018,,"['drama', 'crime']",tt7476946,6.2
ts86164,Hero Mask,SHOW,2018,TV-14,"['scifi', 'animation', 'action', 'crime']",tt9316078,6.1
ts9075,The Fix,SHOW,2018,TV-MA,['comedy'],tt5960546,7
tm315584,Godzilla: Planet of the Monsters,MOVIE,2017,PG-13,"['scifi', 'animation', 'action']",tt5979874,6
ts83790,The Beauty Inside,SHOW,2018,TV-14,"['drama', 'fantasy', 'romance']",tt8801708,7.6
ts57811,Fate/Apocrypha,SHOW,2017,TV-14,"['action', 'scifi', 'animation', 'drama', 'fantasy']",tt6424454,6.6
tm407827,Girl,MOVIE,2018,R,"['drama', 'european']",tt8254556,7.1
tm348003,Acts of Vengeance,MOVIE,2017,R,"['thriller', 'action', 'drama', 'crime', 'european']",tt6288694,5.7
ts85686,The Casketeers,SHOW,2018,TV-14,"['reality', 'documentation']",tt8365054,7.5
ts83360,The Guest,SHOW,2018,TV-MA,"['crime', 'thriller', 'drama', 'horror', 'comedy']",tt8801670,8.1
tm266652,Bleach,MOVIE,2018,PG-13,"['fantasy', 'action']",tt5986074,6.4
ts95569,Rainbow Rangers,SHOW,2018,TV-Y,"['family', 'fantasy', 'animation']",tt7967882,5.8
tm285295,Our Souls at Night,MOVIE,2017,,"['drama', 'romance']",tt5034266,6.9
tm317110,Psychokinesis,MOVIE,2018,,"['fantasy', 'action', 'comedy']",tt4838572,5.9
tm324124,"Oh, Hello on Broadway",MOVIE,2017,,['comedy'],tt6987652,7.7
ts78590,The Mechanism,SHOW,2018,TV-MA,"['drama', 'thriller', 'crime']",tt6873658,8
ts77520,Mob Psycho 100,SHOW,2018,,"['action', 'scifi', 'thriller']",tt7701694,5.2
tm244519,Birth of the Dragon,MOVIE,2017,PG-13,"['drama', 'action']",tt2720826,5.6
tm260272,Little Evil,MOVIE,2017,,"['comedy', 'fantasy', 'horror']",tt2937366,5.7
tm347530,Gaga: Five Foot Two,MOVIE,2017,,"['music', 'documentation']",tt7291268,7
ts85170,Memories of the Alhambra,SHOW,2018,TV-MA,"['action', 'scifi', 'thriller', 'drama', 'romance']",tt8236556,7.8
ts90594,Barbie: Dreamhouse Adventures,SHOW,2018,TV-Y,"['comedy', 'family', 'animation']",tt7661472,6.7
tm312577,Fullmetal Alchemist,MOVIE,2017,PG-13,"['fantasy', 'scifi', 'action']",tt5749000,5.2
ts83502,Ad Vitam,SHOW,2018,TV-MA,"['scifi', 'crime', 'drama']",tt8548830,6.4
tm344886,The Angel,MOVIE,2018,,"['thriller', 'action', 'drama']",tt5968274,6.6
ts85034,Patriot Act with Hasan Minhaj,SHOW,2018,TV-MA,['comedy'],tt8080054,8.2
tm365122,Benji,MOVIE,2018,PG,"['crime', 'drama', 'family']",tt1799516,6.3
ts83537,Signs,SHOW,2018,TV-MA,"['thriller', 'crime', 'european']",tt8917248,6.4
tm320670,White Fang,MOVIE,2018,PG,"['animation', 'drama', 'western', 'european']",tt7016508,6.9
ts79157,B: The Beginning,SHOW,2018,TV-MA,"['scifi', 'action', 'drama', 'thriller', 'horror', 'animation', 'fantasy', 'crime']",tt7944664,7.1
ts81918,Sugar Rush,SHOW,2018,TV-PG,['reality'],tt8680560,7
tm367250,The Resistance Banker,MOVIE,2018,R,"['drama', 'war', 'european']",tt4610378,6.9
ts56718,El Chapo,SHOW,2017,TV-MA,"['drama', 'action', 'history', 'crime']",tt6692188,7.8
ts80959,Sacred Games,SHOW,2018,TV-MA,"['action', 'thriller', 'crime', 'drama']",tt10810630,8.6
ts53693,The Worst Witch,SHOW,2017,TV-Y7,"['scifi', 'fantasy', 'family', 'european']",tt5721172,7.2
ts75477,The Confession Tapes,SHOW,2017,TV-MA,"['documentation', 'crime']",tt7349602,7.5
ts131579,Thieves of the Wood,SHOW,2018,TV-MA,"['drama', 'history', 'action', 'thriller', 'comedy', 'documentation']",tt5766086,6.8
tm425732,The Land of Steady Habits,MOVIE,2018,,"['drama', 'comedy']",tt6485928,6.2
ts85175,Girl from Nowhere,SHOW,2018,TV-MA,"['drama', 'fantasy', 'horror', 'thriller', 'crime']",tt8824648,7.6
ts83071,Afflicted,SHOW,2018,TV-MA,"['reality', 'documentation']",tt8792570,5.1
ts77545,Dope,SHOW,2017,TV-MA,"['war', 'crime', 'documentation', 'thriller', 'comedy', 'drama']",tt7782022,7.3
ts83540,Paradise PD,SHOW,2018,TV-MA,"['comedy', 'crime', 'animation', 'action']",tt8235236,6.8
ts236347,Thus Spoke Kishibe Rohan,SHOW,2017,TV-MA,"['action', 'scifi', 'thriller', 'animation', 'drama', 'fantasy']",tt13887556,7.6
tm416105,Steve Martin and Martin Short: An Evening You Will Forget for the Rest of Your Life,MOVIE,2018,,"['comedy', 'music', 'documentation']",tt8075256,7.1
ts78206,Welcome to Waikiki,SHOW,2018,TV-MA,"['drama', 'comedy', 'reality']",tt7890304,8.3
ts84135,The Inmate,SHOW,2018,TV-MA,"['crime', 'thriller', 'drama']",tt8452308,6.9
ts79026,The Innocents,SHOW,2018,TV-MA,"['drama', 'scifi', 'horror', 'romance', 'thriller']",tt8021824,6.2
tm285171,Clinical,MOVIE,2017,,"['thriller', 'horror']",tt5577742,5.1
ts56045,Charité,SHOW,2017,TV-MA,"['drama', 'history', 'european']",tt5337806,7.8
tm311995,The Battleship Island,MOVIE,2017,PG-13,"['action', 'drama', 'history']",tt5969696,7.1
ts87194,Instant Hotel,SHOW,2018,TV-MA,['reality'],tt9316032,7.3
ts68146,Myths & Monsters,SHOW,2017,TV-PG,"['documentation', 'fantasy', 'european']",tt11279458,7.8
ts76603,Erased,SHOW,2017,TV-14,"['drama', 'scifi', 'thriller', 'fantasy']",tt7573686,7.8
ts84930,The Hook Up Plan,SHOW,2018,TV-14,"['comedy', 'romance']",tt9170638,7.2
ts78246,Kiss Me First,SHOW,2018,TV-MA,"['scifi', 'thriller', 'drama']",tt5730690,6.2
tm298779,Lu Over the Wall,MOVIE,2017,PG,"['fantasy', 'animation', 'family', 'music', 'comedy']",tt6452332,6.8
ts81526,November 13: Attack on Paris,SHOW,2018,TV-MA,['documentation'],tt8194716,8.3
ts81583,Life,SHOW,2018,,"['drama', 'thriller']",tt8243158,7.6
tm319882,Hampstead,MOVIE,2017,PG-13,"['comedy', 'romance', 'drama']",tt5153236,6
tm420656,Reprisal,MOVIE,2018,R,"['action', 'thriller', 'crime', 'drama']",tt6547170,4.2
tm420334,Like Father,MOVIE,2018,R,"['comedy', 'drama']",tt7170950,6.1
tm368538,MILF,MOVIE,2018,,"['comedy', 'european']",tt7205316,4.8
ts55581,The Bride of Habaek,SHOW,2017,TV-14,"['drama', 'romance', 'comedy', 'fantasy']",tt6385752,7.1
tm357820,The Open House,MOVIE,2018,,"['horror', 'thriller']",tt7608028,3.2
tm244521,Catfight,MOVIE,2017,,"['comedy', 'drama', 'action']",tt5294198,5.9
ts56933,The New Legends of Monkey,SHOW,2018,TV-PG,"['scifi', 'action', 'comedy', 'fantasy']",tt6807662,6.4
ts84645,Medal of Honor,SHOW,2018,TV-MA,"['documentation', 'war']",tt7440274,8.2
tm419733,"My Teacher, My Obsession",MOVIE,2018,,"['thriller', 'drama']",tt6997574,4.4
tm315850,Take Me,MOVIE,2017,,"['comedy', 'crime', 'thriller']",tt6598734,6.1
tm324820,MFKZ,MOVIE,2018,R,"['crime', 'scifi', 'thriller', 'animation', 'action', 'comedy', 'european']",tt4717402,6.7
ts74962,True and the Rainbow Kingdom,SHOW,2017,TV-Y,"['comedy', 'family', 'fantasy', 'animation']",tt5607658,7.1
tm296398,Steel Rain,MOVIE,2017,,"['thriller', 'action', 'drama']",tt6769508,7.1
ts79997,Something in the Rain,SHOW,2018,TV-MA,"['drama', 'romance']",tt8078816,8.2
tm438502,Sad Hill Unearthed,MOVIE,2017,,"['documentation', 'european']",tt6997426,7.4
ts75676,The Velvet Collection,SHOW,2017,TV-14,"['drama', 'comedy', 'romance', 'european']",tt6762348,7.3
tm365824,Zero,MOVIE,2018,,"['comedy', 'drama', 'scifi', 'romance', 'thriller', 'fantasy', 'european']",tt6527426,5.2
tm436844,The Christmas Chronicles,MOVIE,2018,PG,"['fantasy', 'family', 'comedy']",tt2990140,7
tm359150,Nothing to Hide,MOVIE,2018,,"['drama', 'comedy', 'european']",tt7489816,6.8
ts58297,The Indian Detective,SHOW,2017,,"['comedy', 'drama', 'crime']",tt5797220,6.6
ts55939,Bonus Family,SHOW,2017,,"['drama', 'reality', 'family', 'comedy', 'documentation', 'music', 'european']",tt0869654,2.3
ts86994,Serial Killer with Piers Morgan,SHOW,2017,TV-14,"['crime', 'documentation']",tt7667038,3.8
tm351931,Patrick,MOVIE,2018,PG,"['comedy', 'drama', 'family', 'romance']",tt6542108,6.2
tm285649,The Ottoman Lieutenant,MOVIE,2017,R,"['drama', 'war']",tt4943322,6.4
ts53264,My Shy Boss,SHOW,2017,TV-MA,"['comedy', 'drama', 'romance']",tt6257622,7.3
ts309731,Gormiti,SHOW,2018,TV-Y,"['comedy', 'action', 'animation', 'fantasy', 'thriller']",tt9077350,5.3
tm306811,Casting JonBenet,MOVIE,2017,,"['crime', 'documentation', 'drama']",tt6333052,6.1
ts85822,Selection Day,SHOW,2018,TV-14,"['drama', 'comedy', 'sport']",tt10656928,7.4
ts80617,The Protector,SHOW,2018,TV-MA,"['action', 'scifi', 'fantasy', 'drama']",tt7668518,6.5
tm372318,The World Is Yours,MOVIE,2018,R,"['crime', 'comedy', 'european']",tt6892462,6.3
tm351214,Long Shot,MOVIE,2017,,"['documentation', 'crime', 'sport']",tt7344360,7.4
tm347821,Outside In,MOVIE,2018,,['drama'],tt7260048,6.7
ts81821,The Queen of Flow,SHOW,2018,TV-MA,"['drama', 'family', 'music']",tt8560918,7.7
ts82705,Cupcake & Dino - General Services,SHOW,2018,TV-Y7,"['animation', 'action', 'comedy', 'family']",tt8697554,7.5
tm429208,Next Gen,MOVIE,2018,PG,"['animation', 'action', 'family', 'scifi', 'comedy']",tt7133686,6.6
tm327199,The Saint,MOVIE,2017,PG-13,"['crime', 'action']",tt2569088,4.9
tm352774,Voyeur,MOVIE,2017,R,"['documentation', 'crime', 'drama']",tt3465276,6.2
ts321277,Daniel Sloss: Live Shows,SHOW,2018,TV-MA,['comedy'],tt8858472,8.5
ts84646,Warrior,SHOW,2018,TV-MA,"['action', 'drama', 'crime']",tt9249090,6.7
tm313974,Get Me Roger Stone,MOVIE,2017,,"['history', 'documentation']",tt6714534,7.4
ts56033,Surviving Escobar - Alias JJ,SHOW,2017,TV-MA,"['crime', 'drama']",tt6809396,7.7
ts85515,Bangkok Love Stories 2: Innocence,SHOW,2018,,"['drama', 'romance']",tt10438662,6.7
ts70631,Children of the Whales,SHOW,2017,TV-14,"['scifi', 'animation', 'drama', 'fantasy']",tt7484994,7.1
tm305437,Hey Arnold! The Jungle Movie,MOVIE,2017,,"['comedy', 'animation', 'action', 'family', 'fantasy']",tt5257726,7.5
tm369179,Irreplaceable You,MOVIE,2018,,"['drama', 'comedy', 'romance']",tt6119856,6.4
ts78291,Dogs of Berlin,SHOW,2018,TV-MA,"['drama', 'thriller', 'action', 'crime']",tt6839788,7.5
ts57985,Free Rein,SHOW,2017,TV-G,"['comedy', 'drama', 'family', 'action', 'documentation']",tt6928052,7
tm307515,Amar,MOVIE,2017,,"['romance', 'drama', 'european']",tt5479616,5.1
tm412273,Tig Notaro: Happy To Be Here,MOVIE,2018,,['comedy'],tt8342946,6.6
tm219252,Carrie Pilby,MOVIE,2017,,"['comedy', 'drama']",tt6189446,6.7
ts80600,Luis Miguel: The Series,SHOW,2018,TV-14,"['drama', 'romance', 'history', 'music']",tt8045690,8
ts55232,Cyborg 009: Call of Justice,SHOW,2017,TV-14,"['action', 'scifi', 'animation']",tt6921524,5.7
ts79182,Cocaine Coast,SHOW,2018,TV-MA,"['drama', 'thriller', 'crime']",tt6970710,7.9
tm290831,Fun Mom Dinner,MOVIE,2017,R,['comedy'],tt6174314,5.3
ts85967,Bumping Mics with Jeff Ross & Dave Attell,SHOW,2018,TV-MA,['comedy'],tt9203078,7.7
tm434917,I Am Jonas,MOVIE,2018,,"['drama', 'romance', 'european']",tt8168186,7
tm445735,Springsteen On Broadway,MOVIE,2018,,"['documentation', 'music']",tt8716334,8.5
ts78031,Ultraviolet,SHOW,2017,TV-MA,"['drama', 'crime', 'european']",tt7514746,7
ts56670,Hot Girls Wanted: Turned On,SHOW,2017,TV-MA,['documentation'],tt6333104,6.6
ts86682,7 Days Out,SHOW,2018,TV-PG,['documentation'],tt9315990,6.8
ts75286,Greenhouse Academy,SHOW,2017,TV-PG,['drama'],tt6076336,6.6
ts82218,Hi Score Girl,SHOW,2018,TV-PG,"['action', 'animation', 'comedy', 'romance']",tt8963328,8
tm245383,Te Ata,MOVIE,2017,PG,"['drama', 'history']",tt5225360,7.4
tm349529,Cuba and the Cameraman,MOVIE,2017,,['documentation'],tt7320560,8.3
tm374454,Indian Horse,MOVIE,2018,PG-13,"['drama', 'sport']",tt5672286,7.3
tm407714,I Am Not an Easy Man,MOVIE,2018,,"['comedy', 'european']",tt6857988,6.3
tm374313,The Forgiven,MOVIE,2018,R,['thriller'],tt2249081,5.9
ts55978,Samurai Gourmet,SHOW,2017,,['comedy'],tt6304676,8.1
ts82770,Camarón Revolution,SHOW,2018,TV-14,['reality'],,
ts75341,Final Fantasy XIV: Dad of Light,SHOW,2017,TV-PG,['drama'],tt6497076,7.2
ts83906,Car Masters: Rust to Riches,SHOW,2018,TV-PG,['reality'],tt8893550,8.4
tm244368,You Get Me,MOVIE,2017,,"['thriller', 'crime', 'drama', 'romance']",tt5539054,4.7
tm266702,The Climb,MOVIE,2017,,"['comedy', 'drama', 'romance', 'european']",tt5157682,6.9
ts82565,Sparta,SHOW,2018,TV-MA,"['drama', 'thriller']",tt6840106,6.6
tm323195,Sarah Silverman: A Speck of Dust,MOVIE,2017,,"['comedy', 'documentation']",tt6948354,6.9
ts78789,Re: Mind,SHOW,2017,TV-MA,"['drama', 'thriller']",tt7332652,4.9
ts92825,Lego Jurassic World: The Secret Exhibit,SHOW,2018,TV-Y,"['scifi', 'animation', 'action', 'comedy', 'family']",tt9322614,6.2
tm322569,Hasan Minhaj: Homecoming King,MOVIE,2017,,"['comedy', 'documentation']",tt6900940,8.2
ts56125,Ingobernable,SHOW,2017,TV-MA,"['war', 'crime', 'drama', 'thriller']",tt6495756,7.2
ts89130,If I Hadn't Met You,SHOW,2018,TV-MA,"['scifi', 'romance', 'drama', 'fantasy']",tt8517780,7.7
ts79660,Creeped Out,SHOW,2017,TV-PG,"['scifi', 'family', 'fantasy', 'horror', 'thriller', 'drama']",tt7573024,6.5
tm406831,Modest Heroes,MOVIE,2018,PG,"['fantasy', 'animation', 'drama', 'family', 'comedy']",tt8223844,6.6
ts39016,Girlboss,SHOW,2017,TV-MA,['comedy'],tt5706996,7
ts80519,Spy Kids: Mission Critical,SHOW,2018,TV-Y7,"['action', 'romance', 'thriller', 'scifi', 'family', 'comedy', 'drama', 'animation']",tt6714408,5.2
tm408941,Mercury 13,MOVIE,2018,NC-17,['documentation'],tt8139850,6.9
ts75981,The Royal House of Windsor,SHOW,2017,TV-14,"['documentation', 'history', 'european']",tt6596634,7.3
tm305112,The Fortress,MOVIE,2017,,"['drama', 'action', 'history', 'war', 'thriller']",tt7160176,6.8
ts81318,When Heroes Fly,SHOW,2018,,"['action', 'war', 'drama']",tt8220344,7.1
tm363231,Godzilla: City on the Edge of Battle,MOVIE,2018,PG-13,"['scifi', 'animation', 'action']",tt8015080,5.8
ts79219,Flint Town,SHOW,2018,TV-MA,"['crime', 'action', 'documentation']",tt8004578,7.9
tm427465,Quincy,MOVIE,2018,,"['music', 'documentation']",tt7440432,7.6
tm445899,Struggle: The Life and Lost Art of Szukalski,MOVIE,2018,,"['documentation', 'european']",tt9316022,7.9
tm139564,The Outcasts,MOVIE,2017,PG-13,['comedy'],tt2597760,5.4
tm263427,The Invisible Guardian,MOVIE,2017,,"['thriller', 'crime', 'european']",tt4924942,6.4
tm313487,Bending the Arc,MOVIE,2017,,['documentation'],tt6370266,8
ts79409,A.I.C.O. -Incarnation-,SHOW,2018,TV-14,"['scifi', 'animation', 'action']",tt8116380,6.3
ts53399,Eternal Love,SHOW,2017,TV-14,"['scifi', 'drama', 'fantasy', 'romance', 'family']",tt6488862,8.4
tm443993,"Take the Ball, Pass the Ball",MOVIE,2018,,"['documentation', 'sport', 'european']",tt9135854,8
ts90596,Polly Pocket,SHOW,2018,,"['animation', 'comedy', 'family', 'fantasy']",tt8673042,5.9
tm437608,Adam Sandler: 100% Fresh,MOVIE,2018,R,"['comedy', 'music']",tt9036126,7.5
ts77787,Pop Team Epic,SHOW,2018,TV-MA,"['comedy', 'animation']",tt7808370,6.9
tm336712,An Imperfect Murder,MOVIE,2017,R,"['crime', 'drama', 'thriller']",tt6469960,3.1
tm307950,Mike Birbiglia: Thank God for Jokes,MOVIE,2017,,['comedy'],tt6608034,7.4
tm236659,Sky Ladder: The Art of Cai Guo-Qiang,MOVIE,2017,,['documentation'],tt5278930,7.3
tm327540,Gnome Alone,MOVIE,2017,PG,"['fantasy', 'family', 'drama', 'comedy', 'thriller', 'music', 'animation']",tt5851786,5.6
ts82127,Sirius the Jaeger,SHOW,2018,TV-MA,"['scifi', 'action', 'history', 'horror', 'animation']",tt8565136,6.7
ts78353,Misty,SHOW,2018,TV-MA,"['crime', 'romance', 'thriller', 'drama']",tt7890244,8.1
ts103638,Standup and Away! with Brian Regan,SHOW,2018,TV-PG,['comedy'],tt9384194,5.7
ts77034,A Love So Beautiful,SHOW,2017,TV-14,"['drama', 'comedy', 'romance']",tt8434720,8
ts86949,The A List,SHOW,2018,TV-PG,"['drama', 'crime', 'thriller']",tt9185110,5.5
tm293867,Neal Brennan: 3 Mics,MOVIE,2017,,"['comedy', 'documentation']",tt6438918,7.8
tm266685,Sandy Wexler,MOVIE,2017,,['comedy'],tt5893332,5.2
tm839847,WHAT DID JACK DO?,MOVIE,2017,,['comedy'],,
tm370392,The Week Of,MOVIE,2018,PG-13,['comedy'],tt6821012,5.2
tm285298,Naked,MOVIE,2017,,"['comedy', 'fantasy', 'romance']",tt6048930,5.4
ts76511,The Big Family Cooking Showdown,SHOW,2017,TV-PG,"['reality', 'european']",tt7518558,7
tm404475,The Bleeding Edge,MOVIE,2018,,['documentation'],tt8106576,7.6
ts55348,QB1: Beyond the Lights,SHOW,2017,TV-14,"['reality', 'documentation', 'sport']",tt5771332,7.7
ts80208,Fugitiva,SHOW,2018,TV-MA,"['drama', 'crime', 'thriller', 'action']",tt7158972,5.6
tm448122,Taylor Swift: Reputation Stadium Tour,MOVIE,2018,PG-13,"['documentation', 'music']",tt9426852,8.3
tm299761,Toc Toc,MOVIE,2017,PG,"['comedy', 'family', 'fantasy', 'european']",tt6060156,6.8
tm440415,John Leguizamo's Latin History for Morons,MOVIE,2018,PG,"['comedy', 'documentation']",tt9777830,7.4
tm362074,And Breathe Normally,MOVIE,2018,,"['drama', 'european']",tt6776106,6.9
tm358666,The Awakening of Motti Wolkenbruch,MOVIE,2018,,"['comedy', 'drama', 'european']",tt4766630,6.6
ts82559,Amazing Interiors,SHOW,2018,TV-PG,['documentation'],tt8747342,6.6
tm233485,Charming,MOVIE,2018,,"['fantasy', 'animation', 'comedy', 'family']",tt4086018,5.6
ts80466,Secret Agent Selection: WW2,SHOW,2018,,"['war', 'documentation', 'history', 'european']",tt8268994,7.8
tm266705,Giant,MOVIE,2017,PG-13,"['drama', 'history', 'european']",tt5693136,6.7
ts80090,The Piano Forest,SHOW,2018,TV-PG,"['drama', 'comedy', 'animation']",tt8043492,7.1
ts80313,Bobby Kennedy for President,SHOW,2018,TV-MA,"['documentation', 'drama']",tt8200004,8.1
ts90994,Chip and Potato,SHOW,2018,TV-Y,['animation'],tt9897038,6.4
tm427293,Solo,MOVIE,2018,,"['thriller', 'drama', 'romance', 'sport', 'european']",tt6699860,5
tm327053,The Killer,MOVIE,2017,,"['western', 'horror', 'action']",tt5379294,6
tm405849,Flavors of Youth,MOVIE,2018,PG-13,"['drama', 'animation', 'romance']",tt8176578,6.6
tm326723,The Polka King,MOVIE,2017,,"['comedy', 'drama', 'music']",tt5539052,5.9
ts84346,Falsa identidad,SHOW,2018,TV-14,"['action', 'thriller', 'crime', 'drama']",tt8598690,7
tm238377,The Legacy of a Whitetail Deer Hunter,MOVIE,2018,,"['comedy', 'drama']",tt4762824,5.5
tm366820,Come Sunday,MOVIE,2018,,['drama'],tt1690967,6
ts84833,Diablero,SHOW,2018,TV-MA,"['scifi', 'drama', 'fantasy', 'horror', 'thriller', 'family']",tt7414954,6.8
tm313988,The Death and Life of Marsha P. Johnson,MOVIE,2017,,['documentation'],tt5233558,7.2
ts84932,Super Drags,SHOW,2018,TV-MA,"['comedy', 'fantasy', 'animation']",tt8912244,5.4
tm312767,Monster High: Electrified,MOVIE,2017,PG,"['animation', 'fantasy']",tt9408950,5.5
tm320817,Mersal,MOVIE,2017,,"['thriller', 'action']",tt6485666,8.1
ts81734,Chosen,SHOW,2018,TV-14,['action'],tt7317178,5.2
tm370628,Fred Armisen: Standup for Drummers,MOVIE,2018,,"['music', 'comedy']",tt7924798,5.8
tm405738,Perdida,MOVIE,2018,R,"['crime', 'drama', 'thriller']",tt7841496,5.6
tm371952,Sarkar,MOVIE,2018,,"['drama', 'action']",tt8591968,7
ts77405,Bad Guys: Vile City,SHOW,2017,,"['action', 'animation', 'comedy', 'crime', 'drama']",tt12404980,6
ts79679,The Yard,SHOW,2018,TV-MA,"['drama', 'crime']",tt7923832,7.2
tm417440,Camarón: The Film,MOVIE,2018,,['documentation'],tt8067306,7.5
tm327622,S.W.A.T.: Under Siege,MOVIE,2017,R,"['thriller', 'crime', 'action']",tt6014472,4.5
tm430104,High Society,MOVIE,2018,,"['crime', 'drama']",tt8865580,5.5
tm443186,Generation Iron 3,MOVIE,2018,,['documentation'],tt8178958,6.2
ts78053,Kakegurui,SHOW,2018,TV-MA,"['drama', 'thriller']",tt7691766,6.8
ts80057,Last Hope,SHOW,2018,TV-14,"['scifi', 'animation', 'action']",tt8893554,5.8
ts111582,The Platform,SHOW,2018,TV-14,['music'],tt8254954,6.2
tm313293,Whose Streets?,MOVIE,2017,R,['documentation'],tt6185288,5.5
tm349138,One of Us,MOVIE,2017,,['documentation'],tt7214842,7
tm376801,The Rachel Divide,MOVIE,2018,,['documentation'],tt8106570,6.3
tm424032,My Masterpiece,MOVIE,2018,,"['comedy', 'drama']",tt7605922,7.1
tm358242,Brian Regan: Nunchucks and Flamethrowers,MOVIE,2017,,"['comedy', 'documentation']",tt7679532,6.3
ts80413,Busted!,SHOW,2018,TV-14,"['comedy', 'reality']",tt8328460,7.6
tm409618,Alex Strangelove,MOVIE,2018,R,"['drama', 'comedy', 'romance']",tt5688996,6.3
tm244274,Lowriders,MOVIE,2017,PG-13,"['drama', 'crime']",tt1366338,5.6
ts85659,3Below: Tales of Arcadia,SHOW,2018,TV-Y7,"['comedy', 'scifi', 'action', 'animation', 'family', 'fantasy']",tt7736544,7.7
tm376840,End Game,MOVIE,2018,,['documentation'],,
tm372891,Chris Rock: Tamborine,MOVIE,2018,,"['comedy', 'documentation']",tt8005338,6.6
ts82298,Familiar Wife,SHOW,2018,TV-MA,"['scifi', 'drama', 'fantasy', 'romance']",tt15062636,7.6
ts54050,Ultimate Beastmaster,SHOW,2017,TV-PG,"['reality', 'action']",tt5706758,7.3
tm443034,Your Son,MOVIE,2018,,"['thriller', 'drama', 'action', 'crime', 'european']",tt7807026,6.1
tm318641,Justice,MOVIE,2017,R,"['western', 'drama', 'action', 'european']",tt5143890,4
ts57196,The World's Most Extraordinary Homes,SHOW,2017,TV-G,"['documentation', 'european']",tt7804132,7.6
tm314829,NY Prison Break: The Seduction of Joyce Mitchell,MOVIE,2017,,"['crime', 'drama']",tt6710568,5.6
tm366973,Tom Segura: Disgraceful,MOVIE,2018,PG-13,"['comedy', 'documentation']",tt7379330,7.5
tm295177,It's for Your Own Good,MOVIE,2017,,"['comedy', 'european']",tt5790492,5.5
tm420797,Sierra Burgess Is a Loser,MOVIE,2018,PG-13,"['drama', 'romance', 'comedy']",tt3120280,5.8
ts77770,Fate/Extra Last Encore,SHOW,2018,,"['action', 'fantasy', 'animation']",tt7940468,5.4
tm406098,Battle,MOVIE,2018,R,"['drama', 'romance', 'music', 'european']",tt6854672,5.9
tm374845,The Seven Deadly Sins: Prisoners of the Sky,MOVIE,2018,PG-13,"['fantasy', 'animation', 'action']",tt9089294,7.1
tm359714,Christmas Inheritance,MOVIE,2017,,"['romance', 'comedy', 'drama']",tt7608534,5.7
tm314705,Jo Koy: Live from Seattle,MOVIE,2017,,['comedy'],tt6720442,7.1
tm325102,Puss in Book: Trapped in an Epic Tale,MOVIE,2017,G,['fantasy'],,
ts78913,Live,SHOW,2018,,"['drama', 'comedy', 'crime']",tt12094726,8.3
ts55936,My Secret Romance,SHOW,2017,TV-14,"['comedy', 'romance']",tt6300100,7.2
tm413557,Okko's Inn,MOVIE,2018,PG,"['comedy', 'fantasy', 'animation', 'family', 'drama']",tt8328740,7
ts81944,The Comedy Lineup,SHOW,2018,TV-MA,"['comedy', 'action']",tt8687584,5.9
tm363787,Christmas in the Heartland,MOVIE,2017,,['family'],tt3396114,5.9
tm371630,How to Be Really Bad,MOVIE,2018,,"['comedy', 'family', 'fantasy', 'romance', 'european']",tt5571754,6.2
ts84597,FIGHTWORLD,SHOW,2018,TV-MA,['documentation'],tt9047526,7.6
tm355724,A Christmas Prince,MOVIE,2017,PG,"['romance', 'comedy', 'family']",tt7608418,5.7
ts76478,Prison Playbook,SHOW,2017,,"['comedy', 'drama']",tt7622902,8.5
ts78767,First Team: Juventus,SHOW,2018,TV-G,"['scifi', 'sport', 'documentation', 'reality']",tt7924812,7.3
tm356563,The Stolen,MOVIE,2017,,"['western', 'drama', 'thriller', 'action']",tt1680140,5.3
tm420989,Father of the Year,MOVIE,2018,,['comedy'],tt7256866,5.2
ts85732,The Final Table,SHOW,2018,TV-PG,['reality'],tt5545584,7.6
tm348010,Killing Hasselhoff,MOVIE,2017,R,['comedy'],tt2967226,4.4
tm357552,Pottersville,MOVIE,2017,,['comedy'],tt3672120,5.4
tm300027,Thi Mai,MOVIE,2018,G,"['comedy', 'family', 'european']",tt6126346,6
ts82875,Switched,SHOW,2018,TV-MA,"['drama', 'scifi']",tt8747882,7.1
tm414676,Paradise Lost,MOVIE,2018,,"['drama', 'music', 'documentation']",tt6955878,6.9
tm437631,Derren Brown: Sacrifice,MOVIE,2018,,"['documentation', 'reality']",tt9077188,7.1
tm408890,Yucatán,MOVIE,2018,PG,"['comedy', 'romance', 'european']",tt6502956,5.5
tm426569,A Twelve-Year Night,MOVIE,2018,,"['drama', 'crime', 'history', 'european']",tt6792282,7.5
tm404690,Happy Anniversary,MOVIE,2018,,['comedy'],tt6423886,5.7
tm320249,Maria Bamford: Old Baby,MOVIE,2017,,"['comedy', 'documentation']",tt6264596,6.1
ts80059,Trump: An American Dream,SHOW,2017,TV-14,"['documentation', 'european']",tt7596008,7.2
ts83814,Undercover Law,SHOW,2018,,"['drama', 'action']",tt8888710,7.2
tm286532,Rock my Heart,MOVIE,2017,,"['drama', 'european']",tt5870322,6.5
ts36650,Apaches,SHOW,2018,TV-MA,"['drama', 'crime', 'thriller', 'action', 'european']",tt6818948,7
ts57300,Marlon,SHOW,2017,TV-PG,['comedy'],tt5722376,7
ts56636,My Sassy Girl,SHOW,2017,TV-14,"['comedy', 'romance']",tt6175760,6.9
ts84780,Wild District,SHOW,2018,TV-MA,"['drama', 'thriller', 'action', 'crime']",tt8105958,8.2
tm375729,Us and Them,MOVIE,2018,,"['romance', 'drama']",tt8521758,7.4
ts75012,Million Yen Women,SHOW,2017,,"['drama', 'comedy']",tt6686450,7.6
ts82296,My ID is Gangnam Beauty,SHOW,2018,TV-MA,"['drama', 'comedy', 'romance']",tt8585954,7.4
ts57148,Champions,SHOW,2018,TV-PG,['comedy'],tt6470396,6.1
tm311319,Manhunt,MOVIE,2017,,"['thriller', 'action', 'crime']",tt4537986,5.2
ts83359,100 Days My Prince,SHOW,2018,TV-14,"['drama', 'thriller', 'comedy', 'history', 'romance', 'action']",tt8199972,7.8
tm270490,The B-Side: Elsa Dorfman's Portrait Photography,MOVIE,2017,R,['documentation'],tt5952468,6.7
tm358949,A Very Country Christmas,MOVIE,2017,G,"['romance', 'drama', 'family', 'comedy']",tt7001906,6
tm408104,Greg Davies: You Magnificent Beast,MOVIE,2018,,['comedy'],tt8259682,7.1
ts79330,Girls Incarcerated,SHOW,2018,TV-MA,"['reality', 'documentation']",tt8092942,7.3
tm428073,When Angels Sleep,MOVIE,2018,,"['thriller', 'drama', 'horror', 'fantasy', 'action', 'crime', 'european']",tt3732280,5.5
ts85202,Brainchild,SHOW,2018,TV-Y7,"['documentation', 'family']",tt9203042,8.1
tm429377,Bert Kreischer: Secret Time,MOVIE,2018,,"['comedy', 'documentation']",tt8786466,7.3
ts81036,The Who Was? Show,SHOW,2018,,"['comedy', 'family']",tt7488702,6.8
tm330869,Show Dogs,MOVIE,2018,PG,"['comedy', 'crime', 'family']",tt5691024,3.9
tm350607,Escape from Mr. Lemoncello's Library,MOVIE,2017,G,"['fantasy', 'family']",tt5878476,5.4
tm417317,Bhavesh Joshi Superhero,MOVIE,2018,,"['drama', 'action', 'crime']",tt6129302,7.7
ts83457,Cleo & Cuquin,SHOW,2018,TV-Y,"['animation', 'family']",tt7956374,8
tm407295,Amateur,MOVIE,2018,R,"['drama', 'sport']",tt5580392,5.9
ts82181,Back Street Girls: Goku Dolls,SHOW,2018,TV-MA,"['comedy', 'animation']",tt8693818,6.6
tm282910,Fireworks,MOVIE,2017,PG-13,"['drama', 'documentation', 'fantasy', 'romance', 'scifi', 'family', 'animation']",tt6317962,5.6
ts53516,Edgar Rice Burroughs' Tarzan and Jane,SHOW,2017,TV-Y7,"['action', 'scifi', 'animation', 'comedy', 'drama', 'family']",tt6216718,4.8
tm429984,Pachamama,MOVIE,2018,PG,"['fantasy', 'animation', 'family', 'european']",tt5541002,6.8
ts112279,Empire Games,SHOW,2018,,"['history', 'documentation']",tt8171234,5.8
tm419496,Lust Stories,MOVIE,2018,R,"['romance', 'drama']",tt8439854,6.4
tm344173,All I Wish,MOVIE,2018,G,"['comedy', 'drama', 'romance']",tt1492705,5.2
ts82375,Beyblade Burst Turbo,SHOW,2018,TV-Y7,"['action', 'scifi']",,
ts95274,Age of Tanks,SHOW,2017,TV-PG,"['documentation', 'history']",tt8107992,7.3
tm362180,"Ram Dass, Going Home",MOVIE,2017,PG-13,['documentation'],,
tm294581,The Clapper,MOVIE,2018,R,"['comedy', 'drama']",tt5461956,5.1
tm313120,Chasing Coral,MOVIE,2017,,['documentation'],tt6333054,8.1
ts118696,Robot Trains,SHOW,2017,TV-Y7,"['fantasy', 'scifi', 'animation', 'action', 'comedy']",tt7216288,6
ts82398,My Dead Ex,SHOW,2018,,"['drama', 'scifi', 'comedy']",tt7428106,7.4
tm477838,Disconnect,MOVIE,2018,,"['romance', 'comedy', 'scifi']",tt8413566,5.3
ts116101,Crazy Delicious,SHOW,2017,,['reality'],tt7626160,8.9
ts82867,Becoming Champions,SHOW,2018,TV-G,"['documentation', 'sport']",tt8796068,6.7
ts83554,Inside the Criminal Mind,SHOW,2018,TV-MA,"['crime', 'documentation']",tt6775794,5.4
ts58442,Live Up To Your Name,SHOW,2017,TV-MA,"['drama', 'fantasy', 'romance']",tt7094874,8
tm374216,Take Your Pills,MOVIE,2018,,['documentation'],tt7983844,6.3
tm232464,Raees,MOVIE,2017,R,"['thriller', 'drama', 'action', 'crime']",tt3405236,6.7
tm367473,Bad Seeds,MOVIE,2018,,"['comedy', 'european']",tt6708116,7.3
tm361743,A Miraculous Christmas Special: Tales of Ladybug and Cat Noir,MOVIE,2017,,[],,
tm413049,Animal World,MOVIE,2018,R,"['thriller', 'action', 'fantasy', 'scifi', 'comedy', 'drama']",tt9257932,6.5
ts80030,Fastest Car,SHOW,2018,TV-MA,"['reality', 'documentation']",tt8295694,7.1
tm311193,Seeking a Man,MOVIE,2017,,"['comedy', 'drama', 'romance']",tt6539420,6.3
tm307761,Toilet: A Love Story,MOVIE,2017,,"['comedy', 'drama', 'romance']",tt5785170,7.2
ts84977,Terrorism Close Calls,SHOW,2018,,['documentation'],tt6775816,5.1
tm371959,6 Balloons,MOVIE,2018,,['drama'],tt6142496,5.9
tm320206,#realityhigh,MOVIE,2017,,"['comedy', 'drama', 'romance']",tt6119504,5.2
ts82424,13 Reasons Why: Beyond the Reasons,SHOW,2017,TV-MA,['documentation'],tt8615966,6.2
tm408306,Seth Rogen's Hilarity for Charity,MOVIE,2018,,"['comedy', 'documentation']",tt8178116,5
tm422715,Stree,MOVIE,2018,,"['horror', 'comedy']",tt8108202,7.6
tm301024,Wedding Unplanned,MOVIE,2017,,"['comedy', 'romance', 'drama', 'european']",tt9519642,5.7
ts83247,Stay Here,SHOW,2018,TV-PG,['reality'],tt8773338,7.4
ts80410,Kantaro: The Sweet Tooth Salaryman,SHOW,2017,,"['comedy', 'drama']",tt6983520,7.6
ts79856,SWORDGAI The Animation,SHOW,2018,TV-MA,"['scifi', 'animation', 'action', 'fantasy', 'horror']",tt7415066,5.8
ts76509,Beyond Stranger Things,SHOW,2017,TV-14,['documentation'],tt7570990,7.4
ts90880,44 Cats,SHOW,2018,TV-Y7,"['action', 'comedy', 'family', 'music', 'animation']",tt9699148,6.1
tm418870,Close Enemies,MOVIE,2018,,"['drama', 'thriller', 'european']",tt6527586,6.4
tm340366,The Mitfords: A Tale of Two Sisters,MOVIE,2017,,['documentation'],,
tm370447,The Tree of Blood,MOVIE,2018,,"['drama', 'european']",tt6433832,6.4
tm425884,They'll Love Me When I'm Dead,MOVIE,2018,,['documentation'],tt6893836,7.4
tm429382,Nappily Ever After,MOVIE,2018,NC-17,"['comedy', 'drama', 'romance']",tt0365545,6.4
tm322210,Bomb Scared,MOVIE,2017,,"['comedy', 'european']",tt6895746,5.7
tm313748,Handsome: A Netflix Mystery Movie,MOVIE,2017,,"['comedy', 'documentation']",tt8836958,5.2
ts80084,Dragon Pilot: Hisone and Masotan,SHOW,2018,TV-14,"['scifi', 'drama', 'animation', 'fantasy']",tt8528256,6.9
ts86279,Nailed It! Holiday!,SHOW,2018,TV-PG,['reality'],tt8760264,7.7
tm244300,Lommbock,MOVIE,2017,,"['comedy', 'european']",tt5075584,6.7
ts77467,Terrace House: Opening New Doors,SHOW,2017,,"['reality', 'drama']",tt7776244,7.8
tm366143,Maktub,MOVIE,2017,PG-13,"['drama', 'comedy']",tt7252000,7.3
tm432838,Black Is Beltza,MOVIE,2018,,"['thriller', 'animation', 'drama']",tt8512986,5.8
tm463806,The Legend of Cocaine Island,MOVIE,2018,,['documentation'],tt8106596,6.3
tm313712,Mom,MOVIE,2017,,"['crime', 'thriller', 'drama']",tt8771030,7.2
ts80042,ReBoot: The Guardian Code,SHOW,2018,TV-G,"['action', 'scifi', 'comedy', 'drama']",tt6849940,3.8
tm244287,Half Girlfriend,MOVIE,2017,,"['romance', 'drama']",tt5474042,4.6
ts75718,Neo Yokio,SHOW,2017,TV-MA,"['scifi', 'action', 'animation', 'comedy', 'fantasy']",tt7343832,5.9
ts75620,Black,SHOW,2017,TV-MA,"['scifi', 'drama', 'action', 'thriller', 'horror', 'romance', 'crime', 'fantasy']",tt6380900,8
tm299764,The Motive,MOVIE,2017,,"['drama', 'thriller', 'comedy', 'crime', 'european']",tt5454810,6.5
tm407775,Lady J,MOVIE,2018,,"['romance', 'drama', 'european']",tt7530986,6.8
tm334949,Right Here Right Now,MOVIE,2018,,"['drama', 'music', 'comedy', 'european']",tt6175086,5.4
tm409942,Shéhérazade,MOVIE,2018,,"['thriller', 'drama', 'romance', 'european']",tt8459250,7
tm238587,Shepherds and Butchers,MOVIE,2017,R,"['drama', 'crime']",tt4627352,6.8
tm410748,The Most Unknown,MOVIE,2018,,['documentation'],tt8126390,6.6
tm413955,A Fortunate Man,MOVIE,2018,,"['drama', 'romance', 'european']",tt8436026,7.2
tm376015,LEGO Marvel Super Heroes: Guardians of the Galaxy - The Thanos Threat,MOVIE,2017,,"['animation', 'fantasy', 'scifi', 'action', 'comedy']",tt7387224,5.9
tm346334,Out of Thin Air,MOVIE,2017,,"['crime', 'documentation']",tt6330514,6.3
tm434727,"Ron White: If You Quit Listening, I'll Shut Up",MOVIE,2018,,['comedy'],tt9060534,6.5
tm409817,Sir,MOVIE,2018,,"['romance', 'drama', 'european']",tt7142506,7.7
tm307776,Secret Superstar,MOVIE,2017,,"['drama', 'music']",tt6108090,7.9
tm372917,Pope Francis: A Man of His Word,MOVIE,2018,PG,"['documentation', 'european']",tt6915100,6.4
tm426202,Demetri Martin: The Overthinker,MOVIE,2018,,['comedy'],tt7725144,7.2
tm367008,Katt Williams: Great America,MOVIE,2018,,['comedy'],tt8536972,6.2
tm270987,Sahara,MOVIE,2017,,"['comedy', 'family', 'romance', 'animation', 'drama', 'european']",tt4466894,5.5
tm328175,Budapest,MOVIE,2018,R,"['comedy', 'european']",tt7027092,5.4
tm359713,El Camino Christmas,MOVIE,2017,,"['crime', 'comedy', 'western']",tt3255590,5.7
tm366019,BuyBust,MOVIE,2018,,"['thriller', 'action', 'drama', 'crime']",tt5938084,5.8
tm353046,Patton Oswalt: Annihilation,MOVIE,2017,,"['comedy', 'documentation']",tt7026230,7.2
ts76159,Super Monsters,SHOW,2017,TV-Y,"['animation', 'comedy', 'family', 'horror']",tt6214876,6.3
tm321627,Ali's Wedding,MOVIE,2017,,"['comedy', 'drama', 'romance']",tt2782692,6.9
tm311283,Amy Schumer: The Leather Special,MOVIE,2017,,['comedy'],tt6616074,3
tm368441,Aapla Manus,MOVIE,2018,,"['thriller', 'drama']",tt7867076,7
tm244292,Bibi & Tina: Perfect Pandemonium,MOVIE,2017,,"['fantasy', 'drama', 'family', 'comedy', 'european']",tt5950646,4
ts76793,Shot in the Dark,SHOW,2017,TV-MA,"['reality', 'documentation', 'thriller']",tt10478382,8
ts85236,Castle and Castle,SHOW,2018,TV-MA,['drama'],,
tm368310,Retablo,MOVIE,2018,,['drama'],tt7761590,7.5
tm411358,The American Meme,MOVIE,2018,,['documentation'],tt8106558,6.8
tm300056,Holy Goalie,MOVIE,2018,,"['comedy', 'sport', 'european']",tt6197484,5.3
tm344336,Burn Out,MOVIE,2018,,"['thriller', 'crime', 'action', 'european']",tt6340604,6.2
tm372054,The Tribe,MOVIE,2018,,"['comedy', 'family', 'european']",tt6708044,5.8
tm405901,Family Blood,MOVIE,2018,,"['horror', 'thriller', 'drama']",tt7895904,4.2
ts55627,Time: The Kalief Browder Story,SHOW,2017,TV-MA,['documentation'],tt6133034,8.5
tm350887,Barbie: Dolphin Magic,MOVIE,2017,G,['fantasy'],,
ts89067,Love and Fortune,SHOW,2018,TV-MA,"['drama', 'romance']",tt8649316,7.3
ts78145,Drug Lords,SHOW,2018,TV-MA,['documentation'],tt7935522,6.8
ts83407,Follow This,SHOW,2018,TV-MA,['documentation'],tt8560884,4.9
ts85953,Paprika,SHOW,2018,TV-Y,"['animation', 'family']",tt12740488,7.5
ts84799,Victim Number 8,SHOW,2018,,"['drama', 'crime', 'fantasy', 'action', 'thriller']",tt8500086,7
ts83213,The Rise of Phoenixes,SHOW,2018,TV-14,"['drama', 'history', 'romance']",tt7052634,8.4
tm415875,Break,MOVIE,2018,,"['drama', 'comedy', 'european']",tt7343574,5.8
tm375302,Derren Brown: The Push,MOVIE,2018,,"['reality', 'documentation']",tt7924808,7.5
ts57291,Unrequited Love,SHOW,2017,,['drama'],tt6917420,6.7
tm372305,First Match,MOVIE,2018,,"['drama', 'sport']",tt6061074,6.4
tm515157,Point Blank,MOVIE,2017,NC-17,"['action', 'thriller', 'crime', 'drama']",tt2499472,5.7
tm376234,The Warning,MOVIE,2018,,"['fantasy', 'thriller', 'action', 'horror', 'crime', 'drama', 'european']",tt3711510,5.9
tm441198,The Princess Switch,MOVIE,2018,PG,"['romance', 'comedy', 'drama', 'family']",tt8954732,6
tm366590,Sanju,MOVIE,2018,,"['drama', 'comedy']",tt6452574,7.7
tm418039,LEGO Marvel Super Heroes: Black Panther - Trouble in Wakanda,MOVIE,2018,,"['fantasy', 'action', 'comedy', 'scifi', 'animation']",tt8205250,5.6
tm371212,My Perfect Romance,MOVIE,2018,PG-13,['romance'],tt7358936,4.6
tm366972,The Drug King,MOVIE,2018,,"['crime', 'drama', 'action']",tt6914542,6.2
tm411288,Nigerian Prince,MOVIE,2018,,"['thriller', 'crime', 'drama']",tt6851966,5.8
tm244321,Sun Dogs,MOVIE,2017,,"['drama', 'fantasy', 'comedy']",tt5665452,6.2
tm358746,A Witches' Ball,MOVIE,2017,PG,"['fantasy', 'scifi', 'family', 'comedy']",tt5814408,5.2
tm340587,Ittefaq,MOVIE,2017,PG,"['thriller', 'crime']",tt6692354,7.2
tm359975,The Chase,MOVIE,2017,,"['thriller', 'crime', 'drama']",tt8088944,6.6
tm852185,Limitless,MOVIE,2017,,['documentation'],,
tm444469,Eerie,MOVIE,2018,,"['horror', 'thriller', 'crime', 'drama']",tt8723216,4.6
ts85810,Al Hayba,SHOW,2017,TV-PG,"['action', 'thriller', 'crime', 'romance', 'drama']",tt8585236,7.5
ts85276,Hymn of Death,SHOW,2018,,"['drama', 'history', 'music', 'romance']",tt8160064,7.6
tm374357,Going for Gold,MOVIE,2018,G,"['drama', 'family', 'sport']",tt7104578,4.8
tm321073,Judwaa 2,MOVIE,2017,,"['romance', 'action', 'comedy']",tt5456546,3.6
tm352033,The Milk System,MOVIE,2018,,"['documentation', 'european']",tt7274546,7
ts85126,The Degenerates,SHOW,2018,,['comedy'],tt9077196,6.2
ts85217,Motown Magic,SHOW,2018,TV-Y,"['animation', 'comedy', 'family', 'fantasy', 'music']",tt8959860,7.9
tm421776,Ronnie Coleman: The King,MOVIE,2018,,['documentation'],tt7217214,7
tm314295,Nobody Speak: Trials of the Free Press,MOVIE,2017,,"['documentation', 'european']",tt6333064,6.5
ts89372,Titipo Titipo,SHOW,2018,TV-Y,['animation'],tt12987396,6.6
ts83489,Blood Pact,SHOW,2018,,"['drama', 'crime']",tt6742610,6.7
tm327708,Bareilly Ki Barfi,MOVIE,2017,,"['romance', 'comedy']",tt6967980,7.5
ts79988,Lost Song,SHOW,2018,TV-14,"['scifi', 'action', 'animation', 'drama', 'fantasy', 'music', 'romance']",tt7211600,7
ts78692,Rapture,SHOW,2018,TV-MA,"['documentation', 'scifi', 'thriller', 'horror', 'music']",tt7981052,5.4
tm233484,Duck Duck Goose,MOVIE,2018,PG,"['comedy', 'family', 'animation']",tt4940416,5.7
tm440678,Revenger,MOVIE,2018,NC-17,"['action', 'crime', 'thriller']",tt9426186,5.7
ts84782,Larva Island,SHOW,2018,TV-Y7,"['comedy', 'animation']",tt9077194,6.6
tm242108,Little Boxes,MOVIE,2017,,"['drama', 'comedy']",tt5030402,5.9
ts82419,Zac & Mia,SHOW,2017,TV-14,['drama'],tt7487358,7.8
ts95011,Move,SHOW,2018,TV-MA,['documentation'],tt9165300,7.5
tm348568,Jerry Before Seinfeld,MOVIE,2017,,"['comedy', 'documentation']",tt7310906,7
tm320727,"Norm Macdonald: Hitler's Dog, Gossip & Trickery",MOVIE,2017,,"['comedy', 'documentation']",tt6887486,7.4
ts80342,AMO,SHOW,2018,TV-MA,['crime'],tt7218736,6.6
tm365961,Mustang Island,MOVIE,2017,,"['comedy', 'drama']",tt6589292,6.2
tm299783,The Laws of Thermodynamics,MOVIE,2018,,"['romance', 'comedy', 'european']",tt6053938,6
tm427143,Edge of Fear,MOVIE,2018,R,"['thriller', 'crime', 'action']",tt7149916,4.5
ts80479,Clean with Passion for Now,SHOW,2018,TV-MA,"['comedy', 'drama', 'romance']",tt7981562,7
tm375962,Nothing to Lose,MOVIE,2018,PG,['drama'],tt6910020,2.3
ts74765,Daughters of Destiny,SHOW,2017,,['documentation'],tt1877895,8.6
ts90869,Love Daily,SHOW,2018,,"['drama', 'romance']",tt7975182,6.2
tm299381,Uncertain Glory,MOVIE,2017,,"['drama', 'european']",tt5304874,6.2
tm320489,Expedition Happiness,MOVIE,2017,G,"['documentation', 'european']",tt6688136,5.9
ts58480,Ari Shaffir: Double Negative,SHOW,2017,,['comedy'],,
tm138667,Taramani,MOVIE,2017,,"['drama', 'romance']",tt4328934,7.5
tm280060,Step Sisters,MOVIE,2018,PG-13,['comedy'],tt5267472,5.4
tm363922,Dovlatov,MOVIE,2018,PG-13,['drama'],tt7763020,6.4
tm349273,Hot Sweet Sour,MOVIE,2017,,"['romance', 'drama']",tt7535964,6.1
ts94470,Relatable,SHOW,2018,,['comedy'],tt13281898,
ts92726,They've Gotta Have Us,SHOW,2018,TV-14,['documentation'],tt9268756,7.7
tm347850,SPF-18,MOVIE,2017,PG-13,"['romance', 'drama', 'sport']",tt7296862,3.2
ts224746,Millennials,SHOW,2018,TV-MA,['drama'],,
tm410298,Samouni Road,MOVIE,2018,,"['documentation', 'animation', 'european']",tt8397524,6.7
tm368729,My Birthday Song,MOVIE,2018,,['thriller'],tt4335954,5.6
tm441060,ReMastered: Tricky Dick & The Man in Black,MOVIE,2018,,"['documentation', 'music']",tt9244438,7.1
tm434676,Joe Rogan: Strange Times,MOVIE,2018,,['comedy'],tt9017614,7.3
tm346939,Alaska Is a Drag,MOVIE,2017,,['drama'],tt4341390,6.5
tm244196,Rangoon,MOVIE,2017,,"['war', 'history', 'drama', 'romance', 'action']",tt4909752,5.7
tm438995,A Christmas Prince: The Royal Wedding,MOVIE,2018,PG,"['romance', 'drama']",tt8709036,5.3
ts83070,72 Dangerous Animals: Asia,SHOW,2018,TV-14,['documentation'],tt8728268,6.6
ts85618,Prince of Peoria,SHOW,2018,TV-Y7,"['comedy', 'family']",tt8001718,5.7
tm354644,Something Huge,MOVIE,2017,,"['comedy', 'european']",tt5674698,4.4
tm440996,Trevor Noah: Son of Patricia,MOVIE,2018,R,['comedy'],tt9170648,7.3
tm242765,Raising the Bar,MOVIE,2017,PG,"['drama', 'family', 'documentation', 'sport']",tt5274066,5.5
tm348073,Pup Star: Better 2Gether,MOVIE,2017,G,['family'],tt6357074,4.4
tm307751,Jab Harry Met Sejal,MOVIE,2017,PG,"['romance', 'comedy', 'drama']",tt5997666,5
tm273600,Kuroko's Basketball the Movie: Last Game,MOVIE,2017,,"['animation', 'drama', 'sport']",tt6728390,7.7
ts81596,Black Crows,SHOW,2017,TV-MA,"['war', 'drama', 'thriller']",tt7356518,5.4
tm464542,Tottaa Pataaka Item Maal,MOVIE,2018,,['drama'],tt9000388,7.6
tm445456,Pihu,MOVIE,2018,G,"['thriller', 'drama', 'family']",tt8458202,6.7
tm481188,Isoken,MOVIE,2017,,"['romance', 'drama', 'comedy']",tt6685776,6.6
tm309903,The Little Vampire 3D,MOVIE,2017,,"['fantasy', 'horror', 'animation', 'comedy', 'family', 'european']",tt4729560,5.4
tm424888,Armed to the Teeth,MOVIE,2018,,"['documentation', 'crime', 'thriller']",tt7609436,7.9
tm317491,Spyder,MOVIE,2017,,"['thriller', 'action', 'crime']",tt6522546,6.3
tm355666,Saving Capitalism,MOVIE,2017,,['documentation'],tt6185286,6.8
ts74959,Yummy Mummies,SHOW,2017,,"['reality', 'comedy']",tt7172230,4
tm331117,Carbone,MOVIE,2017,,"['thriller', 'crime', 'european']",tt6183834,6.5
tm409494,Ali Wong: Hard Knock Wife,MOVIE,2018,,['comedy'],tt7410684,7.3
tm348392,The Last Shaman,MOVIE,2017,,"['documentation', 'drama', 'family', 'european']",tt6080156,6.6
tm375007,Feminists: What Were They Thinking?,MOVIE,2018,,['documentation'],tt5419676,6.9
tm411467,Dany Boon: Des Hauts-De-France,MOVIE,2018,,"['comedy', 'european']",tt8352124,6.2
tm416620,Quién te cantará,MOVIE,2018,,"['thriller', 'drama', 'music', 'european']",tt6485304,6.9
ts81485,Ponysitters Club,SHOW,2018,TV-Y,['family'],tt7692572,6
ts82445,Ashes of Love,SHOW,2018,TV-14,"['drama', 'comedy', 'thriller', 'fantasy', 'romance']",tt8976346,8.5
tm357272,Barbra: The Music ... The Mem'ries ... The Magic!,MOVIE,2017,,"['documentation', 'music']",tt7588584,7.5
ts78099,72 Dangerous Animals: Latin America,SHOW,2017,,['documentation'],tt7909708,6.5
tm446987,Russell Brand: Re:Birth,MOVIE,2018,,['comedy'],tt9349942,6.5
tm307551,Katherine Ryan: In Trouble,MOVIE,2017,,['comedy'],tt6540084,7
tm349752,Heroin(e),MOVIE,2017,,['documentation'],,
ts85183,Vai Anitta,SHOW,2018,TV-MA,"['documentation', 'reality']",tt8961530,5.6
ts84484,Dancing Queen,SHOW,2018,,"['reality', 'music']",tt8882486,6.9
tm359658,The 3rd Eye,MOVIE,2017,,"['horror', 'thriller', 'animation', 'drama', 'fantasy', 'european']",tt6506146,5.1
tm311898,Small Crimes,MOVIE,2017,,"['crime', 'drama', 'thriller']",tt6158968,5.8
tm421748,Ee Nagaraniki Emaindi,MOVIE,2018,,"['drama', 'comedy']",tt8490894,7.9
tm429174,Gun City,MOVIE,2018,,"['drama', 'history', 'thriller', 'action', 'crime', 'european']",tt7104984,6.3
ts83045,Accidentally In Love,SHOW,2018,TV-14,"['comedy', 'drama', 'music', 'romance']",tt9077184,7.6
tm361770,Craig Ferguson: Tickle Fight,MOVIE,2017,,['comedy'],tt7193448,6.6
tm375547,El club de los buenos infieles,MOVIE,2018,,"['comedy', 'european']",tt3398808,5.5
ts78707,The Joel McHale Show with Joel McHale,SHOW,2018,TV-MA,['comedy'],tt7895706,7.1
ts76245,The Day I Met El Chapo: The Kate del Castillo Story,SHOW,2017,TV-MA,['documentation'],tt7334894,6.8
tm279585,Deidra & Laney Rob a Train,MOVIE,2017,,"['drama', 'comedy', 'crime']",tt4144332,6
tm307774,Jagga Jasoos,MOVIE,2017,PG,"['romance', 'action', 'comedy']",tt4129428,6.4
tm411503,Candy Jar,MOVIE,2018,PG-13,['comedy'],tt6744044,5.8
tm363329,Christmas Wedding Planner,MOVIE,2017,PG,['romance'],tt7074092,4.3
tm326704,Parmanu: The Story of Pokhran,MOVIE,2018,,"['drama', 'history', 'action']",tt6826438,7.6
tm359030,F.R.E.D.I.,MOVIE,2018,,"['scifi', 'family']",tt6146590,4.9
tm327652,"Roxanne, Roxanne",MOVIE,2017,,"['drama', 'music']",tt5796838,6.2
tm321628,Rip Tide,MOVIE,2017,,"['drama', 'family', 'action', 'thriller']",tt6262764,5.5
tm348175,Jeff Dunham: Relative Disaster,MOVIE,2017,,['comedy'],tt7364706,6.4
tm416458,The Insomnia Club,MOVIE,2018,PG-13,"['comedy', 'drama']",tt6719840,6.2
tm352865,Rodney Carrington: Here Comes the Truth,MOVIE,2017,,"['comedy', 'documentation']",tt7582798,4.5
ts79086,Mariposa de barrio,SHOW,2017,TV-MA,['drama'],tt6834120,7.6
tm437159,ReMastered: Who Shot the Sheriff,MOVIE,2018,,"['documentation', 'crime', 'history', 'music']",tt9118620,6.9
tm446206,Angela's Christmas,MOVIE,2017,G,"['family', 'animation']",,
tm324278,What We Started,MOVIE,2018,,"['documentation', 'music']",tt6191876,7.1
tm348845,Marc Maron: Too Real,MOVIE,2017,,['comedy'],tt7335938,7.2
tm353627,Christina P: Mother Inferior,MOVIE,2017,,['comedy'],tt7057376,6.4
ts84200,Best.Worst.Weekend.Ever.,SHOW,2018,TV-PG,"['comedy', 'family']",tt7768010,6.4
ts82500,Treehouse Detectives,SHOW,2018,TV-Y7,['animation'],tt8591984,7.6
tm439854,Baazaar,MOVIE,2018,,"['drama', 'crime', 'thriller']",tt6519690,6.5
tm299396,Getaway Plan,MOVIE,2017,,"['thriller', 'crime', 'drama', 'action', 'european']",tt5003186,5.6
tm300447,Bill Burr: Walk Your Way Out,MOVIE,2017,,"['comedy', 'documentation']",tt6184894,7.2
ts82192,Samantha!,SHOW,2018,TV-MA,['comedy'],tt6626676,6.6
tm306631,Trevor Noah: Afraid of the Dark,MOVIE,2017,PG-13,['comedy'],tt6562866,7.2
tm440255,The Plagues of Breslau,MOVIE,2018,,"['crime', 'thriller', 'action', 'european']",tt8618118,5.9
tm414595,Period. End of Sentence.,MOVIE,2018,,['documentation'],,
tm353247,Qarib Qarib Singlle,MOVIE,2017,,"['drama', 'romance', 'comedy']",tt7399470,7.1
tm426983,Joy,MOVIE,2018,,"['drama', 'european']",tt8917752,6.6
ts82323,On Children,SHOW,2018,,"['drama', 'family', 'scifi']",tt8507402,7.2
tm355941,Zoo,MOVIE,2018,,['drama'],tt6149820,5.7
tm411313,Forgive Us Our Debts,MOVIE,2018,,"['drama', 'european']",tt6679412,6.2
tm372610,Derren Brown: Miracle,MOVIE,2018,,['documentation'],tt8599562,6.5
ts55533,Legend Quest,SHOW,2017,TV-Y7,"['animation', 'comedy', 'fantasy']",tt5038900,7.3
ts76949,Trailer Park Boys: Out of the Park: USA,SHOW,2017,TV-MA,['comedy'],,
tm307843,Angamaly Diaries,MOVIE,2017,,"['action', 'drama', 'comedy', 'thriller']",tt6167894,8
tm365670,Perú: Tesoro Escondido,MOVIE,2017,,['documentation'],tt7679306,6.1
ts82843,The Curious Creations of Christine McConnell,SHOW,2018,TV-PG,"['reality', 'comedy', 'horror']",tt8773080,7.7
tm376903,Dry Martina,MOVIE,2018,,"['drama', 'comedy']",tt6312802,5.8
tm358609,Sara's Notebook,MOVIE,2018,R,"['thriller', 'drama', 'european']",tt6599742,5.9
ts75887,Paul Hollywood's Big Continental Road Trip,SHOW,2017,TV-14,"['documentation', 'european']",tt7936386,7.4
tm376421,HiGH&LOW The Movie 2: End of Sky,MOVIE,2017,,['action'],tt7099076,7.1
tm233360,Sand Storm,MOVIE,2017,,['drama'],tt5209988,6.8
tm319310,CIA: Comrade In America,MOVIE,2017,,"['romance', 'drama', 'action']",tt5925772,6.4
tm283559,The Art of Loving: Story of Michalina Wislocka,MOVIE,2017,,"['drama', 'comedy', 'romance', 'european']",tt5805298,7.1
tm447328,ReMastered: Who Killed Jam Master Jay?,MOVIE,2018,,"['music', 'documentation']",tt9399094,6.5
tm233345,Love Beats Rhymes,MOVIE,2017,R,['drama'],tt4721022,5.4
tm283322,Burning Sands,MOVIE,2017,,"['drama', 'thriller', 'action']",tt6148014,6
tm358813,Judd Apatow: The Return,MOVIE,2017,,['comedy'],tt7741238,6.2
ts90941,"Heidi, bienvenida a casa",SHOW,2017,TV-Y,"['comedy', 'family']",tt7183310,6.2
tm429186,Up Among the Stars,MOVIE,2018,,"['drama', 'european']",tt6984530,6.2
tm371619,Sabrina,MOVIE,2018,,"['thriller', 'horror']",tt7981492,4.2
tm287041,Jailbreak,MOVIE,2017,,"['action', 'comedy']",tt5741304,5.4
tm424162,Secrets in the Hot Spring,MOVIE,2018,,"['horror', 'comedy']",tt8587122,6
tm538868,III Smoking Barrels,MOVIE,2017,,['drama'],tt5791986,6.6
tm423761,Iliza Shlesinger: Elder Millennial,MOVIE,2018,,['comedy'],tt8697266,7.2
tm324041,Amelia: A Tale of Two Sisters,MOVIE,2017,,['documentation'],,
tm409456,Manto,MOVIE,2018,,['drama'],tt6923462,7.3
tm372662,The Skin of the Wolf,MOVIE,2018,,"['romance', 'thriller', 'action', 'drama', 'european']",tt6347150,5.8
tm428597,Being Napoleon,MOVIE,2018,,['documentation'],tt8841814,5.5
tm476960,El testigo,MOVIE,2018,,['documentation'],tt9149838,8.1
tm372486,All Good,MOVIE,2018,,"['drama', 'comedy', 'european']",tt7776430,6.5
tm370440,Paradox,MOVIE,2018,,"['western', 'fantasy', 'music']",tt7949046,3.9
tm324204,Monster Island,MOVIE,2017,PG,"['comedy', 'fantasy', 'animation', 'family']",tt6269658,4.7
tm348467,Invisible,MOVIE,2017,,['drama'],tt6596630,6
tm324806,Counterpunch,MOVIE,2017,,['documentation'],tt7022034,6.7
tm373873,Weed the People,MOVIE,2018,,['documentation'],tt7968976,7.3
tm414447,Dear Ex,MOVIE,2018,,"['drama', 'comedy', 'romance']",tt8443704,7.3
tm324588,Rory Scovel Tries Stand-Up for the First Time,MOVIE,2017,,"['comedy', 'documentation']",tt7044010,6.7
tm413418,Cycle,MOVIE,2018,,"['drama', 'comedy', 'animation']",tt6627630,8.2
tm348919,How to Stage a Coup,MOVIE,2017,,['documentation'],tt7149296,6.1
tm445255,Qismat,MOVIE,2018,,"['romance', 'drama']",tt8665634,8.1
tm367264,Milada,MOVIE,2017,,"['drama', 'history', 'european']",tt4554212,6.3
tm423950,Romina,MOVIE,2018,,"['horror', 'thriller']",tt6090044,2.3
tm351720,The Most Assassinated Woman in the World,MOVIE,2018,,"['thriller', 'drama', 'european']",tt6186696,5.3
tm324042,Jackie: A Tale of Two Sisters,MOVIE,2017,,['documentation'],,
tm350116,B. A. Pass 2,MOVIE,2017,,['drama'],tt8581230,2.2
tm835357,A 3 Minute Hug,MOVIE,2018,,['documentation'],,
tm447750,Aggretsuko: We Wish You A Metal Christmas,MOVIE,2018,,"['animation', 'comedy']",,
tm314939,Kalushi : The Story of Solomon Mahlangu,MOVIE,2017,,"['drama', 'thriller']",tt5560694,6.5
tm418894,Franco Escamilla: Por La Anécdota,MOVIE,2018,,['comedy'],tt8467922,6.9
tm279017,"Michael Bolton's Big, Sexy Valentine's Day Special",MOVIE,2017,,"['comedy', 'music', 'romance']",tt6343706,6.7
tm558730,A Champion Heart,MOVIE,2018,G,['family'],tt4738912,5.9
tm344995,The Russian Revolution,MOVIE,2017,,"['documentation', 'history']",tt7094352,6.5
tm426117,On My Skin,MOVIE,2018,,"['drama', 'european']",tt7121252,7.3
ts84644,Westside,SHOW,2018,TV-MA,['reality'],tt8693758,6
ts83925,Boca Juniors Confidential,SHOW,2018,,"['documentation', 'sport']",tt8893546,6.3
tm372969,Love per Square Foot,MOVIE,2018,,"['romance', 'comedy']",tt7853242,7.2
ts83820,The Judgement,SHOW,2018,,"['drama', 'crime']",tt8866904,7.1
tm300440,The Mansion,MOVIE,2017,PG-13,"['horror', 'comedy', 'european']",tt7029854,4.6
ts55484,My Only Love Song,SHOW,2017,TV-MA,"['drama', 'comedy', 'fantasy', 'romance']",tt6125832,7
ts81856,Borges,SHOW,2018,TV-MA,['comedy'],tt7895652,6.2
ts76771,Stretch Armstrong & the Flex Fighters,SHOW,2017,TV-G,"['action', 'comedy', 'scifi', 'animation']",tt1379164,6.2
tm299730,Lucid Dream,MOVIE,2017,,"['thriller', 'scifi']",tt6830780,6.1
ts84179,Made in Mexico,SHOW,2018,,['reality'],tt8871764,3.9
ts79585,Dinotrux: Supercharged,SHOW,2017,TV-Y7,"['family', 'animation', 'action', 'comedy']",tt7620702,7.5
tm351201,In the Family,MOVIE,2017,PG-13,['comedy'],tt7642818,7.7
tm408871,Jefe,MOVIE,2018,,"['comedy', 'european']",tt7527538,5.4
ts222363,Monkart,SHOW,2017,TV-Y7,[],,
ts75750,Revolutionary Love,SHOW,2017,TV-MA,"['comedy', 'romance']",tt7340800,6.9
ts76540,Dennis & Gnasher Unleashed!,SHOW,2017,TV-Y7,"['animation', 'comedy']",tt7081512,7.3
tm362264,The Gift,MOVIE,2017,,['drama'],tt6856604,8.1
tm412489,Dear Son,MOVIE,2018,,['drama'],tt7537960,6.5
tm361588,Mission Kathmandu: The Adventures of Nelly & Simon,MOVIE,2017,,"['animation', 'comedy']",tt5433884,5.1
tm307767,Baadshaho,MOVIE,2017,,"['action', 'thriller']",tt4906960,5
tm314272,Love.com,MOVIE,2017,,"['romance', 'comedy']",tt5635808,5.8
tm364206,Ex-Shaman,MOVIE,2018,,['documentation'],tt7754564,7.1
tm413082,Recovery Boys,MOVIE,2018,,['documentation'],tt8167872,6.7
ts84555,The Unknown Hitman: The Story of El Cholo Adrián,SHOW,2017,TV-MA,"['action', 'crime']",tt6524440,6.7
tm446424,Christmas with a Prince,MOVIE,2018,,"['romance', 'drama']",tt8667202,5.2
tm327219,Buddy Thunderstruck: The Maybe Pile,MOVIE,2017,,['comedy'],,
tm424898,Bayonet,MOVIE,2018,,['drama'],tt6472116,5.7
tm316658,Frat Star,MOVIE,2017,,"['drama', 'comedy']",tt5117484,3.6
ts86067,Death by Magic,SHOW,2018,TV-14,['reality'],tt8887956,6.1
tm349656,A Sort of Family,MOVIE,2017,,"['drama', 'thriller', 'crime', 'european']",tt6386168,6.3
tm372061,Sudani from Nigeria,MOVIE,2018,PG,"['comedy', 'drama', 'family', 'sport']",tt7582102,8.2
tm416121,Kuntilanak,MOVIE,2018,,"['comedy', 'horror', 'family']",tt8512746,4.6
tm350971,The Last Hour,MOVIE,2017,,"['drama', 'thriller', 'history']",tt7480104,6.3
tm445153,Njan Prakashan,MOVIE,2018,G,"['comedy', 'drama']",tt8286926,7.6
tm995893,The Crossing,MOVIE,2017,,['documentation'],tt7466040,7.5
ts82085,Ainori Love Wagon: Asian Journey,SHOW,2017,,['reality'],tt11542960,6.8
tm438994,The Holiday Calendar,MOVIE,2018,,"['romance', 'comedy', 'drama', 'fantasy']",tt8262802,5.7
tm428453,Cities of Last Things,MOVIE,2018,,"['crime', 'drama', 'scifi']",tt4397342,6.2
tm360618,The Trader,MOVIE,2018,,['documentation'],tt10455716,
ts229123,Little Singham,SHOW,2018,,['action'],tt11151836,3.5
ts83204,Million Pound Menu,SHOW,2018,,['reality'],tt8488494,6.5
tm363003,Seeing Allred,MOVIE,2018,,['documentation'],tt7689924,7.2
ts83429,Take My Brother Away,SHOW,2018,,"['comedy', 'drama', 'family']",tt8894324,6.7
ts83663,A Taiwanese Tale of Two Cities,SHOW,2018,,['drama'],tt8893498,6.1
ts75491,Fire Chasers,SHOW,2017,,['documentation'],tt7293754,6.6
ts82564,Jimmy: The True Story of a True Idiot,SHOW,2018,TV-MA,"['drama', 'comedy']",tt6866914,6.8
tm295558,The Grown-Ups,MOVIE,2017,,['documentation'],tt6618178,7.6
tm440946,Christmas with a View,MOVIE,2018,,"['romance', 'drama']",tt8041006,5.1
ts83430,Smoking,SHOW,2018,TV-MA,"['drama', 'crime', 'comedy']",tt8758778,7.4
tm463827,Paranormal Investigation,MOVIE,2018,,"['thriller', 'horror']",tt9866700,3.7
tm414746,Carlos Ballarta: furia ñera,MOVIE,2018,,['comedy'],tt7607318,7.2
tm432327,C/o Kancharapalem,MOVIE,2018,PG,['drama'],tt7391996,9
tm356684,Animas,MOVIE,2018,,"['drama', 'horror', 'thriller', 'animation', 'european']",tt9620806,
tm275437,Coin Heist,MOVIE,2017,PG,"['crime', 'thriller', 'drama', 'romance']",tt5740806,4.8
ts80859,Here to Heart,SHOW,2018,TV-14,"['drama', 'romance']",tt8791742,7.5
tm492277,Semesta,MOVIE,2018,,['documentation'],tt9097372,7.3
tm431928,Rajma Chawal,MOVIE,2018,,"['comedy', 'drama', 'family']",tt6747420,5.7
tm407318,Sofía Niño de Rivera: Natural Selection,MOVIE,2018,,['comedy'],tt7607378,6.9
tm408892,Unbridled,MOVIE,2018,,"['thriller', 'european']",tt7474914,5.1
ts75357,LEGO Elves: Secrets of Elvendale,SHOW,2017,TV-Y7,"['scifi', 'animation', 'fantasy']",tt7322926,6.9
tm320785,The Mars Generation,MOVIE,2017,,['documentation'],tt6333096,6.5
tm1068348,Deranged,MOVIE,2017,,['thriller'],tt15057542,3.5
tm430426,El Diesel,MOVIE,2018,,"['thriller', 'action', 'crime']",tt7906422,4.5
tm362121,Time Share,MOVIE,2018,,"['drama', 'horror', 'thriller', 'european']",tt6444140,5.9
tm320144,The Wishing Tree,MOVIE,2017,,"['fantasy', 'drama']",tt2936628,5.7
ts84330,Oh My Ghost,SHOW,2018,,"['drama', 'comedy']",,
ts79707,Edha,SHOW,2018,TV-MA,['drama'],tt7956274,4.9
tm318492,Overnight Republic,MOVIE,2017,PG-13,['comedy'],tt6721848,5.8
tm434883,Been So Long,MOVIE,2018,,"['romance', 'drama']",tt1682886,5.4
ts93947,Wrong Kind of Black,SHOW,2018,TV-MA,"['comedy', 'drama']",tt8660874,7.7
tm374226,Gad Elmaleh: American Dream,MOVIE,2018,,['comedy'],tt8110630,7.2
tm337040,Maz Jobrani: Immigrant,MOVIE,2017,,"['comedy', 'documentation']",tt7164714,6.7
tm446574,Love Jacked,MOVIE,2018,PG-13,"['comedy', 'romance']",tt4329242,5.9
ts82631,Monkey Twins,SHOW,2018,,"['crime', 'action']",tt8507498,7.9
tm323907,Michael Lost and Found,MOVIE,2017,,['documentation'],,
tm316923,Kartini: Princess of Java,MOVIE,2017,,"['drama', 'family', 'history', 'european']",tt6094994,7.6
tm348386,Resurface,MOVIE,2017,,"['documentation', 'sport', 'war']",tt6081408,7.1
ts81827,True: Magical Friends,SHOW,2018,TV-Y,['animation'],,
tm315865,Laerte-se,MOVIE,2017,,['documentation'],tt6795136,7
tm285329,Take the 10,MOVIE,2017,,['comedy'],tt5792472,4.7
tm363181,Ladies First,MOVIE,2017,G,"['documentation', 'comedy', 'romance']",tt4389410,3.9
tm325433,Dismissal,MOVIE,2017,,['comedy'],tt6580972,5
tm326773,Sunday's Illness,MOVIE,2018,PG-13,"['drama', 'european']",tt6053948,6.9
ts83025,Baby Ballroom,SHOW,2017,,['documentation'],tt8159960,7.8
tm407730,Target,MOVIE,2018,,"['horror', 'thriller', 'comedy']",tt8512320,3.9
tm370430,Liberated: The New Sexual Revolution,MOVIE,2017,,['documentation'],tt6768350,6
ts84167,Age of Rebellion,SHOW,2018,TV-MA,"['drama', 'romance', 'crime']",tt8931836,8.6
tm309115,Naam Shabana,MOVIE,2017,,"['thriller', 'action', 'drama']",tt6170954,6.2
tm436266,Born Racer,MOVIE,2018,R,"['drama', 'action', 'documentation']",tt6936350,6.1
tm428483,The Girl Allergic to Wi-Fi,MOVIE,2018,,['romance'],tt7619554,6.3
tm416341,HiGH&LOW The Movie 3: Final Mission,MOVIE,2017,,"['drama', 'action']",tt7624932,7.7
tm411257,Kevin James: Never Don't Give Up,MOVIE,2018,PG,['comedy'],tt8324578,6.1
tm451171,Sylvia,MOVIE,2018,,"['thriller', 'drama', 'romance']",tt8326250,4.7
tm435487,Suzzanna: Buried Alive,MOVIE,2018,,"['horror', 'comedy', 'drama', 'thriller']",tt9044128,5.5
tm327951,The Doll 2,MOVIE,2017,,"['thriller', 'horror']",tt6409782,5.2
tm417111,How to Get Over a Breakup,MOVIE,2018,,['comedy'],tt8435268,6.1
ts81886,All About the Washingtons,SHOW,2018,TV-G,"['comedy', 'music']",tt7661368,4.8
tm425748,Cook Off,MOVIE,2017,PG,"['comedy', 'romance']",tt7981318,6.1
tm430057,Weapon of Choice,MOVIE,2018,,"['documentation', 'european']",tt7683350,4.8
tm353875,All the Reasons to Forget,MOVIE,2017,,"['comedy', 'drama']",tt6964520,6.2
tm313472,The Lost Brother,MOVIE,2017,,"['thriller', 'crime', 'drama', 'european']",tt6522634,6.5
tm430496,D.L. Hughley: Contrarian,MOVIE,2018,,['comedy'],tt8426270,6.6
ts77219,Part-Time Idol,SHOW,2017,TV-14,"['drama', 'family', 'music', 'comedy']",tt8835780,6.7
tm444043,Hometown Holiday,MOVIE,2018,,"['drama', 'romance', 'comedy']",tt8659750,5
tm374656,Zion,MOVIE,2018,,"['documentation', 'drama']",tt4315044,
ts82550,The Single Wives,SHOW,2018,TV-MA,['reality'],tt8694342,6.5
tm317274,Can't Help Falling in Love,MOVIE,2017,,"['romance', 'comedy', 'drama']",tt6725484,7.2
ts80445,The Honeymoon Stand Up Special,SHOW,2018,,['comedy'],tt7698408,6.8
tm366025,Blanche Gardin: I Talk to Myself,MOVIE,2017,,"['comedy', 'european']",tt9182404,7.9
tm321149,Fishtronaut: The Movie,MOVIE,2018,G,"['animation', 'family']",tt7804254,7.5
tm299771,Gad Gone Wild,MOVIE,2017,,"['comedy', 'european']",tt6550440,6.9
tm369433,Awe!,MOVIE,2018,,"['drama', 'romance', 'thriller', 'fantasy', 'horror', 'scifi']",tt7797658,7.8
tm313424,Pad Man,MOVIE,2018,PG-13,"['comedy', 'drama']",tt7218518,7.9
tm352705,Jack Whitehall: At Large,MOVIE,2017,,['comedy'],tt7539884,6.9
tm328052,Sparring,MOVIE,2017,,"['drama', 'sport', 'european']",tt7222552,6.4
ts75320,A Boy Named Flora A,SHOW,2017,TV-MA,"['drama', 'comedy']",tt6284014,7.9
tm351171,My Travel Buddy,MOVIE,2017,PG-13,['comedy'],tt7535792,6.1
tm326270,Tiffany Haddish: She Ready! From the Hood to Hollywood!,MOVIE,2017,,"['comedy', 'documentation']",tt9238720,6.6
tm851055,God Calling,MOVIE,2018,,['drama'],,
tm429567,Party Monster: Scratching the Surface,MOVIE,2018,PG-13,['comedy'],,
tm336227,Catching Feelings,MOVIE,2017,,"['romance', 'comedy', 'drama']",tt6095982,5.8
ts57913,Strongest Deliveryman,SHOW,2017,TV-MA,"['drama', 'romance']",tt7022748,7.4
tm285712,Jen Kirkman: Just Keep Livin'?,MOVIE,2017,,['comedy'],tt6386352,6.7
tm415245,Crossroads: One Two Jaga,MOVIE,2018,,"['drama', 'crime']",tt6603812,6.6
tm322200,Superlopez,MOVIE,2018,G,"['comedy', 'scifi', 'action', 'european']",tt4110388,5.4
tm407349,The Birth Reborn 2,MOVIE,2018,PG,['documentation'],tt16114198,6.6
tm430090,The Last Runaway,MOVIE,2018,,"['crime', 'action', 'drama']",tt7606620,5.9
tm360945,Soorma,MOVIE,2018,PG-13,"['drama', 'sport']",tt7690638,7.4
tm299790,Cristela Alonzo: Lower Classy,MOVIE,2017,,['comedy'],tt6555236,6.4
ts82887,The Could've-Gone-All-the-Way Committee,SHOW,2018,TV-14,"['comedy', 'drama']",tt8499662,6.8
tm361505,48 Christmas Wishes,MOVIE,2017,,"['family', 'fantasy', 'comedy']",tt7422638,3.9
tm345767,The Maus,MOVIE,2017,,"['horror', 'fantasy', 'drama', 'european']",tt5586362,4.7
tm294696,Bygones Be Bygones,MOVIE,2017,PG-13,['comedy'],tt6318200,6.2
tm363088,Russell Howard: Recalibrate,MOVIE,2017,,['comedy'],tt7736664,7.4
tm319512,The Girl From the Song,MOVIE,2017,,"['drama', 'music', 'romance', 'european']",tt6336270,5.6
tm432313,Manu,MOVIE,2018,,"['thriller', 'romance']",tt6615648,8
tm413129,Goyo: The Boy General,MOVIE,2018,,"['history', 'action', 'war']",tt8443480,6.7
tm316744,Lucas Brothers: On Drugs,MOVIE,2017,,['comedy'],tt6218048,5.5
tm412515,Coffee for All,MOVIE,2017,,"['documentation', 'european']",tt6721132,5.6
tm443283,Loudon Wainwright III: Surviving Twin,MOVIE,2018,,"['music', 'documentation']",tt9203030,7.1
tm420311,Ana e Vitória,MOVIE,2018,,"['romance', 'comedy', 'music']",tt8583378,6.4
tm449860,King of Boys,MOVIE,2018,,"['drama', 'crime']",tt8329618,6.1
ts77011,The Many Faces of Ito,SHOW,2017,,"['drama', 'comedy', 'romance']",tt7134506,6.7
tm314677,Silence Is Welcome,MOVIE,2017,,['drama'],tt6436212,4.6
tm434179,Two Catalonias,MOVIE,2018,,"['documentation', 'history', 'european']",tt8893608,6.4
tm415938,No One Will Ever Know,MOVIE,2018,,['drama'],tt8267320,6.2
tm351688,Def Comedy Jam 25,MOVIE,2017,,"['comedy', 'documentation']",tt7427130,6.6
tm444257,Genius,MOVIE,2018,,[],,
tm444907,Lovefucked,MOVIE,2018,,['drama'],,
tm275004,Bon Cop Bad Cop 2,MOVIE,2017,,"['crime', 'action', 'comedy']",tt4738174,6.6
tm421335,Jim Jefferies: This Is Me Now,MOVIE,2018,,['comedy'],tt8617844,7.3
tm819641,Match,MOVIE,2017,,['drama'],tt10546234,4.1
tm326089,Mubarakan,MOVIE,2017,PG-13,"['drama', 'comedy', 'romance']",tt6272828,5.6
tm431760,Paskal,MOVIE,2018,,"['action', 'drama']",tt9066070,6.8
tm461349,Stars in the Sky: A Hunting Story,MOVIE,2018,,['documentation'],tt10078502,7.3
tm435144,Notes from Dunblane: Lessons from a School Shooting,MOVIE,2018,,['documentation'],,
tm444564,Tattoo of Revenge,MOVIE,2018,R,"['thriller', 'comedy', 'romance']",tt8276106,4.9
tm409376,Pickpockets,MOVIE,2018,,"['drama', 'thriller', 'crime']",tt7527694,5.4
tm436171,El Potro: lo mejor del amor,MOVIE,2018,,"['drama', 'music']",tt9426178,5.2
tm430748,Neevevaro,MOVIE,2018,PG,"['thriller', 'action', 'drama', 'romance']",tt8571410,6.9
tm443073,"Out of Many, One",MOVIE,2018,,['documentation'],,
ts81632,A House of Blocks,SHOW,2017,TV-MA,"['horror', 'drama']",tt7053684,2.3
ts83710,First and Last,SHOW,2018,TV-MA,['documentation'],tt8893502,6.7
tm356666,Judah Friedlander: America Is the Greatest Country in the United States,MOVIE,2017,R,"['comedy', 'documentation']",tt7582890,7.8
ts265844,#ABtalks,SHOW,2018,TV-PG,[],tt12635254,9.6
ts78757,Dave Chappelle: Equanimity & The Bird Revelation,SHOW,2017,TV-MA,['comedy'],,
tm422359,Aurora,MOVIE,2018,,"['thriller', 'horror']",tt8821182,4.3
tm431275,Gunshot,MOVIE,2018,,"['drama', 'thriller', 'crime', 'documentation', 'european']",tt5639722,6.8
tm352951,Smaller and Smaller Circles,MOVIE,2017,,"['thriller', 'crime']",tt7512304,6.6
tm362047,Todd Barry: Spicy Honey,MOVIE,2017,,['comedy'],tt6856186,6.8
tm323300,Joshua: Teenager vs. Superpower,MOVIE,2017,,['documentation'],tt6333072,7.2
tm357708,The Bros,MOVIE,2017,,"['comedy', 'fantasy']",tt7967580,6.1
tm444821,5 Star Christmas,MOVIE,2018,,"['comedy', 'european']",tt8775056,4.5
tm351505,The Reservoir Game,MOVIE,2017,,['documentation'],tt7867724,6
tm408257,Todo lo que sería Lucas Lauriente,MOVIE,2018,,['comedy'],tt7607452,6.9
ts272185,Running Man,SHOW,2017,,"['animation', 'comedy']",tt11256118,8.4
ts53166,Julie's Greenroom,SHOW,2017,,"['comedy', 'family']",tt5779222,8.2
tm435333,DTC –Yukemuri Junjo Hen– from HiGH&LOW,MOVIE,2018,,"['comedy', 'drama']",tt9765900,6.8
tm411856,Hari Kondabolu: Warn Your Relatives,MOVIE,2018,,['comedy'],tt8342748,6.5
tm358188,Alexis de Anda: Mea Culpa,MOVIE,2017,,['comedy'],tt7587068,4.9
tm684591,Freej Al Taibeen,MOVIE,2018,PG-13,"['comedy', 'sport']",tt10078900,5.8
ts57281,All Hail King Julien: Exiled,SHOW,2017,TV-Y7,"['animation', 'comedy', 'family', 'fantasy']",tt6865906,7.5
tm345225,Gurgaon,MOVIE,2017,,"['thriller', 'crime']",tt4699202,6.5
tm443537,Ani... Dr. Kashinath Ghanekar,MOVIE,2018,,['drama'],tt8784906,8.5
tm311902,Jim Norton: Mouthful of Shame,MOVIE,2017,,['comedy'],tt6664120,7
tm364417,Fanatyk,MOVIE,2017,,"['drama', 'comedy']",,
tm368350,Jonaki,MOVIE,2018,,"['fantasy', 'drama', 'european']",tt6346982,6.8
tm434126,Rafinha Bastos: Ultimatum,MOVIE,2018,,['comedy'],tt9038520,6.5
tm361312,A StoryBots Christmas,MOVIE,2017,,"['fantasy', 'comedy', 'family']",tt7018722,5.7
ts317239,Falling in Love Like a Romantic Drama,SHOW,2018,TV-14,['reality'],,
ts87591,Justice: Qalb Al Adala,SHOW,2017,TV-14,"['drama', 'crime']",tt5338544,5.6
tm431081,Lionheart,MOVIE,2018,,"['drama', 'comedy']",tt7707314,5.7
tm420800,"To Each, Her Own",MOVIE,2018,,"['romance', 'comedy', 'drama', 'european']",tt15739130,5.4
ts80692,REA(L)OVE,SHOW,2018,TV-MA,['reality'],tt8477194,6.6
ts113031,Droppin' Cash: Los Angeles,SHOW,2018,TV-MA,['reality'],tt7983796,3.4
ts75138,Argon,SHOW,2017,,['drama'],tt7094798,7.3
tm373134,Night of Knots,MOVIE,2018,G,['comedy'],tt8045670,5.4
tm348191,Love You to the Stars and Back,MOVIE,2017,,"['drama', 'comedy', 'romance']",tt7127344,7.6
tm375091,Marlon Wayans: Woke-ish,MOVIE,2018,,"['comedy', 'documentation']",tt7655590,6.5
ts55576,Buddy Thunderstruck,SHOW,2017,TV-Y7,"['comedy', 'sport', 'animation', 'action', 'family']",tt6591468,7.8
tm307383,Ghost Hunting,MOVIE,2017,,"['documentation', 'european']",tt6568868,7.1
tm469399,Music Teacher,MOVIE,2018,,"['drama', 'romance']",tt3257794,6.2
tm347060,Poster Boys,MOVIE,2017,PG-13,['comedy'],tt6352548,5.5
ts76646,Blazing Transfer Students,SHOW,2017,TV-MA,"['action', 'comedy']",tt7931520,7
ts81857,Club de Cuervos Presents: The Ballad of Hugo Sánchez,SHOW,2018,TV-MA,"['comedy', 'drama']",tt8498114,6.4
tm430660,Munafik 2,MOVIE,2018,,['horror'],tt7059506,6.3
tm430059,The Hows of Us,MOVIE,2018,,"['drama', 'comedy', 'romance']",tt8769032,6.7
ts101883,Regiment Diaries,SHOW,2018,TV-PG,['documentation'],tt9642576,8.6
tm324753,Marco Luque - We are together,MOVIE,2017,,['comedy'],tt6852616,4.4
tm314138,Felipe Neto: My Life Makes No Sense,MOVIE,2017,,"['comedy', 'documentation']",tt6690322,4.4
tm327619,Aditi Mittal: Things They Wouldn't Let Me Say,MOVIE,2017,,['comedy'],tt7127976,4.3
tm244473,Blessed Benefit,MOVIE,2017,,"['comedy', 'drama', 'european']",tt5161784,6.6
ts84985,Robozuna,SHOW,2018,,['animation'],tt8454808,6.6
tm371622,Malena Pichot: Estupidez compleja,MOVIE,2018,,['comedy'],tt7607370,5.7
tm464947,Chief Daddy,MOVIE,2018,,"['comedy', 'drama']",tt9652322,4.7
tm442354,Adhugo,MOVIE,2018,,['drama'],tt7822454,5.9
tm439678,Solo el amor,MOVIE,2018,,"['romance', 'drama', 'music', 'comedy']",tt7608430,4.7
tm446558,Hedefim Sensin,MOVIE,2018,,['comedy'],tt8493514,6.2
tm366383,Deliha 2,MOVIE,2018,G,['comedy'],tt7871636,4.7
tm414340,Spivak,MOVIE,2018,,['comedy'],tt6342110,5.6
tm197806,For Here or to Go?,MOVIE,2017,,"['drama', 'comedy']",tt4157510,6.8
tm361161,DreamWorks Home: For the Holidays,MOVIE,2017,PG-13,"['fantasy', 'comedy', 'family', 'scifi', 'animation']",tt7713204,4.9
ts86302,Check The Store Next Door,SHOW,2018,TV-14,"['comedy', 'drama']",tt9545904,7.8
tm431169,Late Life: The Chien-Ming Wang Story,MOVIE,2018,,"['documentation', 'sport']",tt8234502,7.2
tm344562,Listen,MOVIE,2017,,"['drama', 'romance']",tt6350558,6.6
tm363878,Aiyaary,MOVIE,2018,,"['thriller', 'action', 'drama']",tt6774212,5.2
ts84038,Battlefish,SHOW,2018,,['reality'],tt8893566,7
tm426238,Pulang,MOVIE,2018,,"['drama', 'romance', 'action']",tt8595708,6.7
ts74805,A Little Help with Carol Burnett,SHOW,2018,TV-G,[],tt7204366,6.3
tm518107,Alter Ego,MOVIE,2017,,['drama'],tt7125822,5.7
ts255677,Pucca: Love Recipe,SHOW,2018,TV-Y7,['comedy'],,
tm404449,Ayotzinapa: The Turtle's Pace,MOVIE,2018,,['documentation'],tt8219520,7.4
tm323602,The Price of Success,MOVIE,2017,,"['drama', 'comedy', 'european']",tt6194540,5.8
tm438250,"I, Potro",MOVIE,2018,,"['comedy', 'sport']",tt9154584,6.2
tm351181,Turkish Dance School,MOVIE,2017,PG-13,"['drama', 'comedy']",tt7533878,5.7
ts82591,Spiritual House,SHOW,2017,TV-PG,[],,
tm374395,Vanjagar Ulagam,MOVIE,2018,PG-13,"['thriller', 'action', 'crime', 'drama']",tt7933564,6
tm360763,Verses of Love 2,MOVIE,2017,,"['drama', 'romance']",tt7128070,5.9
tm423802,Luciano Mellera: Infantiloide,MOVIE,2018,PG-13,['comedy'],tt7607400,7.5
tm442805,My Travel Buddy 2,MOVIE,2018,PG-13,['comedy'],tt8748256,5.8
tm345960,Alan Saldaña: mi vida de pobre,MOVIE,2017,,['comedy'],tt7183082,6.3
tm319127,Vir Das: Abroad Understanding,MOVIE,2017,,['comedy'],tt6822400,6.9
tm430666,Hantu Kak Limah,MOVIE,2018,,"['horror', 'comedy']",tt8757960,5.6
tm431214,Back to Q82,MOVIE,2017,,"['scifi', 'action', 'comedy']",tt6225842,6
tm369315,Garbage,MOVIE,2018,,"['thriller', 'drama']",tt7981260,3.4
tm408781,Teefa in Trouble,MOVIE,2018,PG-13,"['drama', 'comedy', 'crime', 'romance', 'action']",tt8043306,7.3
tm361633,Potato Potahto,MOVIE,2017,,['comedy'],tt6950250,4.1
tm327636,Joe Mande's Award-Winning Comedy Special,MOVIE,2017,,"['comedy', 'documentation']",tt7183876,6.1
ts119220,The Hollywood Masters,SHOW,2017,TV-MA,['documentation'],tt7178034,7.2
tm349418,The Royal Hibiscus Hotel,MOVIE,2018,,"['comedy', 'romance']",tt7229730,5.5
ts85250,Kulipari: Dream Walker,SHOW,2018,TV-Y7,"['fantasy', 'animation', 'action']",tt9203064,7.7
tm153164,Puriyaatha Puthir,MOVIE,2017,,['thriller'],tt3407614,6.6
tm428982,Son Of Adam,MOVIE,2018,,['thriller'],,
ts56251,ID-0,SHOW,2017,TV-14,"['scifi', 'animation', 'action', 'drama']",tt7161218,6.2
tm447263,Super Monsters and the Wish Star,MOVIE,2018,,['fantasy'],,
tm346398,Ryan Hamilton: Happy Face,MOVIE,2017,,"['comedy', 'documentation']",tt6892378,7.3
ts106612,Chicken Soup for the Soul's Being Dad,SHOW,2018,TV-PG,['reality'],tt8908110,
tm305227,Daniel Sosa: Sosafado,MOVIE,2017,,['comedy'],tt6502534,5.4
tm446104,Fantastica,MOVIE,2018,G,"['fantasy', 'comedy']",tt9270416,3.6
tm459024,Food on the Go,MOVIE,2017,,"['documentation', 'european']",tt7321504,6.3
tm373864,Agustín Aristarán: Soy Rada,MOVIE,2018,,['comedy'],tt8004552,6.1
tm306680,Grillo vs Grillo,MOVIE,2017,,"['comedy', 'european']",tt6522846,5.2
tm286520,Jim Gaffigan: Cinco,MOVIE,2017,,['comedy'],tt6090102,7.1
tm447261,Free Rein: The Twelve Neighs of Christmas,MOVIE,2018,,"['comedy', 'drama', 'family']",tt9315418,6.7
tm307698,My Ex & Whys,MOVIE,2017,,"['romance', 'drama']",tt6544850,6.2
tm244277,Pa Paandi,MOVIE,2017,,"['comedy', 'action', 'romance', 'family', 'drama']",tt6734886,7.4
tm376844,Penalty Kick,MOVIE,2018,PG-13,['comedy'],tt8007436,3.7
tm814861,Noblemen,MOVIE,2018,,['drama'],tt6514218,5.6
tm352642,Bonboné,MOVIE,2018,,"['comedy', 'drama']",,
tm346390,Brad Paisley's Comedy Rodeo,MOVIE,2017,,['comedy'],tt6794448,5.7
tm313118,"Love, Surreal and Odd",MOVIE,2017,G,"['comedy', 'romance']",tt6555772,5.6
tm423315,Pacíficum,MOVIE,2017,,['documentation'],tt8026108,6.5
tm417488,Mama's Boy,MOVIE,2018,,['comedy'],tt8665900,6.1
tm1073482,Motu Patlu Kung Fu Kings 4 The Challenge of Kung Fu Brothers,MOVIE,2018,G,[],,
tm353791,Seven Sundays,MOVIE,2017,,"['drama', 'comedy']",tt7502214,7.7
tm444576,Puppy Star Christmas,MOVIE,2018,PG,"['family', 'comedy']",tt8861786,3.6
tm434776,Mo Amer: The Vagabond,MOVIE,2018,,"['comedy', 'documentation']",tt9060526,7.3
tm445258,Marriage Palace,MOVIE,2018,,['comedy'],tt8852242,6.2
ts55735,The Perfect Match,SHOW,2017,TV-14,"['comedy', 'drama']",,
ts82160,Harvey Street Kids,SHOW,2018,TV-Y7,"['action', 'family', 'animation', 'comedy']",tt7758552,6.8
tm364769,Pahuna: The Little Visitors,MOVIE,2017,,['drama'],tt6940696,7.5
tm1118527,Shiva VS Autobots,MOVIE,2018,,[],,
tm411508,Mahi NRI,MOVIE,2017,,"['comedy', 'drama']",tt5910902,5.9
tm319477,Rodney King,MOVIE,2017,,"['crime', 'comedy', 'drama', 'history', 'documentation']",tt6624312,5.8
tm433215,Exes Baggage,MOVIE,2018,,"['drama', 'romance']",tt8835552,6.4
tm456983,Mauli,MOVIE,2018,,"['drama', 'action']",tt8826936,5.6
tm320756,Tracy Morgan: Staying Alive,MOVIE,2017,,['comedy'],tt6680270,6.1
tm466084,Voulez-vous rire avec moi ce soir?,MOVIE,2018,,"['documentation', 'european']",tt8413624,6.8
tm430459,La Leyenda del Diamante,MOVIE,2018,,"['fantasy', 'scifi', 'action', 'horror', 'western', 'family']",tt6487242,3.4
tm413266,Pup Star: World Tour,MOVIE,2018,G,"['comedy', 'family']",tt7322864,3.8
tm404569,Shubh Aarambh,MOVIE,2017,,"['comedy', 'drama', 'family']",tt6949882,6.8
tm325610,Chris D'Elia: Man on Fire,MOVIE,2017,,"['comedy', 'documentation']",tt7068896,6.5
tm321563,A Drowning Man,MOVIE,2017,,['drama'],,
tm1063790,A Man for The Weekend,MOVIE,2017,,"['romance', 'comedy']",tt15007420,4
tm358239,DeRay Davis: How to Act Black,MOVIE,2017,PG,['comedy'],tt7288084,6.1
tm354136,"El Especial de Alex Fernández, el Especial",MOVIE,2017,,['comedy'],tt7520228,6.6
ts54112,Life Plan A and B,SHOW,2017,TV-PG,['drama'],tt7034962,7.8
tm411649,Thug Life,MOVIE,2017,,"['comedy', 'drama']",tt9537072,5.7
tm350945,Posesif,MOVIE,2017,,"['drama', 'comedy', 'romance']",tt8425410,7.4
tm244310,Merku Thodarchi Malai,MOVIE,2018,,['drama'],tt7794052,8.6
tm370781,Natalia Valdebenito: El especial,MOVIE,2018,,['comedy'],tt7663776,5.1
tm376709,Jani Dueñas: Grandes fracasos de ayer y hoy,MOVIE,2018,,['comedy'],tt7607260,4.8
tm368284,Arango y Sanint: Ríase el show,MOVIE,2018,,['comedy'],tt7606464,4
tm328041,Doob,MOVIE,2017,,['drama'],tt5513920,6.2
tm375836,Adel Karam: Live from Beirut,MOVIE,2018,R,['comedy'],tt8081748,5.5
tm404610,Stretch Armstrong: The Breakout,MOVIE,2018,,['animation'],,
tm358370,Love and Shukla,MOVIE,2017,,"['romance', 'comedy', 'drama']",tt7647198,7.3
tm367105,Alejandro Riaño: Especial de stand up,MOVIE,2018,,['comedy'],tt7607558,4.9
tm289882,Birdshot,MOVIE,2017,,"['thriller', 'drama']",tt6159150,6.6
tm370472,Kavin Jay : Everybody Calm Down!,MOVIE,2018,,"['comedy', 'documentation']",tt7924764,5.9
tm369453,Mau Nieto: viviendo sobrio… desde el bar,MOVIE,2018,,['comedy'],tt7607492,6.7
tm426367,Coco y Raulito: Carrusel de ternura,MOVIE,2018,PG-13,['comedy'],tt7607498,6.6
tm438005,First Love,MOVIE,2018,,"['drama', 'romance']",tt9060390,6
tm416134,Fernando Sanjiao: Hombre,MOVIE,2018,,['comedy'],tt7607332,6.3
tm448690,Prince of Peoria: A Christmas Moose Miracle,MOVIE,2018,,['comedy'],,
ts97584,Highland: Thailand's Marijuana Awakening,SHOW,2017,TV-MA,['documentation'],tt7201224,6.2
tm369210,Ricardo Quevedo: Hay gente así,MOVIE,2018,,['comedy'],tt7607450,6.3
tm371741,Si saben cómo me pongo ¿Pa' qué me invitan?,MOVIE,2018,,"['romance', 'comedy']",tt7940122,4.6
tm478147,The Lost Café,MOVIE,2018,,"['drama', 'comedy']",tt7371662,6.4
tm840936,Zoé: Panoramas,MOVIE,2017,PG,"['music', 'documentation']",tt5158844,6.8
tm349134,Fabrizio Copano: solo pienso en mí,MOVIE,2017,,['comedy'],tt8134310,5
tm459527,Good Game: The Beginning,MOVIE,2018,PG-13,"['comedy', 'drama', 'sport']",tt8510324,4.4
tm440324,Santo cachón,MOVIE,2018,,['comedy'],tt9189572,4.8
tm450512,Pinky Memsaab,MOVIE,2018,,"['drama', 'family']",tt8529070,6.3
tm403197,Heaven Without People,MOVIE,2017,,['drama'],tt7583280,7.6
tm429383,Yoo Byung Jae: Discomfort Zone,MOVIE,2018,,['comedy'],,
tm458074,"Edmilson Filho: Notas, Comedy about Relationships",MOVIE,2018,,['comedy'],tt9234638,5.2
tm440208,Hadithi za Kumekucha: Fatuma,MOVIE,2018,,['drama'],tt8329296,7.6
tm336084,Echcharikkai,MOVIE,2018,,"['thriller', 'crime', 'drama']",tt7853268,6.3
tm450769,Nathicharami,MOVIE,2018,,['drama'],tt9084890,7.2
tm362737,Facing Mecca,MOVIE,2017,,['drama'],,
tm480647,Ayana,MOVIE,2017,,"['drama', 'documentation']",tt6891660,7.4
tm479734,Table Manners,MOVIE,2018,,"['comedy', 'drama']",tt7385538,5.1
tm478654,Salam - The First ****** Nobel Laureate,MOVIE,2018,,['documentation'],tt7904606,7.8
tm369079,Todd Glass: Act Happy,MOVIE,2018,,['comedy'],tt7752142,5.1
tm420789,Lilli,MOVIE,2018,PG,['thriller'],tt8273258,5.7
tm368448,Eve's Apple,MOVIE,2017,,"['documentation', 'european']",tt7388694,5.9
tm349140,Joaquín Reyes: Una y no más,MOVIE,2017,,['comedy'],,
tm411528,Enissa Amani: Ehrenwort,MOVIE,2018,PG,"['comedy', 'european']",tt8328418,5.5
tm348281,Kingdom of Us,MOVIE,2017,,"['documentation', 'drama']",tt7321274,7
tm423593,Aruna & Her Palate,MOVIE,2018,,"['romance', 'drama']",tt8894180,7.2
tm438105,Into the Wind,MOVIE,2018,,"['drama', 'european']",tt8476276,4.2
tm471288,Baby Mamas,MOVIE,2018,,"['drama', 'comedy']",tt8686460,6.6
ts80751,The Break with Michelle Wolf,SHOW,2018,TV-MA,['comedy'],tt8010342,5.1
tm346867,Lynne Koplitz: Hormonal Beast,MOVIE,2017,,['comedy'],tt6892388,6.2
tm312738,Jindua,MOVIE,2017,,"['romance', 'comedy', 'family']",tt5917052,6.5
tm404828,Yoo Byung Jae: Too Much Information,MOVIE,2018,,['comedy'],tt8140738,5.3
ts57116,Ask the Doctor,SHOW,2017,,['documentation'],tt7188736,6.5
tm242887,Sei,MOVIE,2018,,"['thriller', 'action', 'crime']",tt5820544,4.2
tm494577,Oga Bolaji,MOVIE,2018,,['drama'],tt8847418,
tm444799,Christmas Catch,MOVIE,2018,,"['romance', 'comedy', 'crime']",tt8322908,5.3
tm479933,Project Papa,MOVIE,2018,G,['drama'],tt7243756,6.3
ts80993,Kibaoh Klashers,SHOW,2017,TV-Y7,['scifi'],tt7492122,6.3
tm371188,#FriendButMarried,MOVIE,2018,,"['romance', 'comedy', 'drama']",tt8076266,6.9
tm367613,Mr. Chandramouli,MOVIE,2018,,"['romance', 'sport', 'comedy']",tt7486356,5.1
tm369452,Sebastián Marcelo Wainraich,MOVIE,2018,,['comedy'],tt7607416,6.4
ts81828,True: Wonderful Wishes,SHOW,2018,TV-Y,['animation'],,
tm430281,Dhh,MOVIE,2018,R,"['drama', 'family']",tt7613166,7.9
tm445852,Three Words to Forever,MOVIE,2018,,"['drama', 'romance', 'comedy', 'family']",tt9248252,6.8
tm512751,In Line,MOVIE,2017,,['drama'],tt7508734,6.1
tm447915,Little Singham aur Kaal ka Mahajaal,MOVIE,2018,,['comedy'],,
tm368697,Unexpectedly Yours,MOVIE,2017,,"['romance', 'comedy']",tt7686876,6.8
tm452767,Next Enti?,MOVIE,2018,,"['drama', 'romance', 'comedy']",tt6972212,4.6
ts236619,Loo Loo Kids Johny & Friends Musical Adventure,SHOW,2018,TV-Y,[],,
ts85660,The Sound of Your Heart: Reboot,SHOW,2018,,['comedy'],tt7885558,5.9
ts119730,Luo Bao Bei,SHOW,2018,TV-Y,['animation'],tt7192414,8
ts268283,RIDE ON TIME,SHOW,2018,TV-PG,[],,
ts104093,Dance & Sing With True,SHOW,2018,,"['animation', 'family']",tt9315892,
ts86360,Pretty Man,SHOW,2018,TV-14,['family'],,
tm368006,Harith Iskander: I Told You So,MOVIE,2018,,['comedy'],tt7902184,4.6
ts58061,Memories of Love,SHOW,2018,TV-PG,"['drama', 'romance']",tt8246636,5.9
tm834886,Wedy Atkalam,MOVIE,2018,,"['drama', 'comedy']",tt9437052,5.8
tm309251,Kanavu Variyam,MOVIE,2017,G,"['scifi', 'family', 'drama']",tt5283434,6.4
ts80671,We Speak Dance,SHOW,2018,TV-MA,['documentation'],tt7737500,7.5
tm320949,Simplemente Manu NNa,MOVIE,2017,,['comedy'],tt6833550,5.5
tm438423,For the Broken Hearted,MOVIE,2018,,['drama'],tt9074344,6.7
tm325650,King of Peking,MOVIE,2017,,"['comedy', 'drama']",tt6406976,6.4
tm428877,Babamın Ceketi,MOVIE,2018,,['comedy'],tt8857590,4.9
tm478967,Until Midnight,MOVIE,2018,R,"['drama', 'thriller']",tt7741602,6.9
tm364525,Beat Bugs: All Together Now,MOVIE,2017,,['animation'],,
tm1073433,Shiva: The Secret World Of Vedas City,MOVIE,2017,G,[],,
tm369456,Fakkah Fuzz: Almost Banned,MOVIE,2018,,['comedy'],tt8507516,4.3
tm447514,Vir Das: Losing It,MOVIE,2018,PG-13,['comedy'],tt9315848,7
tm476959,What Did I Mess,MOVIE,2018,PG-13,"['romance', 'comedy']",tt9163340,7.1
ts84372,YG Future Strategy Office,SHOW,2018,TV-MA,['comedy'],tt8129694,6.9
tm422510,Al-Khawaga's Dilemma,MOVIE,2018,,['drama'],,
tm362878,Dilan 1990,MOVIE,2018,,"['romance', 'drama']",tt7843946,7
tm449262,Ascharya Fuck It,MOVIE,2018,,"['thriller', 'drama', 'romance']",tt6531196,5.4
tm407881,Fary Is the New Black,MOVIE,2018,,"['comedy', 'european']",tt8201924,5.8
tm1073233,Motu Patlu in the City of Gold,MOVIE,2018,G,[],,
tm426994,Brij Mohan Amar Rahe!,MOVIE,2018,,"['comedy', 'drama', 'crime']",tt6514010,7
tm421161,W. Kamau Bell: Private School Negro,MOVIE,2018,,['comedy'],tt8467788,6.4
tm246330,Pandigai,MOVIE,2017,R,"['thriller', 'action', 'romance']",tt7087944,6.3
tm858471,The Bridge,MOVIE,2017,,"['romance', 'drama']",tt8193396,5.6
tm465864,Hajwala 2: Mysterious Mission,MOVIE,2018,PG-13,"['action', 'comedy']",tt8531618,4
tm493814,Satria Heroes: Revenge of the Darkness,MOVIE,2017,,"['drama', 'fantasy', 'scifi', 'action']",tt9033440,4.4
tm491499,Fan of Amoory,MOVIE,2018,G,['drama'],tt9140904,5.9
tm481189,Bogda,MOVIE,2018,,['drama'],tt6685074,7.2
tm433087,Rise: Ini Kalilah,MOVIE,2018,,['drama'],tt9866736,5.1
ts84341,What She Put on the Table,SHOW,2017,TV-14,['drama'],tt7073222,7.3
tm332572,Meghnadbodh Rohoshyo,MOVIE,2017,,['thriller'],tt6791638,6.3
tm421125,The Suit,MOVIE,2018,,"['comedy', 'family', 'action', 'drama']",tt8805486,5.4
ts250172,Afronta!,SHOW,2017,TV-PG,['documentation'],tt12467250,7.4
ts231159,Learning Songs by Little Baby Bum: Nursery Rhyme Friends,SHOW,2017,TV-Y,"['music', 'animation', 'family']",tt11456582,4.2
tm332500,Finally Found Someone,MOVIE,2017,,"['comedy', 'romance']",tt7151438,5.7
tm436704,Super Monsters Save Halloween,MOVIE,2018,,"['animation', 'family']",tt9085726,5.4
tm441915,Elf Pets: Santa's St. Bernards Save Christmas,MOVIE,2018,G,"['animation', 'fantasy']",tt9233904,5.3
tm460198,Catch.er,MOVIE,2017,,"['crime', 'drama']",tt8607728,4.5
tm327926,Panoptic,MOVIE,2017,,['documentation'],tt7138456,6.2
tm458186,Komola Rocket,MOVIE,2018,,['drama'],tt8506874,7.4
tm478701,Lara and the Beat,MOVIE,2018,,"['drama', 'music', 'romance']",tt7819668,6.7
ts78444,Luna Petunia Return to Amazia,SHOW,2018,TV-Y,['animation'],tt7924854,4.8
tm426260,Si Doel the Movie,MOVIE,2018,,"['drama', 'comedy', 'romance']",tt8669070,6.9
tm1146751,Bahasha,MOVIE,2018,,['drama'],tt8627254,7
tm463592,Little Miss Sumo,MOVIE,2018,,['documentation'],,
ts86497,Russian Doll,SHOW,2019,TV-MA,"['drama', 'comedy']",tt7520794,7.8
tm441050,The Gentlemen,MOVIE,2019,R,"['comedy', 'crime', 'action']",tt8367814,7.8
ts216679,Bridgerton,SHOW,2020,TV-MA,"['drama', 'romance']",tt8740790,7.3
ts87466,Demon Slayer: Kimetsu no Yaiba,SHOW,2019,TV-MA,"['animation', 'scifi', 'action', 'fantasy', 'thriller', 'horror']",tt9335498,8.7
ts82915,Sex Education,SHOW,2019,TV-MA,"['drama', 'comedy']",tt7767422,8.3
ts81007,After Life,SHOW,2019,TV-MA,"['comedy', 'drama']",tt8398600,8.5
ts88361,"Love, Death & Robots",SHOW,2019,TV-MA,"['scifi', 'thriller', 'fantasy', 'horror', 'animation', 'action', 'drama', 'comedy']",tt9561862,8.4
ts76645,The Umbrella Academy,SHOW,2019,TV-14,"['comedy', 'drama', 'fantasy', 'scifi', 'action']",tt1312171,8
ts57327,The Witcher,SHOW,2019,TV-MA,"['scifi', 'action', 'drama', 'fantasy', 'horror']",tt5180504,8.2
tm681578,The Rental,MOVIE,2020,R,"['thriller', 'drama', 'horror']",tt10003008,5.7
tm366227,Uncut Gems,MOVIE,2019,R,"['drama', 'thriller', 'comedy', 'crime']",tt5727208,7.4
ts87453,Space Force,SHOW,2020,TV-MA,['comedy'],tt9612516,6.7
ts88613,Formula 1: Drive to Survive,SHOW,2019,TV-MA,"['documentation', 'sport']",tt8289930,8.6
tm832345,365 Days,MOVIE,2020,,"['romance', 'drama', 'european']",tt10886166,3.3
ts89259,The Queen's Gambit,SHOW,2020,TV-MA,"['drama', 'sport']",tt10048342,8.6
ts89339,Selling Sunset,SHOW,2019,TV-MA,['reality'],tt9817298,6.5
ts82914,Dead to Me,SHOW,2019,TV-MA,"['drama', 'crime', 'comedy']",tt9889712,8
ts90234,I Think You Should Leave with Tim Robinson,SHOW,2019,TV-MA,['comedy'],tt10050772,7.9
ts81120,The Last Dance,SHOW,2020,TV-MA,"['documentation', 'history', 'sport']",tt8420184,9.1
ts224901,The Stranger,SHOW,2020,TV-MA,"['crime', 'thriller', 'drama']",tt9698480,7.3
ts84146,Emily in Paris,SHOW,2020,TV-MA,"['drama', 'comedy', 'romance']",tt8962124,6.9
ts221904,Unbelievable,SHOW,2019,TV-MA,"['drama', 'crime']",tt7909970,8.4
ts82361,ULTRAMAN,SHOW,2019,TV-14,"['scifi', 'action', 'drama', 'fantasy', 'animation']",tt8699270,6.8
ts254656,Jurassic World: Camp Cretaceous,SHOW,2020,TV-PG,"['action', 'family', 'scifi', 'animation']",tt10436228,7.5
ts89840,Virgin River,SHOW,2019,TV-14,"['drama', 'romance']",tt9077530,7.4
ts235655,Outer Banks,SHOW,2020,TV-MA,"['action', 'drama', 'romance', 'thriller', 'crime']",tt10293938,7.5
ts87953,Locke & Key,SHOW,2020,TV-14,"['scifi', 'thriller', 'drama', 'fantasy', 'horror']",tt3007572,7.4
tm414584,Rambo: Last Blood,MOVIE,2019,R,"['thriller', 'western', 'action']",tt1206885,6.1
ts223986,The Circle,SHOW,2020,TV-MA,['reality'],tt9581768,7.3
tm427335,Freaks,MOVIE,2019,R,"['scifi', 'thriller', 'drama']",tt8781414,6.7
tm417392,The King,MOVIE,2019,R,"['drama', 'history', 'romance', 'war']",tt7984766,7.3
ts252505,Are You Afraid of the Dark?,SHOW,2019,TV-PG,"['thriller', 'horror', 'family', 'drama', 'fantasy']",tt10473306,7.1
tm369594,I'm Thinking of Ending Things,MOVIE,2020,R,"['thriller', 'fantasy', 'drama']",tt7939766,6.6
ts87248,In the Dark,SHOW,2019,TV-14,"['comedy', 'drama', 'crime', 'horror', 'action']",tt7772602,7.7
ts103702,Young Wallander,SHOW,2020,TV-MA,"['crime', 'drama', 'thriller']",tt9359220,6.8
tm368699,The Devil All the Time,MOVIE,2020,R,"['drama', 'thriller', 'crime', 'horror']",tt8956406,7.1
ts80962,Tuca & Bertie,SHOW,2019,TV-MA,"['comedy', 'animation']",tt8036272,7.3
tm863808,My Octopus Teacher,MOVIE,2020,,['documentation'],tt12888462,8.1
tm244149,The Irishman,MOVIE,2019,R,"['drama', 'crime', 'history', 'thriller']",tt1302006,7.8
tm827638,Synchronic,MOVIE,2019,R,"['horror', 'scifi', 'thriller', 'drama']",tt9016974,6.2
tm849022,Hillbilly Elegy,MOVIE,2020,R,['drama'],tt6772802,6.7
ts225651,Feel Good,SHOW,2020,TV-MA,"['drama', 'comedy', 'romance']",tt10098620,7.5
ts221016,Top Boy,SHOW,2019,TV-MA,['drama'],,
tm431321,21 Bridges,MOVIE,2019,R,"['action', 'drama', 'crime', 'thriller']",tt8688634,6.6
ts304505,Love Is Blind,SHOW,2020,TV-MA,"['reality', 'romance']",tt11704040,6.1
tm403709,Marriage Story,MOVIE,2019,R,"['drama', 'romance', 'comedy']",tt7653254,7.9
tm840196,The Trial of the Chicago 7,MOVIE,2020,R,"['drama', 'history', 'thriller']",tt1070874,7.7
ts287836,Into the Night,SHOW,2020,TV-MA,"['scifi', 'drama', 'thriller']",tt10919486,7.1
ts284800,Criminal: UK,SHOW,2019,TV-MA,"['drama', 'thriller', 'crime']",tt9348692,7.6
ts235758,Never Have I Ever,SHOW,2020,TV-14,"['drama', 'comedy']",tt10062292,7.8
ts224303,The Daily Life of the Immortal King,SHOW,2020,TV-14,"['scifi', 'comedy', 'fantasy', 'animation', 'action']",tt11755260,7.2
tm827648,El Camino: A Breaking Bad Movie,MOVIE,2019,R,"['thriller', 'drama', 'crime', 'action']",tt10819010,7.3
tm849004,Eurovision Song Contest: The Story of Fire Saga,MOVIE,2020,PG-13,"['comedy', 'music']",tt8580274,6.5
ts242210,The Cursed,SHOW,2020,TV-MA,"['scifi', 'drama', 'fantasy', 'thriller']",tt11841276,7.1
ts252758,Get Organized with The Home Edit,SHOW,2020,TV-PG,['reality'],tt10834478,5.3
tm453862,The Call,MOVIE,2020,,"['thriller', 'scifi', 'drama', 'crime', 'horror']",tt10530176,7.1
ts237107,Sweet Magnolias,SHOW,2020,TV-14,"['drama', 'romance']",tt9077540,7.3
tm448792,In the Shadow of the Moon,MOVIE,2019,R,"['thriller', 'crime', 'scifi']",tt8110640,6.2
ts219660,Alice in Borderland,SHOW,2020,TV-MA,"['action', 'drama', 'scifi', 'thriller', 'fantasy']",tt10795658,7.6
ts95997,Raising Dion,SHOW,2019,TV-G,"['scifi', 'drama']",tt7826108,7.1
tm943790,Summerland,MOVIE,2020,PG,"['romance', 'drama', 'war']",tt6841122,7
ts55762,Kingdom,SHOW,2019,TV-MA,"['action', 'thriller', 'drama', 'scifi', 'horror', 'history']",tt6611916,8.3
tm847085,The Social Dilemma,MOVIE,2020,PG-13,"['drama', 'documentation']",tt11464826,7.6
ts89564,Black Summer,SHOW,2019,TV-MA,"['scifi', 'action', 'drama', 'horror', 'thriller']",tt8923854,6.5
tm502532,Fantastic Fungi,MOVIE,2019,,['documentation'],tt8258074,7.4
ts84633,The Promised Neverland,SHOW,2019,TV-MA,"['scifi', 'action', 'thriller', 'drama', 'fantasy', 'horror', 'animation']",tt8788458,8.4
ts88379,Dracula,SHOW,2020,TV-MA,"['action', 'drama', 'fantasy', 'horror', 'thriller']",tt9165388,6.8
tm821789,Mank,MOVIE,2020,R,"['comedy', 'drama']",tt10618286,6.8
tm417553,6 Underground,MOVIE,2019,R,"['action', 'thriller', 'comedy']",tt8106534,6.1
tm834851,I Care a Lot,MOVIE,2020,R,"['comedy', 'crime', 'drama', 'thriller']",tt9893250,6.3
tm845489,His House,MOVIE,2020,,"['drama', 'thriller', 'horror']",tt8508734,6.5
ts57213,The Dark Crystal: Age of Resistance,SHOW,2019,TV-PG,"['scifi', 'drama', 'animation', 'fantasy', 'family', 'horror', 'action']",tt6905542,8.4
ts82913,When They See Us,SHOW,2019,TV-MA,"['drama', 'history', 'crime']",tt7137906,8.9
ts241248,Cocomelon,SHOW,2019,TV-PG,"['animation', 'comedy', 'family']",tt12427840,4.9
ts80709,Another Life,SHOW,2019,TV-MA,"['scifi', 'thriller', 'drama']",tt8369840,5.2
ts222439,Crash Landing on You,SHOW,2019,,['drama'],,
ts83082,Living with Yourself,SHOW,2019,TV-MA,"['drama', 'comedy', 'scifi']",tt8880894,7.2
tm824398,The Platform,MOVIE,2019,,"['horror', 'scifi', 'thriller', 'european']",tt8228288,7
ts218569,The Movies That Made Us,SHOW,2019,TV-PG,"['history', 'documentation', 'family']",tt10681222,7.6
ts113842,Giri/Haji,SHOW,2019,TV-MA,"['thriller', 'crime', 'drama']",tt8001106,7.8
ts223210,Don't F**k with Cats: Hunting an Internet Killer,SHOW,2019,TV-MA,"['crime', 'documentation']",tt11318602,8
tm818266,The Forgotten Battle,MOVIE,2020,,"['drama', 'war', 'history', 'documentation', 'european']",tt10521092,7.1
tm460948,Always Be My Maybe,MOVIE,2019,PG-13,"['romance', 'comedy']",tt7374948,6.8
tm911973,Enola Holmes,MOVIE,2020,PG-13,"['crime', 'drama', 'action']",tt7846844,6.6
tm362198,Scary Stories to Tell in the Dark,MOVIE,2019,PG-13,"['horror', 'thriller']",tt3387520,6.2
ts105825,The Valhalla Murders,SHOW,2019,TV-MA,"['thriller', 'crime', 'drama', 'scifi']",tt9100822,7.1
tm244207,Triple Frontier,MOVIE,2019,R,"['thriller', 'action', 'crime', 'drama']",tt1488606,6.4
tm372066,Fast Color,MOVIE,2019,PG-13,"['thriller', 'drama', 'scifi']",tt6418778,6
tm832916,The Midnight Sky,MOVIE,2020,PG-13,"['drama', 'scifi', 'thriller', 'fantasy']",tt10539608,5.6
tm239927,Official Secrets,MOVIE,2019,R,"['thriller', 'crime', 'drama', 'war', 'romance']",tt5431890,7.3
ts90448,The Hateful Eight: Extended Version,SHOW,2019,TV-MA,"['western', 'crime', 'thriller', 'drama']",,
ts246072,Barbarians,SHOW,2020,TV-MA,"['action', 'drama', 'history']",tt9184986,7.2
tm428856,I Am Mother,MOVIE,2019,PG-13,"['scifi', 'thriller', 'horror', 'drama']",tt6292852,6.7
ts219101,Marianne,SHOW,2019,TV-MA,"['thriller', 'drama', 'horror']",tt10875696,7.4
ts221200,The Haunting of Bly Manor,SHOW,2020,TV-MA,"['drama', 'scifi', 'thriller', 'horror']",tt10970552,7.3
ts83555,"Roswell, New Mexico",SHOW,2019,TV-14,"['scifi', 'drama', 'romance']",tt7588054,6.2
tm849003,The Old Guard,MOVIE,2020,R,"['fantasy', 'action', 'thriller']",tt7556122,6.6
ts88577,Hollywood,SHOW,2020,TV-MA,"['drama', 'history']",tt9827854,7.5
ts223548,The Midnight Gospel,SHOW,2020,TV-MA,['scifi'],,
tm916405,The Outpost,MOVIE,2020,R,"['drama', 'action', 'history', 'war']",tt3833480,6.8
ts84661,Cursed,SHOW,2020,TV-MA,"['scifi', 'action', 'drama', 'fantasy']",tt8210856,5.8
tm496322,Extraction,MOVIE,2020,R,"['thriller', 'crime', 'drama', 'action']",tt8936646,6.7
ts105047,To the Lake,SHOW,2019,TV-MA,"['scifi', 'thriller', 'drama']",tt9151230,7.2
ts241486,Pokémon Journeys: The Series,SHOW,2020,TV-Y7,"['animation', 'action', 'scifi', 'comedy', 'family', 'fantasy']",tt14033496,6.9
ts107724,The Defeated,SHOW,2020,TV-MA,"['drama', 'thriller']",tt8879894,7
tm499045,Occupation: Rainfall,MOVIE,2020,R,"['action', 'scifi']",tt8615822,5.6
ts87364,Conversations with a Killer: The Ted Bundy Tapes,SHOW,2019,TV-MA,"['crime', 'history', 'documentation']",tt9425132,7.8
tm444017,"Extremely Wicked, Shockingly Evil and Vile",MOVIE,2019,R,"['crime', 'drama', 'thriller']",tt2481498,6.7
ts103133,I Am Not Okay with This,SHOW,2020,TV-MA,"['comedy', 'drama', 'fantasy', 'scifi']",tt9446688,7.5
ts227305,Tiger King,SHOW,2020,TV-MA,"['crime', 'documentation']",tt11823076,7.5
tm820190,#Alive,MOVIE,2020,,"['thriller', 'horror', 'action', 'drama']",tt10620868,6.3
ts225522,Unorthodox,SHOW,2020,TV-MA,['drama'],tt7607544,8
tm943774,The Old Ways,MOVIE,2020,R,"['fantasy', 'thriller', 'drama', 'horror']",tt12829958,5.4
tm470240,The Half of It,MOVIE,2020,PG-13,"['comedy', 'romance', 'drama']",tt9683478,6.9
tm426428,After,MOVIE,2019,PG-13,"['drama', 'romance']",tt4126476,5.2
tm458585,Dolemite Is My Name,MOVIE,2019,R,"['comedy', 'drama']",tt8526872,7.2
ts89210,Warrior Nun,SHOW,2020,TV-MA,"['scifi', 'action', 'drama', 'fantasy']",tt9059350,6.8
ts104401,Ragnarok,SHOW,2020,TV-MA,"['action', 'drama', 'fantasy', 'thriller', 'scifi']",tt9251798,7.5
ts83657,The Order,SHOW,2019,TV-MA,"['scifi', 'horror', 'drama', 'fantasy', 'crime', 'thriller']",tt8295472,6.7
tm319470,The Professor and the Madman,MOVIE,2019,,"['thriller', 'drama', 'history', 'european']",tt5932728,7.2
tm927718,The Paper Tigers,MOVIE,2020,PG-13,"['comedy', 'action']",tt6060444,6.3
tm919961,Pieces of a Woman,MOVIE,2020,R,['drama'],tt11161474,7
ts222988,Love on the Spectrum,SHOW,2019,TV-14,"['reality', 'documentation', 'romance']",tt11904786,8.6
tm1121246,Code 8,MOVIE,2019,,"['scifi', 'thriller', 'action', 'crime', 'drama']",tt6259380,6.1
tm925486,Jiu Jitsu,MOVIE,2020,R,"['fantasy', 'action', 'scifi', 'thriller', 'comedy']",tt9624766,2.9
tm456436,Bad Trip,MOVIE,2020,,"['comedy', 'reality']",tt9684220,6.5
ts90729,Away,SHOW,2020,TV-14,"['scifi', 'drama', 'romance']",tt8787802,6.6
tm432765,The Wind,MOVIE,2019,R,"['western', 'thriller', 'horror']",tt8426594,5.5
ts224859,The Pharmacist,SHOW,2020,TV-MA,"['crime', 'documentation']",tt11600174,7.7
tm417416,Five Feet Apart,MOVIE,2019,PG-13,"['romance', 'drama']",tt6472976,7.2
ts223530,Sweet Home,SHOW,2020,TV-MA,['scifi'],,
ts103329,Ghost in the Shell: SAC_2045,SHOW,2020,TV-14,"['scifi', 'animation', 'action', 'thriller', 'crime', 'drama']",tt9466298,6.2
tm441231,Murder Mystery,MOVIE,2019,PG-13,"['comedy', 'action', 'crime', 'romance']",tt1618434,6
tm927037,The Water Man,MOVIE,2020,PG,"['action', 'drama', 'family', 'fantasy', 'thriller']",tt4779326,5.4
tm443615,Rebecca,MOVIE,2020,PG-13,"['thriller', 'romance', 'drama']",tt2235695,6
ts84663,The Politician,SHOW,2019,TV-14,"['comedy', 'drama']",tt7971476,7.5
ts86165,The Society,SHOW,2019,TV-MA,"['scifi', 'thriller', 'drama']",tt8778064,7
ts215683,The Untamed,SHOW,2019,TV-14,"['action', 'comedy', 'romance', 'drama', 'fantasy', 'horror']",tt10554898,8.8
tm836438,Countdown,MOVIE,2019,PG-13,"['horror', 'thriller', 'european']",,
tm447788,Fyre,MOVIE,2019,,"['documentation', 'crime', 'music']",tt9412098,7.2
tm447963,Fractured,MOVIE,2019,R,['thriller'],tt4332232,6.4
tm843444,Da 5 Bloods,MOVIE,2020,R,"['war', 'drama']",tt9777644,6.5
ts85398,Our Planet,SHOW,2019,TV-G,['documentation'],tt9253866,9.3
ts218802,The Family,SHOW,2019,TV-14,"['documentation', 'sport', 'reality']",tt10780886,6.4
ts129445,The Spy,SHOW,2019,TV-MA,"['drama', 'history']",tt5952634,7.9
ts236685,Lies and Deceit,SHOW,2020,,['thriller'],,
ts84993,Daybreak,SHOW,2019,TV-MA,"['scifi', 'drama', 'fantasy', 'horror', 'thriller', 'comedy', 'action']",tt12374132,6.7
tm420826,The Highwaymen,MOVIE,2019,R,"['thriller', 'crime', 'drama']",tt1860242,6.9
tm919864,The Disciple,MOVIE,2020,,"['drama', 'music']",tt11423784,7.1
tm927480,Kiss the Ground,MOVIE,2020,,['documentation'],tt8618654,8.2
tm455636,The Dirt,MOVIE,2019,R,"['drama', 'music', 'comedy']",tt0800325,6.9
ts237499,The Woods,SHOW,2020,TV-MA,['drama'],,
tm983787,Ava,MOVIE,2020,R,"['drama', 'thriller', 'action', 'crime']",tt8784956,5.4
ts249891,The Comey Rule,SHOW,2020,TV-MA,"['war', 'drama']",tt9174536,7.4
ts286390,Merli: Dare to Know,SHOW,2019,TV-MA,"['drama', 'comedy']",tt9415632,7.6
tm877681,American Pie Presents: Girls' Rules,MOVIE,2020,R,['comedy'],tt11771594,
ts236531,Too Hot to Handle,SHOW,2020,TV-MA,"['reality', 'romance']",tt12004280,4.6
tm850404,The Night Clerk,MOVIE,2020,R,"['thriller', 'crime', 'drama', 'romance']",tt7979142,5.5
tm821143,Ma Rainey's Black Bottom,MOVIE,2020,R,"['music', 'drama']",tt10514222,6.9
ts82912,Ratched,SHOW,2020,TV-MA,"['crime', 'drama', 'thriller']",tt7423538,7.2
tm449105,Polar,MOVIE,2019,R,"['action', 'crime', 'drama', 'thriller', 'european']",tt4139588,6.3
ts89014,DC Super Hero Girls,SHOW,2019,TV-PG,"['scifi', 'comedy', 'family', 'fantasy', 'drama', 'animation', 'action']",tt6927444,7.2
tm460124,"Yes, God, Yes",MOVIE,2020,R,"['comedy', 'drama']",tt8949056,6.1
tm678022,The Prom,MOVIE,2020,PG-13,"['comedy', 'drama', 'music']",tt10161886,5.9
ts250801,Dark Desire,SHOW,2020,TV-MA,"['drama', 'thriller']",tt12540080,6.5
ts281928,Unsolved Mysteries,SHOW,2020,TV-MA,"['documentation', 'drama', 'thriller', 'crime']",tt9642938,7.3
tm433462,We Summon the Darkness,MOVIE,2020,R,"['horror', 'thriller', 'music', 'comedy']",tt8058874,5.2
ts225867,The English Game,SHOW,2020,TV-14,['drama'],,
tm441232,Someone Great,MOVIE,2019,R,"['romance', 'comedy']",tt8075260,6.2
tm464662,Tread,MOVIE,2020,,"['crime', 'documentation']",tt5807330,7.1
tm417055,Radium Girls,MOVIE,2020,,"['drama', 'history']",tt6317180,6.2
tm456156,Sweetheart,MOVIE,2019,PG-13,"['horror', 'thriller', 'scifi', 'drama', 'fantasy']",tt6560164,5.8
ts83491,WHAT / IF,SHOW,2019,TV-MA,"['drama', 'thriller']",tt8860450,6.3
tm886464,The Wrong Missy,MOVIE,2020,R,"['comedy', 'romance']",tt9619798,5.7
tm853783,David Attenborough: A Life on Our Planet,MOVIE,2020,PG,['documentation'],tt11989890,9
tm935309,Skylines,MOVIE,2020,R,"['scifi', 'action']",tt9387250,4.7
tm428557,The Laundromat,MOVIE,2019,R,"['drama', 'comedy', 'crime', 'history']",tt5868244,6.3
ts223404,It's Okay to Not Be Okay,SHOW,2020,TV-MA,"['drama', 'comedy', 'romance']",tt12451520,8.6
ts93054,Trinkets,SHOW,2019,TV-MA,"['comedy', 'crime', 'drama']",tt9134194,7
tm824477,Over the Moon,MOVIE,2020,PG,"['family', 'fantasy', 'scifi', 'romance', 'animation', 'comedy']",tt7488208,6.3
tm435520,The Two Popes,MOVIE,2019,PG-13,"['drama', 'comedy', 'history']",tt8404614,7.6
ts82851,Messiah,SHOW,2020,TV-MA,"['drama', 'thriller']",tt7671598,7.6
ts216522,BEASTARS,SHOW,2019,TV-MA,"['drama', 'romance', 'thriller', 'animation', 'crime', 'fantasy']",tt11043632,7.7
ts221749,Dorohedoro,SHOW,2020,TV-MA,"['scifi', 'horror', 'animation', 'action', 'comedy', 'fantasy']",tt11147852,8.1
ts88469,Undercover,SHOW,2019,TV-MA,"['drama', 'crime', 'thriller']",tt7263154,7.8
tm285317,IO,MOVIE,2019,PG-13,"['scifi', 'romance', 'drama']",tt3256226,4.7
tm443179,All the Bright Places,MOVIE,2020,,"['drama', 'romance']",tt3907584,6.5
tm332071,Velvet Buzzsaw,MOVIE,2019,R,"['thriller', 'horror', 'comedy']",tt7043012,5.7
ts90019,Bonding,SHOW,2019,TV-MA,"['comedy', 'drama']",tt7718088,7.1
ts223981,Cheer,SHOW,2020,TV-MA,"['documentation', 'sport', 'reality']",tt11426660,8.1
tm857430,The Occupant,MOVIE,2020,R,"['thriller', 'european', 'drama']",tt9345754,6.4
tm824331,Can You Keep a Secret?,MOVIE,2019,,"['comedy', 'romance']",tt8707922,5.3
ts88283,Wu Assassins,SHOW,2019,TV-MA,"['scifi', 'action', 'crime', 'drama', 'fantasy']",tt8652642,6.4
ts105441,Greatest Events of WWII in Colour,SHOW,2019,,"['documentation', 'history', 'war']",tt9103932,8.7
tm878333,Pokémon the Movie: Secrets of the Jungle,MOVIE,2020,,"['action', 'family', 'fantasy', 'animation']",tt11819890,6.4
ts220751,Lego Jurassic World: Legend of Isla Nublar,SHOW,2019,TV-PG,"['scifi', 'animation', 'comedy', 'family']",tt10872880,6.7
tm414341,The Red Sea Diving Resort,MOVIE,2019,R,"['thriller', 'drama', 'history']",tt6675186,6.6
ts88485,Green Eggs and Ham,SHOW,2019,TV-Y7,"['action', 'family', 'fantasy', 'drama', 'animation', 'comedy', 'romance']",tt4651448,8.1
tm845496,Crip Camp: A Disability Revolution,MOVIE,2020,R,"['documentation', 'history']",tt8923484,7.7
tm446176,American Factory,MOVIE,2019,,['documentation'],tt9351980,7.4
ts90937,Stateless,SHOW,2020,TV-14,['drama'],tt4878488,7.5
tm423666,The Wandering Earth,MOVIE,2019,PG-13,"['scifi', 'drama', 'action', 'thriller']",tt7605074,5.9
ts219080,Caliphate,SHOW,2020,TV-MA,"['war', 'crime', 'drama', 'thriller']",tt11398870,8.2
ts250997,Down to Earth with Zac Efron,SHOW,2020,TV-PG,"['documentation', 'history', 'reality']",tt12585152,8
tm458553,Wine Country,MOVIE,2019,R,"['comedy', 'drama']",tt8169446,5.4
tm548602,Between Two Ferns: The Movie,MOVIE,2019,,['comedy'],tt9398640,6.1
tm423140,Avengement,MOVIE,2019,,"['action', 'crime', 'thriller']",tt8836988,6.5
ts237560,Jeffrey Epstein: Filthy Rich,SHOW,2020,TV-MA,"['crime', 'documentation']",tt12312250,7.1
tm361998,The Wolf's Call,MOVIE,2019,,"['thriller', 'war', 'drama', 'action', 'scifi', 'european']",tt7458762,6.9
tm418847,The Silence,MOVIE,2019,PG-13,"['horror', 'thriller', 'fantasy', 'drama', 'scifi', 'comedy', 'european']",tt8169224,5.3
ts226468,Summertime,SHOW,2020,TV-MA,"['drama', 'romance']",tt11269886,6
ts86908,L.A.'s Finest,SHOW,2019,TV-14,"['drama', 'crime', 'thriller', 'action', 'comedy']",tt7555294,6.1
ts222835,Holiday Secrets,SHOW,2019,,['drama'],tt11243536,6.5
ts237111,Almost Happy,SHOW,2020,TV-MA,['comedy'],tt12146940,6.8
ts110703,Interior Design Masters,SHOW,2019,,['reality'],tt8367694,6.4
tm348403,A Shaun the Sheep Movie: Farmageddon,MOVIE,2019,G,"['comedy', 'animation', 'family', 'fantasy', 'scifi']",tt6193408,6.8
ts255427,Blood of Zeus,SHOW,2020,TV-MA,"['action', 'scifi']",,
ts255926,Dash & Lily,SHOW,2020,TV-14,"['comedy', 'drama', 'romance']",tt11127506,7.5
ts161737,Dare Me,SHOW,2019,TV-MA,"['thriller', 'crime', 'reality']",tt2983222,6.6
tm469193,Atlantics,MOVIE,2019,PG-13,"['fantasy', 'drama', 'romance']",tt10199586,6.7
tm450262,Last Breath,MOVIE,2019,,"['documentation', 'european']",tt9056818,7.7
ts223344,The Gift,SHOW,2019,TV-MA,"['scifi', 'drama', 'fantasy']",tt10075318,7
tm449195,The Boy Who Harnessed the Wind,MOVIE,2019,,"['drama', 'history']",tt7533152,7.6
tm307133,We Have Always Lived in the Castle,MOVIE,2019,,"['thriller', 'drama']",tt5952138,5.6
tm498803,Spenser Confidential,MOVIE,2020,R,"['thriller', 'comedy', 'crime', 'action', 'drama']",tt8629748,6.2
tm411750,Doom: Annihilation,MOVIE,2019,R,"['scifi', 'horror', 'thriller', 'action']",tt8328716,3.7
ts93611,October Faction,SHOW,2020,TV-MA,"['drama', 'fantasy', 'horror', 'scifi']",tt8826128,6.1
ts255104,Deaf U,SHOW,2020,TV-MA,"['reality', 'drama']",tt13070478,6.4
ts100116,Blown Away,SHOW,2019,TV-PG,"['reality', 'documentation', 'comedy', 'history']",tt9908860,7.1
tm458467,Girl on the Third Floor,MOVIE,2019,,"['thriller', 'drama', 'horror']",tt9026184,4.7
ts100359,Medical Police,SHOW,2020,TV-MA,['comedy'],tt9850952,5.9
tm446609,The Great Hack,MOVIE,2019,,"['documentation', 'history']",tt9358204,7.1
tm817709,Rocks,MOVIE,2019,,['drama'],tt9067182,7.4
ts243036,Selena: The Series,SHOW,2020,TV-PG,"['drama', 'music']",tt9421868,6.9
ts106536,White Lines,SHOW,2020,TV-MA,"['thriller', 'crime', 'drama']",tt9073958,6.6
tm853953,Tremors: Shrieker Island,MOVIE,2020,PG-13,['horror'],,
tm315255,Ip Man 4: The Finale,MOVIE,2019,PG,"['drama', 'history', 'action']",tt2076298,7
tm361746,Ophelia,MOVIE,2019,PG-13,"['drama', 'history', 'romance', 'thriller', 'war']",tt5690870,6.6
tm813695,After We Collided,MOVIE,2020,R,"['romance', 'drama']",tt10362466,5
ts222455,The Devil Next Door,SHOW,2019,TV-MA,"['documentation', 'crime', 'history']",tt11165002,7.6
ts225101,Start-Up,SHOW,2020,TV-14,"['drama', 'comedy', 'romance']",tt12867810,8.1
tm498034,The Last Blockbuster,MOVIE,2020,,['documentation'],tt8704802,6.7
tm413660,In the Tall Grass,MOVIE,2019,,"['drama', 'thriller', 'horror', 'scifi']",tt4687108,5.4
ts89282,Toy Boy,SHOW,2019,TV-MA,"['crime', 'action', 'drama', 'thriller']",tt8693266,6.5
tm358770,Paradise Hills,MOVIE,2019,,"['fantasy', 'thriller', 'scifi', 'european']",tt6127004,5.3
tm845484,Dick Johnson Is Dead,MOVIE,2020,PG-13,"['documentation', 'drama']",tt11394180,7.4
tm934040,American Murder: The Family Next Door,MOVIE,2020,R,"['crime', 'documentation']",tt12987894,7.2
tm443154,Rust Creek,MOVIE,2019,R,"['thriller', 'crime', 'drama', 'horror']",tt6610158,5.9
ts236747,Middleditch & Schwartz,SHOW,2020,TV-MA,['comedy'],tt12027034,8.6
tm863280,Showtime 1958,MOVIE,2020,,['drama'],tt11900444,
ts116814,The Twelve,SHOW,2019,TV-MA,"['thriller', 'drama']",tt7605396,7.5
ts251654,Paranormal,SHOW,2020,TV-14,['scifi'],,
tm355783,Eli,MOVIE,2019,R,"['horror', 'thriller', 'drama']",tt5294518,5.8
tm469991,I Lost My Body,MOVIE,2019,,"['fantasy', 'drama', 'animation', 'romance', 'european']",tt9806192,7.5
ts268608,The Ripper,SHOW,2020,TV-MA,"['crime', 'documentation']",tt13492374,7.1
ts268799,Equinox,SHOW,2020,,['scifi'],,
ts215691,Teenage Bounty Hunters,SHOW,2020,TV-MA,"['action', 'drama', 'crime', 'comedy']",tt10584608,7.6
tm375883,Klaus,MOVIE,2019,PG,"['comedy', 'family', 'animation', 'european']",tt4729430,8.1
ts306090,GREAT PRETENDER,SHOW,2020,TV-MA,"['action', 'comedy', 'crime', 'drama', 'animation']",tt11680468,7.9
tm471878,Fatima,MOVIE,2020,PG-13,"['drama', 'war']",tt2197936,6.6
tm459742,Sword of Trust,MOVIE,2019,R,"['comedy', 'drama']",tt8484012,6.3
ts88699,Northern Rescue,SHOW,2019,TV-14,"['drama', 'family']",tt8462412,7.1
tm918706,The Sleepover,MOVIE,2020,,"['action', 'family', 'comedy']",tt10888708,5.6
ts251782,High Score,SHOW,2020,TV-14,"['documentation', 'history']",tt12759400,7.4
tm464351,The Last Thing He Wanted,MOVIE,2020,R,"['drama', 'thriller', 'crime']",tt7456312,4.3
ts215012,Kipo and the Age of Wonderbeasts,SHOW,2020,TV-Y7,"['animation', 'action', 'comedy', 'family', 'fantasy', 'scifi']",tt10482560,8.3
tm453099,Rolling Thunder Revue: A Bob Dylan Story by Martin Scorsese,MOVIE,2019,,"['music', 'documentation', 'history']",tt9580038,7.6
tm893799,Lost Bullet,MOVIE,2020,,"['thriller', 'crime', 'action']",tt10456740,6.3
tm426638,Vita & Virginia,MOVIE,2019,,"['drama', 'romance', 'european']",tt5859882,5.7
tm925584,The Vanished,MOVIE,2020,R,"['thriller', 'crime', 'action']",tt9794630,5.7
ts225787,Unabomber: In His Own Words,SHOW,2020,TV-MA,"['crime', 'documentation']",tt11833494,7.2
ts192440,Garth Brooks: The Road I'm On,SHOW,2019,TV-PG,"['reality', 'documentation']",tt10095402,7.4
ts88296,Ares,SHOW,2020,TV-MA,"['thriller', 'drama', 'horror']",tt8404520,5.7
tm845549,The Reason I Jump,MOVIE,2020,,"['documentation', 'drama']",tt9098928,7.5
tm460829,Children of the Sea,MOVIE,2019,,"['thriller', 'animation', 'fantasy', 'scifi', 'drama', 'family']",tt9850064,6.5
ts223126,The Confession Killer,SHOW,2019,TV-14,"['crime', 'documentation']",tt11307176,7.4
tm845512,Horse Girl,MOVIE,2020,R,['drama'],,
tm325325,The Game Changers,MOVIE,2019,,['documentation'],tt7455754,7.8
ts88262,Traitors,SHOW,2019,TV-MA,"['war', 'thriller']",tt7371896,6.6
ts236501,Valeria,SHOW,2020,TV-MA,"['drama', 'comedy', 'romance']",tt9731288,6.5
ts86726,Tidying Up with Marie Kondo,SHOW,2019,TV-PG,['reality'],tt8115560,6.6
tm918734,Concrete Cowboy,MOVIE,2020,R,"['western', 'drama']",tt8846176,6.3
tm926004,The Boss Baby: Get That Baby!,MOVIE,2020,,['animation'],,
ts256309,Aunty Donna's Big Ol House of Fun,SHOW,2020,TV-MA,['comedy'],tt13316746,8
ts89251,Tales of the City,SHOW,2019,TV-MA,['drama'],tt7087260,7.4
tm437221,Charlie Says,MOVIE,2019,R,"['crime', 'drama', 'documentation']",tt1759744,5.9
tm840438,Mike Birbiglia: The New One,MOVIE,2019,,['comedy'],tt11163014,7.7
ts105645,Historical Roasts,SHOW,2019,TV-MA,['comedy'],tt9169602,5.3
tm817504,1BR,MOVIE,2019,,"['horror', 'thriller', 'drama']",tt7541106,5.8
tm827216,Bill Burr: Paper Tiger,MOVIE,2019,,['comedy'],tt10847306,8.1
ts225718,La Révolution,SHOW,2020,TV-MA,"['drama', 'fantasy', 'thriller', 'action']",tt13044528,6.6
tm369389,The Silence of Others,MOVIE,2019,,"['documentation', 'history', 'european']",tt8099236,8
tm858954,Nobody Sleeps in the Woods Tonight,MOVIE,2020,,"['thriller', 'drama', 'fantasy', 'horror', 'romance', 'european']",tt11240506,4.9
ts252856,Challenger: The Final Flight,SHOW,2020,TV-14,"['documentation', 'history']",tt12930534,7.8
tm828069,Calm with Horses,MOVIE,2020,,"['drama', 'crime']",tt4460792,6.8
tm852097,A Whisker Away,MOVIE,2020,,"['fantasy', 'drama', 'family', 'romance', 'animation']",tt11958344,6.7
tm471967,Lost Girls,MOVIE,2020,R,"['thriller', 'crime', 'drama']",tt3111426,6.1
tm974366,We Can Be Heroes,MOVIE,2020,PG,"['fantasy', 'comedy', 'family', 'action', 'drama']",tt10600398,4.7
ts215178,Grand Army,SHOW,2020,TV-MA,['drama'],tt10473150,7.5
tm828317,Tell Me Who I Am,MOVIE,2019,,"['thriller', 'drama', 'documentation']",tt10915286,7.6
tm432022,Violet Evergarden: The Movie,MOVIE,2020,PG,"['fantasy', 'romance', 'animation', 'drama']",tt8652818,8.3
ts93066,The I-Land,SHOW,2019,TV-MA,"['drama', 'scifi', 'reality']",tt9070436,4.6
ts223759,Killer Inside: The Mind of Aaron Hernandez,SHOW,2020,TV-MA,"['crime', 'documentation', 'sport']",tt11475228,7.4
ts104840,Skylines,SHOW,2019,TV-MA,"['drama', 'music', 'crime', 'documentation', 'reality']",tt9184970,7.5
tm455568,Paddleton,MOVIE,2019,R,"['drama', 'comedy']",tt8041276,7.1
ts219162,Inside Bill's Brain: Decoding Bill Gates,SHOW,2019,TV-14,['documentation'],tt10837476,7.9
tm952590,What Lies Below,MOVIE,2020,,"['horror', 'thriller', 'scifi']",tt9264728,4.3
tm931686,Vampires vs. the Bronx,MOVIE,2020,PG-13,"['comedy', 'horror']",tt8976576,5.7
ts254592,Song Exploder,SHOW,2020,TV-MA,"['documentation', 'music']",tt13110256,7.4
ts81646,Chambers,SHOW,2019,TV-MA,"['drama', 'thriller', 'fantasy', 'horror']",tt7949204,6.4
ts219561,"The Mind, Explained",SHOW,2019,TV-14,['documentation'],tt10810430,8
ts272134,Transformers: War for Cybertron: Earthrise,SHOW,2020,TV-Y7,"['action', 'scifi']",,
ts91039,The Chef Show,SHOW,2019,TV-MA,['documentation'],tt10359446,8.2
tm812916,The Stronghold,MOVIE,2020,,"['action', 'crime', 'thriller', 'european']",tt10404944,6.9
ts92547,Rise of Empires: Ottoman,SHOW,2020,,"['documentation', 'drama', 'history', 'war', 'action']",tt9244578,7.9
ts113506,The Last Czars,SHOW,2019,TV-MA,"['documentation', 'drama', 'history', 'romance', 'war']",tt7949606,7.3
tm898474,The Swarm,MOVIE,2020,,"['horror', 'drama', 'fantasy', 'european']",tt10675724,5.3
tm935895,The Life Ahead,MOVIE,2020,PG-13,"['drama', 'european']",tt10627584,6.8
ts87471,Darwin's Game,SHOW,2020,TV-14,"['scifi', 'action', 'drama', 'animation']",tt11405390,7.3
ts89744,How to Sell Drugs Online (Fast),SHOW,2019,TV-MA,"['drama', 'comedy', 'crime', 'romance']",tt9184994,7.9
tm447159,The Kindness of Strangers,MOVIE,2019,,"['drama', 'european']",tt6515910,6.4
tm852996,Captain Underpants: Epic Choice-o-rama,MOVIE,2020,,"['fantasy', 'comedy', 'family', 'scifi', 'animation', 'action']",tt11604750,6.4
ts225912,Biohackers,SHOW,2020,TV-MA,"['scifi', 'thriller', 'drama']",tt9849210,6.8
ts215341,The Gentlemen's League,SHOW,2019,TV-G,['reality'],,
tm676311,Sightless,MOVIE,2020,,"['drama', 'thriller', 'horror']",tt10303430,5.5
tm847430,Words Bubble Up Like Soda Pop,MOVIE,2020,,['drama'],,
tm893480,Project Power,MOVIE,2020,R,"['action', 'crime', 'scifi', 'thriller']",tt7550000,6
ts250912,Fear City: New York vs The Mafia,SHOW,2020,TV-MA,"['crime', 'documentation']",tt12588372,7.1
ts190462,Gentefied,SHOW,2020,TV-MA,"['comedy', 'drama']",tt10037034,7.3
ts187541,Hotel Del Luna,SHOW,2019,TV-14,"['action', 'comedy', 'drama', 'fantasy', 'horror', 'romance', 'scifi']",tt10220588,8.2
ts105542,The Baker and the Beauty,SHOW,2020,TV-14,"['romance', 'comedy', 'drama']",tt9164986,7.5
ts89075,Her Private Life,SHOW,2019,TV-14,"['drama', 'comedy', 'romance']",tt9899340,7.7
tm420455,Rim of the World,MOVIE,2019,PG,"['comedy', 'scifi', 'action']",tt8179388,5.2
ts237109,Control Z,SHOW,2020,TV-MA,"['drama', 'thriller']",tt11937662,6.9
ts86978,Power Rangers Beast Morphers,SHOW,2019,TV-Y7,"['animation', 'scifi', 'action', 'comedy', 'drama', 'fantasy', 'thriller']",tt8022978,6.5
tm924991,Death of Me,MOVIE,2020,R,"['horror', 'thriller']",tt1830643,4.4
ts215046,Capitani,SHOW,2019,TV-MA,"['thriller', 'crime', 'drama']",tt10483610,6.6
tm846964,A Fall from Grace,MOVIE,2020,,"['fantasy', 'thriller', 'drama']",tt11390036,5.8
tm436778,The Best of Enemies,MOVIE,2019,PG-13,"['drama', 'history']",tt4807408,7.3
ts189422,Home for Christmas,SHOW,2019,TV-MA,"['comedy', 'drama', 'romance']",tt10069398,7.7
ts88151,Quicksand,SHOW,2019,TV-MA,"['drama', 'crime', 'thriller']",tt8686106,7.5
ts223589,"Sex, Explained",SHOW,2020,TV-MA,['documentation'],tt11390530,6.9
tm847998,Hubie Halloween,MOVIE,2020,PG-13,"['thriller', 'horror', 'fantasy', 'comedy']",tt10682266,5.2
ts275111,Rainbow High,SHOW,2020,TV-Y,"['comedy', 'family', 'animation']",tt13488080,6.4
tm814671,Secret Obsession,MOVIE,2019,,"['thriller', 'drama']",tt9419834,4.4
ts237513,Ju-On: Origins,SHOW,2020,TV-MA,"['thriller', 'drama', 'horror']",tt12313914,6.1
tm844250,Ala Vaikunthapurramuloo,MOVIE,2020,PG-13,"['drama', 'action', 'comedy']",tt9537292,7.5
tm819950,Anima,MOVIE,2019,,['music'],tt10516984,
tm885775,Unbreakable Kimmy Schmidt: Kimmy vs. the Reverend,MOVIE,2020,PG-13,"['comedy', 'romance', 'scifi']",tt10324166,7
tm936236,Cadaver,MOVIE,2020,,"['thriller', 'horror', 'drama']",tt11284280,5.1
tm890660,The Paramedic,MOVIE,2020,,"['thriller', 'action', 'crime', 'drama']",tt11127690,5.7
ts88721,Special,SHOW,2019,TV-MA,"['comedy', 'drama']",tt9381622,7.6
ts103209,Exhibit A,SHOW,2019,TV-14,"['crime', 'family', 'documentation']",tt10376904,6.3
ts223240,Itaewon Class,SHOW,2020,TV-MA,"['drama', 'romance']",tt11239552,8.2
tm465724,See You Yesterday,MOVIE,2019,,"['drama', 'action', 'crime', 'scifi', 'thriller']",tt8743064,5.2
ts87008,Turn Up Charlie,SHOW,2019,TV-MA,"['drama', 'comedy', 'music']",tt8304498,7.1
ts89119,The Disappearance of Madeleine McCann,SHOW,2019,TV-14,"['crime', 'documentation']",tt9879074,6.6
ts242820,Floor is Lava,SHOW,2020,TV-Y7,['reality'],tt12370124,5.3
tm370530,Ride Like a Girl,MOVIE,2019,PG,"['drama', 'sport']",tt7600382,7
tm845415,Miss Americana,MOVIE,2020,R,"['documentation', 'music']",tt11388580,7.4
tm827142,Dave Chappelle: Sticks & Stones,MOVIE,2019,R,['comedy'],tt10810424,8.4
ts227385,Transformers: War for Cybertron: Siege,SHOW,2020,TV-14,['scifi'],,
tm922788,The Babysitter: Killer Queen,MOVIE,2020,R,"['horror', 'comedy']",tt11024272,5.8
tm459512,To All the Boys: P.S. I Still Love You,MOVIE,2020,PG-13,"['romance', 'comedy', 'drama']",tt9354842,6
tm822246,The Forty-Year-Old Version,MOVIE,2020,R,"['comedy', 'drama']",tt10642834,7.2
ts251028,Detention,SHOW,2020,TV-MA,"['drama', 'horror', 'thriller']",tt13175760,6.3
tm315348,Triple Threat,MOVIE,2019,R,"['thriller', 'action']",tt6644602,5.6
tm849005,The Willoughbys,MOVIE,2020,PG,"['comedy', 'animation', 'drama', 'family', 'fantasy']",tt5206260,6.3
ts106015,Kengan Ashura,SHOW,2019,TV-MA,"['animation', 'action', 'sport']",tt9058134,8
tm839411,Me Against You: Mr. S's Vendetta,MOVIE,2020,,"['comedy', 'family', 'european']",tt11559652,1.7
ts89832,Abyss,SHOW,2019,TV-14,"['scifi', 'crime', 'fantasy', 'romance', 'comedy']",tt10055734,7.1
tm446625,Miles Davis: Birth of the Cool,MOVIE,2019,,"['documentation', 'music']",tt9358200,7.4
tm827501,Tall Girl,MOVIE,2019,PG,"['comedy', 'drama', 'family', 'romance']",tt9252508,5.2
ts225544,The Trials of Gabriel Fernandez,SHOW,2020,TV-MA,"['crime', 'documentation']",tt11822998,8.1
tm935878,Monsoon,MOVIE,2020,,['drama'],,
ts237751,Gameboys,SHOW,2020,TV-14,"['drama', 'comedy', 'romance']",tt12508898,8.5
tm428558,High Flying Bird,MOVIE,2019,,"['drama', 'sport']",tt8128188,6.2
ts277126,Black Space,SHOW,2020,TV-MA,"['crime', 'drama', 'thriller']",tt13660638,6.7
ts84586,Spinning Out,SHOW,2020,TV-MA,"['drama', 'sport']",tt9117054,7.6
tm822907,Patsy & Loretta,MOVIE,2019,,"['drama', 'music']",tt10016704,6.8
ts267956,Ethos,SHOW,2020,,['drama'],,
ts87986,Dolly Parton's Heartstrings,SHOW,2019,TV-14,"['drama', 'comedy', 'music']",tt8509922,7.6
ts106126,The Bonfire of Destiny,SHOW,2019,TV-MA,"['drama', 'history']",tt9050352,7.6
tm850723,Altered Carbon: Resleeved,MOVIE,2020,,"['animation', 'drama', 'scifi', 'thriller', 'action', 'crime']",tt9310328,6.5
tm854669,Taylor Tomlinson: Quarter-Life Crisis,MOVIE,2020,,['comedy'],tt11738792,7.4
tm914535,2 Hearts,MOVIE,2020,PG-13,"['romance', 'drama']",tt5616176,6.2
tm845535,Coded Bias,MOVIE,2020,,['documentation'],tt11394170,6.7
ts251094,Indian Matchmaking,SHOW,2020,TV-14,"['reality', 'documentation', 'romance']",tt12580168,6.2
tm948128,Audrey,MOVIE,2020,PG,"['documentation', 'history']",tt10731386,7.1
ts89747,High Seas,SHOW,2019,TV-MA,"['drama', 'crime', 'comedy']",tt8961508,6.8
tm853396,Dragonheart: Vengeance,MOVIE,2020,PG-13,"['fantasy', 'european']",,
tm316311,Wasp Network,MOVIE,2019,R,"['drama', 'thriller', 'crime']",tt6834140,5.9
ts221293,The King: Eternal Monarch,SHOW,2020,,['scifi'],,
tm496648,School Life,MOVIE,2019,,"['comedy', 'drama', 'european']",tt8783532,6.5
ts288350,Julie and the Phantoms,SHOW,2020,TV-G,"['scifi', 'music', 'comedy', 'drama', 'family', 'fantasy', 'documentation']",tt10183988,8.4
tm902330,Ghosts of War,MOVIE,2020,R,"['horror', 'thriller', 'fantasy', 'war']",tt6508228,5.5
tm451548,The Fable,MOVIE,2019,,"['crime', 'comedy', 'action']",tt8676426,6.5
ts188991,Someone Has to Die,SHOW,2020,TV-MA,"['crime', 'drama', 'thriller']",tt10311932,6.3
tm810547,Night in Paradise,MOVIE,2020,,"['thriller', 'action', 'crime', 'drama']",tt12792418,6.7
tm464557,The Perfect Date,MOVIE,2019,PG-13,"['romance', 'comedy']",tt8201170,5.8
tm469008,How High 2,MOVIE,2019,,['comedy'],tt8861802,3
tm897732,Bigfoot Family,MOVIE,2020,G,"['animation', 'action', 'family']",tt9204164,5.8
ts268560,The Uncanny Counter,SHOW,2020,TV-14,"['drama', 'action', 'fantasy', 'horror']",tt13273826,8
tm928541,Barbie: Princess Adventure,MOVIE,2020,G,"['music', 'animation', 'family']",tt12767498,5.4
ts225460,Freud,SHOW,2020,TV-MA,['drama'],,
tm444247,This Changes Everything,MOVIE,2019,PG,['documentation'],tt5795282,7.6
ts224072,Self Made: Inspired by the Life of Madam C.J. Walker,SHOW,2020,TV-MA,"['drama', 'history']",tt8771910,7.3
ts83107,V Wars,SHOW,2019,TV-MA,"['scifi', 'drama', 'horror']",tt7403736,6.1
tm467579,The Last Summer,MOVIE,2019,,"['comedy', 'romance']",,
ts216493,The Naked Director,SHOW,2019,TV-MA,"['drama', 'comedy']",tt10477528,7.7
tm500565,Friendsgiving,MOVIE,2020,R,"['comedy', 'drama']",tt8431078,4.4
tm452826,Poms,MOVIE,2019,PG-13,"['comedy', 'drama', 'sport']",tt5125894,6
tm475836,The Lonely Island Presents: The Unauthorized Bash Brothers Experience,MOVIE,2019,,['comedy'],tt10376068,
ts251067,The Baby-Sitters Club,SHOW,2020,TV-G,"['family', 'comedy', 'drama']",tt8690518,7.3
tm977464,Youth v Gov,MOVIE,2020,,['documentation'],tt13192640,6.9
ts108392,The Letter for the King,SHOW,2020,TV-PG,"['fantasy', 'action', 'family', 'scifi']",tt8741648,5.9
tm451512,Close,MOVIE,2019,R,"['thriller', 'action', 'drama']",tt6896584,5.7
tm927286,Making The Witcher,MOVIE,2020,PG-13,['documentation'],tt12987838,6.8
ts222606,Black Dog,SHOW,2019,TV-14,['drama'],tt11377920,7.7
tm938793,I Am Woman,MOVIE,2020,,"['drama', 'romance', 'history', 'music']",tt9185316,6.6
ts219895,Tiny Pretty Things,SHOW,2020,TV-MA,"['thriller', 'drama']",tt10767748,5.9
ts101874,Frontera Verde,SHOW,2019,,"['thriller', 'crime', 'drama', 'scifi']",tt9641192,7.3
ts86744,Romance Is a Bonus Book,SHOW,2019,,"['comedy', 'drama', 'romance']",tt9130542,8
ts84129,No Good Nick,SHOW,2019,TV-PG,"['comedy', 'drama', 'family']",tt9039142,6
tm941382,Stand by Me Doraemon 2,MOVIE,2020,PG,"['animation', 'comedy', 'drama', 'family', 'fantasy', 'scifi']",tt13428402,7.7
ts270465,SanPa: Sins of the Savior,SHOW,2020,,"['documentation', 'history', 'crime']",tt13731400,7.8
ts89326,Persona,SHOW,2019,TV-MA,['drama'],tt10027990,6.6
tm933375,Cuties,MOVIE,2020,NC-17,"['drama', 'european']",tt9196192,3.3
ts218888,BNA,SHOW,2020,TV-14,"['scifi', 'animation', 'action', 'fantasy']",tt12013558,7.2
ts76382,Carmen Sandiego,SHOW,2019,TV-Y7,"['action', 'crime', 'animation', 'thriller', 'family']",tt7042146,7.9
tm833638,The Forest of Love,MOVIE,2019,,"['drama', 'thriller', 'crime', 'horror']",tt10589914,6.3
ts104449,The Liberator,SHOW,2020,TV-MA,"['animation', 'action', 'drama', 'war']",tt9308682,7.6
ts237096,Trial by Media,SHOW,2020,TV-MA,"['crime', 'documentation']",tt11963042,7.1
ts251617,Connected,SHOW,2020,TV-14,"['documentation', 'comedy']",tt12753692,7.5
tm475783,Jo Koy: Comin’ In Hot,MOVIE,2019,,['comedy'],tt10377036,7.3
tm451078,Pokémon: Mewtwo Strikes Back - Evolution,MOVIE,2019,PG,"['animation', 'action', 'fantasy', 'family']",tt8856470,5.7
ts91124,Love Alarm,SHOW,2019,TV-MA,"['scifi', 'romance', 'comedy', 'drama']",tt9145880,6.8
tm855600,The Stand In,MOVIE,2020,R,"['comedy', 'drama']",tt7970348,4.7
tm827508,The Boys in the Band,MOVIE,2020,R,['drama'],tt10199914,6.8
ts88312,The Eddy,SHOW,2020,TV-MA,"['drama', 'music', 'thriller']",tt7322210,7.1
ts256007,Love & Anarchy,SHOW,2020,TV-MA,"['comedy', 'drama', 'romance']",tt10888876,7.4
ts89958,Arthdal Chronicles,SHOW,2019,,"['drama', 'action', 'romance', 'fantasy', 'history']",tt8750956,8.3
tm120072,Let It Snow,MOVIE,2019,PG-13,"['comedy', 'romance']",tt1950235,5.8
tm856375,The Decline,MOVIE,2020,R,"['thriller', 'action']",tt10307440,6
tm462903,Backdraft 2,MOVIE,2019,R,['drama'],,
ts101408,The Mess You Leave Behind,SHOW,2020,TV-MA,"['thriller', 'crime', 'drama']",tt9731242,6.8
ts219049,Til Death Do Us Part,SHOW,2019,TV-MA,"['scifi', 'documentation']",,
tm845437,Disclosure,MOVIE,2020,,['documentation'],tt8637504,8.2
tm814150,How I Became a Super Hero,MOVIE,2020,,"['drama', 'fantasy', 'thriller', 'action', 'comedy', 'scifi']",tt10345590,5.8
tm461366,The Coldest Game,MOVIE,2019,,"['drama', 'history', 'sport', 'thriller', 'european']",tt6445414,6.2
tm981451,Death to 2020,MOVIE,2020,,['comedy'],tt13567480,6.8
tm855827,Pete Davidson: Alive from New York,MOVIE,2020,,['comedy'],tt11474156,6.1
tm511940,Lying and Stealing,MOVIE,2019,R,"['crime', 'drama', 'comedy']",tt7558302,5.4
ts85480,Carole & Tuesday,SHOW,2019,TV-PG,"['scifi', 'music', 'animation', 'drama']",tt8107988,7.8
ts315066,Vampires,SHOW,2020,TV-MA,"['scifi', 'drama', 'fantasy', 'horror']",tt11829316,5.6
ts221365,Criminal: Spain,SHOW,2019,TV-MA,['crime'],,
tm890674,Becoming,MOVIE,2020,PG,['documentation'],tt12221748,6.8
tm834291,Escaping the NXIVM Cult: A Mother's Fight to Save Her Daughter,MOVIE,2019,,"['crime', 'drama']",tt10584730,5.3
tm524282,Invader ZIM: Enter the Florpus,MOVIE,2019,,"['drama', 'family', 'horror', 'action', 'fantasy', 'animation', 'comedy', 'scifi', 'thriller']",tt6744342,7.4
ts216474,The Trial,SHOW,2019,TV-MA,"['crime', 'thriller', 'drama']",tt10549212,7.2
ts225860,Bloodride,SHOW,2020,TV-MA,['scifi'],,
tm881162,Athlete A,MOVIE,2020,PG-13,"['documentation', 'crime', 'sport']",tt11905462,7.6
ts189405,Killer Ratings,SHOW,2019,TV-MA,"['documentation', 'crime']",tt10243692,7.6
ts93482,The Last Kids on Earth,SHOW,2019,,"['animation', 'comedy', 'family', 'horror', 'scifi']",tt8914012,7.3
ts236033,#blackAF,SHOW,2020,TV-MA,['comedy'],,
ts242244,Japan Sinks: 2020,SHOW,2020,TV-MA,"['action', 'scifi', 'animation', 'drama']",tt12031040,6.4
tm471922,An Easy Girl,MOVIE,2019,,"['comedy', 'drama', 'european']",tt9632590,5.6
tm877456,9to5: The Story of A Movement,MOVIE,2020,,"['documentation', 'history']",tt11753730,7.4
tm818502,"Live Twice, Love Once",MOVIE,2019,,"['comedy', 'drama', 'european']",tt9063902,7.2
ts236725,Lenox Hill,SHOW,2020,TV-MA,['documentation'],tt12190580,8.7
ts113637,The Alcàsser Murders,SHOW,2019,TV-MA,"['documentation', 'crime']",tt8035424,7.1
ts222367,We Are the Wave,SHOW,2019,,['drama'],tt11053220,6.2
tm884511,The Lost Husband,MOVIE,2020,PG-13,"['romance', 'drama']",tt4257940,6.1
ts252122,The Possessed,SHOW,2020,TV-MA,"['thriller', 'horror']",tt12929796,5.7
tm887450,Made You Look: A True Story About Fake Art,MOVIE,2020,,"['documentation', 'crime']",tt11994750,7
tm430171,Screwball,MOVIE,2019,,"['documentation', 'history']",tt8819596,7.1
tm936396,Holidate,MOVIE,2020,,"['romance', 'comedy']",tt9866072,6.1
tm425698,The Wedding Guest,MOVIE,2019,R,['thriller'],tt7645780,5.8
tm371882,Ne Zha,MOVIE,2019,PG-13,['fantasy'],tt7843530,
tm858001,Only,MOVIE,2020,R,"['romance', 'horror', 'thriller', 'drama', 'action', 'family']",,
tm424074,Then Came You,MOVIE,2019,PG-13,"['comedy', 'drama']",tt4859168,6.9
ts222917,Kevin Hart: Don't F**k This Up,SHOW,2019,TV-MA,['documentation'],tt11313054,6.4
tm885860,Hannah Gadsby: Douglas,MOVIE,2020,,['comedy'],,
tm469400,Brené Brown: The Call to Courage,MOVIE,2019,,"['documentation', 'drama']",tt10050766,7.7
ts86927,Touch Your Heart,SHOW,2019,TV-MA,"['comedy', 'drama', 'romance']",tt9466990,7.7
tm467299,Anthony Jeselnik: Fire in the Maternity Ward,MOVIE,2019,,['comedy'],tt10050780,7.2
ts321758,Vagabond,SHOW,2019,TV-MA,"['drama', 'action', 'thriller', 'romance']",tt8523042,8.2
ts252098,The Duchess,SHOW,2020,TV-MA,"['drama', 'comedy']",,
tm843768,John Mulaney & The Sack Lunch Bunch,MOVIE,2019,,"['comedy', 'family', 'music']",tt11318624,7.4
tm458721,Amy Schumer: Growing,MOVIE,2019,,['comedy'],tt9770590,5.4
tm918701,Don't Listen,MOVIE,2020,,"['thriller', 'horror', 'european']",,
tm571805,Otherhood,MOVIE,2019,R,['comedy'],tt4180560,6.1
tm501222,Twin Murders: The Silence of the White City,MOVIE,2019,,"['crime', 'drama', 'horror', 'thriller', 'action', 'european']",tt8393332,5.3
tm848995,Jingle Jangle: A Christmas Journey,MOVIE,2020,PG,"['music', 'family', 'fantasy']",tt7736496,6.5
ts224164,Night on Earth,SHOW,2020,TV-PG,['documentation'],,
ts215378,Love 101,SHOW,2020,TV-14,"['comedy', 'drama', 'romance']",tt10516352,7.5
ts237208,The Big Flower Fight,SHOW,2020,,['reality'],tt12200714,7.4
ts251157,Wizards: Tales of Arcadia,SHOW,2020,TV-Y7,"['action', 'scifi']",,
ts268890,Lovestruck in the City,SHOW,2020,TV-14,"['drama', 'romance']",tt13394544,7.7
ts223192,Hospital Playlist,SHOW,2020,TV-14,"['comedy', 'drama']",tt11769304,8.8
ts218803,Diagnosis,SHOW,2019,,"['documentation', 'reality']",tt8997426,
tm463385,Framing John DeLorean,MOVIE,2019,,"['drama', 'documentation']",tt6256978,6.5
tm826563,A Cinderella Story: Christmas Wish,MOVIE,2019,PG,['romance'],tt10326928,5.3
tm826473,A Sun,MOVIE,2019,,['drama'],,
ts226602,How to Fix a Drug Scandal,SHOW,2020,TV-MA,"['crime', 'documentation']",tt11958942,7
tm823355,Inside Man: Most Wanted,MOVIE,2019,R,"['thriller', 'action', 'crime']",tt7832848,5.6
ts255880,Dream Home Makeover,SHOW,2020,TV-G,['reality'],tt13161310,5.5
tm942240,Dance of the Forty One,MOVIE,2020,,"['drama', 'history']",tt11525022,6.8
tm483997,The Kissing Booth 2,MOVIE,2020,,"['comedy', 'romance']",tt9784456,5.7
ts221174,Ricky Zoom,SHOW,2019,TV-Y,"['animation', 'family']",tt10932166,6.3
ts103360,The Barrier,SHOW,2020,TV-MA,"['scifi', 'fantasy', 'thriller', 'action', 'drama', 'war']",tt9460858,6.8
ts220552,Power Players,SHOW,2019,,"['scifi', 'animation', 'action', 'comedy', 'fantasy']",tt10895604,5.9
tm920096,Definition Please,MOVIE,2020,,"['drama', 'comedy']",tt10395748,5.5
tm864480,Unknown Origins,MOVIE,2020,,"['thriller', 'comedy', 'action', 'crime', 'drama']",tt5827790,6.1
ts111206,Fast & Furious Spy Racers,SHOW,2019,,"['comedy', 'crime', 'drama', 'family', 'animation', 'action']",tt8322592,5.7
ts296153,Ashley Garcia: Genius in Love,SHOW,2020,TV-PG,['comedy'],tt10380934,6.8
tm898262,Coven,MOVIE,2020,,"['drama', 'history', 'thriller', 'horror', 'action']",tt9916362,6.4
ts254982,Nadiya Bakes,SHOW,2020,,['documentation'],,
tm824165,Falling Inn Love,MOVIE,2019,,"['comedy', 'romance']",tt9860752,5.6
tm465231,Nate Bargatze: The Tennessee Kid,MOVIE,2019,,['comedy'],tt9861504,7.6
ts215718,Extracurricular,SHOW,2020,TV-MA,['drama'],tt12034342,
tm883189,Dangerous Lies,MOVIE,2020,,"['thriller', 'horror', 'drama', 'comedy', 'crime']",tt10183816,5.3
ts225328,Get Even,SHOW,2020,TV-PG,['drama'],,
tm458127,Human Nature,MOVIE,2019,,"['documentation', 'thriller']",tt7188970,7.7
tm475339,Beats,MOVIE,2019,,['drama'],tt8530978,6.3
ts268551,Run On,SHOW,2020,,['drama'],,
tm881859,A Secret Love,MOVIE,2020,,"['documentation', 'drama']",tt3260524,7.8
tm503508,Earthquake Bird,MOVIE,2019,R,"['romance', 'thriller', 'crime', 'drama']",tt8178486,5.9
tm827304,LEGO Marvel Spider-Man: Vexed by Venom,MOVIE,2019,,"['animation', 'action', 'comedy', 'family']",tt10755644,5.6
ts254600,The Playbook,SHOW,2020,TV-MA,"['documentation', 'sport']",tt12930602,7.4
tm461829,The Hard Way,MOVIE,2019,,['action'],tt9815714,4.8
tm434553,Cut Throat City,MOVIE,2020,R,"['crime', 'thriller', 'action', 'drama']",tt3547306,4.8
ts225716,Family Business,SHOW,2019,TV-MA,"['comedy', 'family']",tt10423460,7.4
tm848996,Tigertail,MOVIE,2020,PG,['drama'],tt8902948,6.6
ts225162,Babies,SHOW,2020,TV-PG,"['documentation', 'reality']",tt13705052,
tm448767,Knock Down the House,MOVIE,2019,PG,['documentation'],tt9358052,7.1
ts256783,We Are the Champions,SHOW,2020,TV-MA,['documentation'],tt12409154,7.1
ts89048,My First First Love,SHOW,2019,TV-PG,['drama'],tt8995604,7.5
tm912373,Jim Jefferies: Intolerant,MOVIE,2020,,['comedy'],tt12588160,7.2
ts225669,Dragon's Dogma,SHOW,2020,,"['scifi', 'animation']",,
tm670553,Your Name Engraved Herein,MOVIE,2020,,"['drama', 'romance']",tt10329134,7.3
ts268508,Alien Worlds,SHOW,2020,TV-PG,"['documentation', 'animation', 'scifi']",tt13464340,6.5
tm847629,Dolly Parton: Here I Am,MOVIE,2019,,"['music', 'documentation']",tt11497544,7.3
ts103890,The InBESTigators,SHOW,2019,,"['crime', 'family', 'comedy']",tt9332962,8.1
ts221366,Criminal: France,SHOW,2019,TV-MA,['crime'],,
ts236388,The Circle France,SHOW,2020,,['reality'],tt9581778,7.4
tm893816,Desperados,MOVIE,2020,,"['comedy', 'romance']",tt10050362,5.2
ts86413,AJ and the Queen,SHOW,2020,TV-14,"['comedy', 'drama']",tt8404094,7.4
tm823488,David Foster: Off the Record,MOVIE,2019,,['documentation'],tt10655608,6.9
ts218564,"Breakfast, Lunch & Dinner",SHOW,2019,TV-MA,['documentation'],tt10681670,6.7
ts89291,Mythomaniac,SHOW,2019,TV-MA,"['comedy', 'drama']",tt10677432,6.7
tm467804,Watchman,MOVIE,2019,,['thriller'],,
ts254293,The American Barbecue Showdown,SHOW,2020,TV-G,['reality'],tt12938472,7.1
tm922532,Freaks – You're One of Us,MOVIE,2020,NC-17,"['thriller', 'fantasy', 'scifi', 'action', 'drama']",tt12875782,5.4
ts237104,History 101,SHOW,2020,TV-PG,"['documentation', 'history']",tt11958648,6.8
tm844642,Michelle Wolf: Joke Show,MOVIE,2019,,['comedy'],tt11269704,7.2
ts114080,Twice Upon a Time,SHOW,2019,,"['scifi', 'thriller', 'drama', 'romance', 'comedy']",tt7943036,6.3
tm878842,The Edge of All We Know,MOVIE,2020,,['documentation'],tt11863046,6.6
tm855483,Have a Good Trip: Adventures in Psychedelics,MOVIE,2020,,"['documentation', 'comedy']",tt12133722,6.8
tm447520,Sebastian Maniscalco: Stay Hungry,MOVIE,2019,,['comedy'],tt9482786,7.1
ts89876,Lunatics,SHOW,2019,TV-MA,['comedy'],tt8164794,6.6
tm679284,The Knight Before Christmas,MOVIE,2019,,"['drama', 'fantasy', 'romance', 'comedy']",tt10060094,5.5
tm454824,Silver Skates,MOVIE,2020,,"['romance', 'family', 'history', 'drama']",tt10525672,7.1
ts252341,Chef's Table: BBQ,SHOW,2020,TV-14,['documentation'],tt12917170,7.8
tm453850,Time to Hunt,MOVIE,2020,,"['drama', 'scifi', 'thriller', 'action', 'crime']",tt11777040,6.3
ts237488,Blood & Water,SHOW,2020,TV-MA,['drama'],,
tm447439,System Crasher,MOVIE,2019,,"['drama', 'european']",tt8535968,7.8
ts222933,Who Killed Little Gregory?,SHOW,2019,,"['crime', 'drama', 'documentation', 'thriller']",tt11269714,7.4
ts312044,Beyblade Burst Surge,SHOW,2020,TV-Y,['animation'],tt18554728,
ts220248,Hyperdrive,SHOW,2019,TV-PG,['reality'],,
tm467467,Homecoming: A Film by Beyoncé,MOVIE,2019,PG-13,"['music', 'documentation']",tt10147546,7.4
ts269690,Schulz Saves America,SHOW,2020,TV-MA,['comedy'],tt13607518,7.3
tm834664,Nikki Glaser: Bangin',MOVIE,2019,,['comedy'],tt10952752,6.1
ts221363,Criminal: Germany,SHOW,2019,TV-MA,"['drama', 'crime']",tt10986056,7.7
ts268592,Beyblade Burst Rise,SHOW,2019,,"['action', 'scifi', 'sport', 'thriller', 'animation', 'fantasy']",tt11916718,5.7
tm497383,Sergio,MOVIE,2020,R,"['drama', 'history', 'romance', 'documentation']",tt6468740,6.2
tm978401,Mosul,MOVIE,2019,,['drama'],,
ts256764,Heaven Official's Blessing,SHOW,2020,TV-14,"['action', 'scifi', 'animation']",tt13375866,8.3
ts88471,Girls from Ipanema,SHOW,2019,TV-MA,"['drama', 'romance']",tt8001788,7.8
tm449594,Brother,MOVIE,2019,,"['drama', 'european']",tt9095526,6.7
ts251560,Do Do Sol Sol La La Sol,SHOW,2020,,"['comedy', 'drama', 'music', 'romance']",tt12850262,7.4
tm452851,The Operative,MOVIE,2019,,"['thriller', 'action', 'drama']",tt8000718,5.7
tm457856,ReMastered: The Two Killings of Sam Cooke,MOVIE,2019,,"['documentation', 'music']",tt9046564,7.2
tm554944,Love Wedding Repeat,MOVIE,2020,,"['romance', 'comedy']",tt5096470,5.5
tm931158,Gather,MOVIE,2020,,['documentation'],tt9309756,7.8
ts237239,All For Love,SHOW,2020,,[],,
tm834230,The Silence of the Marsh,MOVIE,2019,,"['thriller', 'european']",,
tm470836,The Show Must Go On: The Queen + Adam Lambert Story,MOVIE,2019,,"['documentation', 'music']",tt9856280,7.8
tm472411,Iron Fists and Kung Fu Kicks,MOVIE,2019,,"['documentation', 'history']",tt10255782,6.6
ts225377,Taj Mahal 1989,SHOW,2020,,"['drama', 'comedy', 'romance']",tt11725706,7.4
tm454375,Benchwarmers 2: Breaking Balls,MOVIE,2019,PG-13,"['comedy', 'sport']",tt8750122,4.1
tm837756,I'm No Longer Here,MOVIE,2019,,['drama'],tt4323594,7.3
ts88909,Glow Up: Britain's Next Make-Up Star,SHOW,2019,TV-14,['reality'],tt9680524,6.8
tm305433,Rocko's Modern Life: Static Cling,MOVIE,2019,,"['comedy', 'animation', 'fantasy', 'scifi', 'action', 'family']",tt6172460,6.9
tm819054,Dear Mother,MOVIE,2020,,"['comedy', 'drama']",tt10551904,5.8
tm863890,Rising High,MOVIE,2020,,"['comedy', 'drama']",tt9806336,5.9
ts222325,Magical Andes,SHOW,2019,,['documentation'],tt11816968,7.8
ts218500,Dragons: Rescue Riders,SHOW,2019,TV-Y,"['animation', 'action', 'comedy', 'family', 'fantasy', 'scifi']",tt10687134,5.9
ts187386,My Perfect Landing,SHOW,2020,TV-G,['family'],tt10268080,6.6
tm490222,Uncorked,MOVIE,2020,,"['drama', 'comedy']",tt9261218,6.4
ts86928,The Crowned Clown,SHOW,2019,TV-14,"['action', 'history', 'romance', 'drama']",tt9266592,8
ts89881,Mr. Iglesias,SHOW,2019,TV-14,['comedy'],tt8403536,7.1
tm838876,Undercover Brother 2,MOVIE,2019,R,"['action', 'comedy']",tt6843446,3.4
tm868777,"Love, Guaranteed",MOVIE,2020,,"['comedy', 'romance']",tt11100856,5.6
ts90511,Crime Diaries: Night Out,SHOW,2019,TV-MA,['crime'],tt10242266,7.3
tm846166,Pets United,MOVIE,2019,,"['comedy', 'animation']",tt11276598,3.7
tm450478,Under the Eiffel Tower,MOVIE,2019,,"['romance', 'comedy']",tt6251390,5.4
ts213232,Awake: The Million Dollar Game,SHOW,2019,TV-PG,['reality'],tt10370956,5.9
ts185885,Oktoberfest: Beer & Blood,SHOW,2020,TV-MA,"['drama', 'history', 'thriller']",tt10244612,6.8
tm917325,Dragons: Rescue Riders: Secrets of the Songwing,MOVIE,2020,,"['animation', 'action', 'comedy', 'family', 'fantasy']",tt12599350,5.1
tm986700,All My Friends Are Dead,MOVIE,2020,,"['thriller', 'drama', 'comedy', 'crime']",tt13728990,5.8
ts217891,SAINT SEIYA: Knights of the Zodiac,SHOW,2019,TV-14,"['scifi', 'action', 'animation', 'fantasy']",tt6908976,4.5
tm838687,Holiday in the Wild,MOVIE,2019,,"['romance', 'comedy', 'drama']",tt8510488,6.1
ts85619,Hache,SHOW,2019,TV-MA,"['crime', 'drama', 'thriller']",tt8575476,6.5
ts268099,LEGO Marvel Avengers: Climate Conundrum,SHOW,2020,TV-Y7,"['action', 'animation']",tt13783758,6.6
tm856593,Bert Kreischer: Hey Big Boy,MOVIE,2020,,['comedy'],tt11810424,7
tm844662,Ronny Chieng: Asian Comedian Destroys America!,MOVIE,2019,,['comedy'],tt11248800,7.4
tm446581,The Edge of Democracy,MOVIE,2019,,"['documentation', 'history']",tt6016744,7.2
tm494731,Sextuplets,MOVIE,2019,,['comedy'],tt8976710,4.4
tm886283,Legacy of Lies,MOVIE,2020,R,"['thriller', 'action']",tt6834916,5
ts106141,The Chosen One,SHOW,2019,TV-MA,"['thriller', 'drama']",tt9048368,5.7
ts225430,Mystic Pop-up Bar,SHOW,2020,,"['scifi', 'comedy', 'fantasy']",tt12246190,8
ts257301,Big Timber,SHOW,2020,,['reality'],tt13322572,6.5
tm844513,M8 - When Death Rescues Life,MOVIE,2019,,"['drama', 'thriller']",tt11321572,7
ts255809,Carmel: Who Killed Maria Marta?,SHOW,2020,TV-14,"['crime', 'documentation']",tt13244092,7
ts192297,Morphle,SHOW,2019,TV-Y,"['animation', 'family']",tt10087694,5.1
tm884369,"Best Wishes, Warmest Regards: A Schitt's Creek Farewell",MOVIE,2020,,['documentation'],tt12004838,8.6
ts189629,"Nisman. The Prosecutor, the President and the Spy",SHOW,2019,,"['thriller', 'documentation', 'crime', 'history']",tt11618264,7.6
ts216593,Taco Chronicles,SHOW,2019,TV-MA,['documentation'],,
ts82739,Women of the Night,SHOW,2019,TV-MA,"['crime', 'drama']",tt7785420,6.3
tm858416,Guilty,MOVIE,2020,,['thriller'],,
tm836662,Go!,MOVIE,2020,,"['family', 'sport']",tt8116640,5.9
ts226588,100 Humans: Life's Questions. Answered.,SHOW,2020,TV-14,"['documentation', 'reality']",tt11823088,5.7
ts222634,Nobody's Looking,SHOW,2019,TV-MA,"['comedy', 'drama', 'fantasy']",tt11131980,7.7
ts223895,"Hi Bye, Mama!",SHOW,2020,,"['scifi', 'comedy', 'drama', 'fantasy']",tt11804034,8
tm970327,Seven,MOVIE,2019,,['drama'],tt12553430,7.5
ts251615,(Un)Well,SHOW,2020,TV-MA,"['reality', 'documentation']",tt12759384,6.4
ts216744,Heroes of Goo Jit Zu,SHOW,2019,TV-Y7,"['animation', 'action', 'comedy', 'scifi']",tt10589932,7.5
tm812998,Miracle in Cell No. 7,MOVIE,2019,,['drama'],tt10431500,8.2
tm889629,Lady Driver,MOVIE,2020,PG,"['drama', 'sport']",tt7562334,5.8
ts254568,The Last Word,SHOW,2020,TV-MA,"['comedy', 'drama']",tt10506510,7
tm977997,Captain Underpants: Mega Blissmas,MOVIE,2020,G,"['comedy', 'animation', 'family']",tt13411948,5.3
ts223077,Broken,SHOW,2019,,['documentation'],,
ts226617,The Innocence Files,SHOW,2020,TV-MA,"['documentation', 'crime', 'drama']",tt11958922,8
tm897170,Furie,MOVIE,2019,,"['thriller', 'drama', 'horror']",tt8246392,5.6
ts110637,Mortel,SHOW,2019,TV-MA,"['fantasy', 'horror', 'scifi', 'crime', 'drama']",tt8403570,6.5
tm917974,Hard Kill,MOVIE,2020,R,"['thriller', 'action']",tt11656172,3.4
ts213820,Next in Fashion,SHOW,2020,TV-14,['reality'],tt10394770,7.3
ts88744,Losers,SHOW,2019,TV-MA,"['documentation', 'sport', 'comedy', 'european']",tt9817218,7.6
ts90621,Kota Factory,SHOW,2019,TV-MA,"['drama', 'comedy']",tt9432978,9.3
ts90995,1994,SHOW,2019,TV-MA,"['documentation', 'history']",tt10243640,7.5
ts88841,The School Nurse Files,SHOW,2020,TV-14,"['scifi', 'comedy', 'drama', 'fantasy']",tt12879522,6.4
tm916997,Work It,MOVIE,2020,PG-13,"['music', 'comedy']",tt10276470,6.1
tm852662,Ultras,MOVIE,2020,,['drama'],tt10937434,6.2
tm376739,Bethany Hamilton: Unstoppable,MOVIE,2019,PG,"['documentation', 'sport']",tt6435258,7.4
tm849937,Jungle Beat: The Movie,MOVIE,2020,G,"['scifi', 'fantasy', 'animation', 'comedy', 'family']",tt12139700,5.5
ts93981,Monarca,SHOW,2019,TV-MA,['drama'],tt8655736,7.8
ts102933,Les de l'hoquei,SHOW,2019,TV-MA,"['sport', 'drama']",tt9486226,6.8
tm932609,The Binding,MOVIE,2020,,"['drama', 'thriller', 'horror']",tt10914452,4.8
tm898169,If Anything Happens I Love You,MOVIE,2020,PG,['drama'],,
tm851346,Residue,MOVIE,2020,,['drama'],tt11568878,6.5
ts252661,La Línea: Shadow of Narco,SHOW,2020,TV-MA,"['crime', 'documentation']",tt12875794,6.4
ts314648,The Witcher: A Look Inside the Episodes,SHOW,2020,,['documentation'],tt12748032,7.1
tm894619,Feel the Beat,MOVIE,2020,G,"['drama', 'comedy', 'family']",tt10714856,6.3
tm885805,Debt Collectors,MOVIE,2020,R,"['comedy', 'action']",tt10933680,5.7
tm483420,Ella Fitzgerald: Just One of Those Things,MOVIE,2019,,"['music', 'documentation']",tt9824012,6.9
tm918853,All Together Now,MOVIE,2020,PG,['drama'],tt3155342,6.5
tm814644,Coffee & Kareem,MOVIE,2020,,"['action', 'comedy', 'crime']",tt9898858,5.1
ts90413,Gigantosaurus,SHOW,2019,TV-G,['animation'],tt9636800,6.9
tm850822,Fortune Feimster: Sweet & Salty,MOVIE,2020,,"['comedy', 'drama']",tt11488724,6.9
ts306187,Family Reunion,SHOW,2019,TV-PG,"['family', 'comedy']",tt9153270,6.4
tm857187,Tom Segura: Ball Hog,MOVIE,2020,,['comedy'],tt11861072,7.3
ts225102,Record of Youth,SHOW,2020,TV-14,"['drama', 'romance']",tt12850322,7.3
tm925785,Dark Forces,MOVIE,2020,,"['thriller', 'horror', 'action']",tt12536776,2.7
tm855535,The Hater,MOVIE,2020,,"['drama', 'european']",,
tm514494,Offering to the Storm,MOVIE,2020,,"['crime', 'thriller', 'european']",tt7304824,6.2
ts214280,You Cannot Hide,SHOW,2019,TV-MA,"['action', 'crime']",tt10367990,6.4
ts187443,The Minions of Midas,SHOW,2020,TV-MA,"['crime', 'drama', 'thriller']",tt10147520,6.6
ts251420,Hoops,SHOW,2020,,['comedy'],,
ts225410,Unstoppable,SHOW,2020,TV-MA,"['drama', 'documentation']",tt11996042,
tm453903,Elisa & Marcela,MOVIE,2019,,"['romance', 'drama', 'european']",tt6704898,6.6
tm843938,18 Presents,MOVIE,2020,,"['fantasy', 'drama', 'european']",tt10816484,6.9
tm674099,Rose Island,MOVIE,2020,,"['drama', 'comedy']",tt10287954,7
tm811971,Oprah Winfrey Presents: When They See Us Now,MOVIE,2019,,['documentation'],tt10484298,7.8
ts86946,Osmosis,SHOW,2019,TV-MA,"['scifi', 'romance']",tt7043380,5.8
ts90645,Drug Squad: Costa del Sol,SHOW,2019,TV-MA,"['action', 'thriller', 'drama', 'romance']",tt8478108,6.8
tm835432,Sky High,MOVIE,2020,,"['crime', 'thriller', 'drama', 'action', 'european']",tt10978398,5.6
ts113748,Twelve Forever,SHOW,2019,TV-PG,"['animation', 'action', 'comedy', 'family', 'fantasy']",tt8009622,6.6
tm413558,Funan,MOVIE,2019,,"['drama', 'war', 'animation', 'history', 'european']",tt6342440,6.9
tm470560,Circus of Books,MOVIE,2019,,"['documentation', 'history']",tt8727582,7.1
ts90095,Jinn,SHOW,2019,TV-14,"['scifi', 'drama', 'fantasy', 'horror', 'thriller']",tt10751504,3.5
tm954543,Wheels of Fortune,MOVIE,2020,R,['comedy'],tt9735976,5.3
ts235672,She,SHOW,2020,,['drama'],,
tm434830,The Grizzlies,MOVIE,2019,R,"['drama', 'sport']",tt6365796,7.5
tm893680,Jo Koy: In His Elements,MOVIE,2020,,['comedy'],tt12357266,5.4
tm824559,"Bikram: Yogi, Guru, Predator",MOVIE,2019,,"['crime', 'documentation']",tt10883004,6.7
tm835486,Jenny Slate: Stage Fright,MOVIE,2019,,"['comedy', 'reality']",tt10971520,5.8
ts237014,Her Mother's Killer,SHOW,2020,,['drama'],,
ts87224,Always a Witch,SHOW,2019,TV-14,"['scifi', 'drama', 'fantasy']",tt8001250,6.3
ts223238,My Holo Love,SHOW,2020,TV-14,"['scifi', 'drama', 'romance']",tt11058644,7.6
ts88271,Flavorful Origins,SHOW,2019,,['documentation'],tt9708598,7.6
ts90280,Yankee,SHOW,2019,TV-MA,['drama'],tt9046782,5.9
ts288353,Omniscient,SHOW,2020,,"['scifi', 'drama', 'thriller']",tt11542920,6.5
ts188840,Seis Manos,SHOW,2019,TV-MA,"['drama', 'fantasy', 'animation', 'action', 'crime']",tt10106108,7.1
tm915043,The F**k-It List,MOVIE,2020,R,['comedy'],tt8145202,5.1
ts218277,Apache: The Life of Carlos Tevez,SHOW,2019,TV-MA,"['drama', 'sport', 'thriller', 'crime']",tt10715172,7.3
tm887369,Jerry Seinfeld: 23 Hours to Kill,MOVIE,2020,,['comedy'],tt12117854,6.7
ts89231,You vs. Wild,SHOW,2019,TV-PG,"['action', 'reality']",tt10044952,6.6
ts251512,Immigration Nation,SHOW,2020,TV-MA,['documentation'],tt12754910,7.4
ts254916,The Cabin with Bert Kreischer,SHOW,2020,TV-MA,"['reality', 'comedy']",tt13148876,6.6
tm493175,ZZ Top: That Little Ol' Band from Texas,MOVIE,2019,,"['documentation', 'music']",tt9015306,7.5
tm283581,Super Deluxe,MOVIE,2019,NC-17,"['thriller', 'action', 'comedy', 'crime', 'drama']",tt7019942,8.4
tm917036,The Speed Cubers,MOVIE,2020,,['documentation'],,
ts104485,The Stranded,SHOW,2019,TV-MA,"['drama', 'action']",tt9310400,6.2
ts222049,Who Killed Malcolm X?,SHOW,2019,TV-MA,"['crime', 'history', 'documentation']",tt10948316,7.5
ts223456,Pandemic: How to Prevent an Outbreak,SHOW,2020,TV-14,['documentation'],tt11497904,6.3
ts237773,Curon,SHOW,2020,TV-MA,['scifi'],,
tm861718,Villain,MOVIE,2020,R,"['drama', 'thriller', 'action', 'crime']",tt9820352,5.9
tm458893,"Oh, Ramona!",MOVIE,2019,R,"['comedy', 'romance', 'european']",tt7200946,4.8
ts250800,Kissing Game,SHOW,2020,,['drama'],tt12825380,
tm854278,Rogue City,MOVIE,2020,PG-13,['thriller'],,
ts110635,Luna Nera,SHOW,2020,TV-MA,"['drama', 'fantasy', 'thriller', 'scifi']",tt8403622,6
ts191121,Reality Z,SHOW,2020,TV-MA,"['comedy', 'horror', 'scifi']",tt10241238,5.6
ts236051,The Least Expected Day: Inside the Movistar Team 2019,SHOW,2020,TV-MA,"['documentation', 'sport']",tt12048124,7.4
ts213544,Rookie Historian Goo Hae-Ryung,SHOW,2019,,"['romance', 'comedy', 'drama', 'history']",tt10406128,8.2
ts89028,Delhi Crime,SHOW,2019,TV-MA,"['drama', 'crime']",tt9398466,8.5
ts269442,The Surgeon's Cut,SHOW,2020,TV-14,['documentation'],tt13487106,8.5
tm898699,Larry the Cable Guy: Remain Seated,MOVIE,2020,R,['comedy'],tt11464488,6.6
tm840224,Seth Meyers: Lobby Baby,MOVIE,2019,,['comedy'],tt11168100,7.4
ts87320,Can You Hear Me?,SHOW,2019,TV-MA,"['drama', 'comedy']",tt9747016,7.6
tm453098,Svaha: The Sixth Finger,MOVIE,2019,,"['thriller', 'crime', 'horror']",tt7299298,6.2
ts269501,BREAK IT ALL: The History of Rock in Latin America,SHOW,2020,TV-MA,"['documentation', 'music']",tt13570366,7.6
tm848443,World Famous Lover,MOVIE,2020,,"['romance', 'drama']",tt10991188,5
tm898773,Bulbbul,MOVIE,2020,,"['fantasy', 'horror', 'drama']",tt12393526,6.5
ts90356,Terrace House: Tokyo 2019-2020,SHOW,2019,,"['reality', 'drama']",tt10686814,7.4
ts103213,Queen Sono,SHOW,2020,TV-MA,"['drama', 'thriller', 'action', 'crime']",tt9426290,5.9
ts223948,The Goop Lab,SHOW,2020,TV-MA,"['documentation', 'reality']",tt11561206,2.5
tm883441,Money Heist: The Phenomenon,MOVIE,2020,,['documentation'],tt12078990,7.4
tm813929,Gold Statue,MOVIE,2019,,"['comedy', 'drama']",tt10377292,6.2
ts238242,The Great Heist,SHOW,2020,TV-MA,"['drama', 'thriller', 'crime']",tt12624844,7.3
tm857921,The Present,MOVIE,2020,PG-13,['drama'],,
tm465408,Burning Cane,MOVIE,2019,,['drama'],tt7358154,5.5
ts220983,My Country: The New Age,SHOW,2019,,['action'],,
ts187070,Pup Academy,SHOW,2019,TV-Y,['family'],tt10302548,6.6
ts256853,The King's Avatar,SHOW,2019,TV-MA,"['action', 'fantasy']",tt10732794,8.2
ts251621,World's Most Wanted,SHOW,2020,TV-14,"['crime', 'documentation']",tt12753698,7.1
tm452573,Gabriel Iglesias: One Show Fits All,MOVIE,2019,,"['comedy', 'documentation']",tt9426212,7.2
ts89347,Street Food,SHOW,2019,TV-G,['documentation'],tt10050778,7.9
tm822596,Into the Beat,MOVIE,2020,,"['drama', 'music', 'romance', 'european']",tt10662234,5.3
ts250920,Home Game,SHOW,2020,TV-MA,"['documentation', 'sport']",tt12429046,7
ts105192,The Unlisted,SHOW,2019,,"['family', 'scifi', 'thriller']",tt9184592,6.7
tm319139,Saaho,MOVIE,2019,R,"['thriller', 'action', 'crime', 'drama', 'romance']",tt6836936,5.5
tm495609,Game Over,MOVIE,2019,,"['thriller', 'drama', 'scifi']",tt8914492,7
ts85451,45 RPM,SHOW,2019,TV-MA,"['drama', 'music']",tt8987918,7.2
ts89583,Trailer Park Boys: The Animated Series,SHOW,2019,TV-MA,"['animation', 'comedy']",tt9814900,7.6
ts104168,El Dragón: Return of a Warrior,SHOW,2019,TV-MA,"['action', 'drama']",tt9281190,6.8
ts87488,Malibu Rescue: The Series,SHOW,2019,TV-G,"['comedy', 'action', 'family']",tt9098432,5.4
tm470597,A Kid from Coney Island,MOVIE,2019,,"['documentation', 'sport']",tt9567112,7
tm502151,A Remarkable Tale,MOVIE,2019,PG,"['comedy', 'drama', 'european']",tt8296660,5.3
ts245653,The Club,SHOW,2019,TV-MA,"['comedy', 'drama']",,
tm933447,Michael McIntyre: Showman,MOVIE,2020,,['comedy'],tt11860624,7.1
ts254045,Sneakerheads,SHOW,2020,,['comedy'],,
tm456074,Jezebel,MOVIE,2020,,['drama'],tt7103742,6.9
tm461159,Trouble,MOVIE,2019,,"['comedy', 'family', 'music', 'animation']",tt6772524,5.8
tm875736,U Turn,MOVIE,2020,,"['horror', 'thriller']",tt11638656,4.3
tm816593,"Frankenstein's Monster's Monster, Frankenstein",MOVIE,2019,,['comedy'],tt10516390,5.8
tm454861,Patria,MOVIE,2019,,"['documentation', 'history']",tt9647980,7.2
tm850862,A Love Song for Latasha,MOVIE,2019,,['documentation'],,
tm860965,Dave Chappelle: The Kennedy Center Mark Twain Prize,MOVIE,2020,,['comedy'],,
ts252166,Private Lives,SHOW,2020,,"['action', 'thriller', 'drama', 'crime', 'romance']",tt12560270,6.7
tm919106,Rising Phoenix,MOVIE,2020,PG-13,"['documentation', 'sport']",tt10851618,8.1
ts233530,Win the Wilderness: Alaska,SHOW,2020,,"['documentation', 'reality']",tt11718294,6.9
ts87473,7SEEDS,SHOW,2019,TV-MA,"['scifi', 'drama', 'animation', 'action', 'horror', 'romance']",tt9348718,6.3
tm467848,NiNoKuni,MOVIE,2019,PG-13,"['fantasy', 'animation', 'action', 'family', 'romance']",tt9760504,6.1
ts223659,Jamtara – Sabka Number Ayega,SHOW,2020,,"['drama', 'crime']",tt11150912,7.3
tm845532,Mucho Mucho Amor: The Legend of Walter Mercado,MOVIE,2020,,['documentation'],tt11378264,7.3
ts225539,Hyena,SHOW,2020,,"['drama', 'romance']",tt11534164,7.7
ts190452,Stolen Away,SHOW,2020,TV-14,"['thriller', 'action', 'crime', 'drama']",tt10064124,7.1
tm836674,The Main Event,MOVIE,2020,,"['comedy', 'action', 'family', 'fantasy', 'sport']",tt10540242,4.8
ts222438,Cagaster of an Insect Cage,SHOW,2020,TV-14,['scifi'],,
ts90902,Search: WWW,SHOW,2019,,"['comedy', 'drama', 'romance']",tt10253244,7.9
tm912400,Jack Whitehall: I'm Only Joking,MOVIE,2020,,['comedy'],tt12588432,6.6
ts251119,Hook,SHOW,2020,TV-MA,"['drama', 'romance', 'sport']",tt12659696,6.5
ts88821,I Hear You,SHOW,2019,TV-14,"['drama', 'comedy', 'romance']",tt10327440,7.3
ts91034,Leila,SHOW,2019,TV-MA,"['war', 'scifi', 'drama']",tt7259274,4.7
tm816038,Violet Evergarden: Eternity and the Auto Memories Doll,MOVIE,2019,,"['family', 'animation', 'drama', 'fantasy']",tt10477558,7.4
tm943718,Operation Christmas Drop,MOVIE,2020,,"['romance', 'comedy', 'family']",tt13236566,5.8
ts101060,Merry Happy Whatever,SHOW,2019,TV-PG,['comedy'],tt9777322,6.4
tm423624,Ek Ladki Ko Dekha Toh Aisa Laga,MOVIE,2019,,"['drama', 'romance', 'comedy']",tt8108164,5.6
ts88133,Well-Intended Love,SHOW,2019,TV-14,"['drama', 'romance']",tt9886950,7.2
ts317497,The Neighbor,SHOW,2019,TV-MA,"['comedy', 'action']",tt9731222,6.5
tm518467,Dragon Rider,MOVIE,2020,,"['family', 'fantasy', 'animation', 'comedy', 'european']",tt7080422,5.6
ts216513,The Healing Powers of Dude,SHOW,2020,TV-G,"['fantasy', 'action', 'comedy', 'drama', 'family']",tt10540562,6.5
tm826368,American Son,MOVIE,2019,,['drama'],tt9664078,5.8
tm454096,Only Mine,MOVIE,2019,,"['drama', 'thriller']",tt9271164,4.6
tm987599,Best of Stand-up 2020,MOVIE,2020,,['comedy'],tt13649688,5.4
ts87361,Back with the Ex,SHOW,2019,,"['reality', 'comedy']",tt11272424,6.2
ts104507,Triad Princess,SHOW,2019,,['drama'],tt9314996,6.8
tm831873,The Crimes That Bind,MOVIE,2020,,"['drama', 'thriller', 'crime']",tt10915060,6.7
tm856424,Bheeshma,MOVIE,2020,,"['romance', 'comedy']",,
tm884581,Rich in Love,MOVIE,2020,,"['romance', 'comedy']",tt10329566,6
ts231260,Last One Standing,SHOW,2019,,"['scifi', 'thriller', 'drama']",tt11465292,7
ts218176,The Big Show Show,SHOW,2020,TV-PG,['comedy'],tt10726356,6.3
ts217719,Basketball or Nothing,SHOW,2019,TV-PG,"['documentation', 'sport']",tt10698408,7.4
tm885669,The Christmas Chronicles: Part Two,MOVIE,2020,PG,"['comedy', 'family', 'fantasy']",tt11057644,6
tm843276,Memories of a Teenager,MOVIE,2019,,['drama'],tt11254858,6.5
tm941531,The Beast,MOVIE,2020,,"['crime', 'action', 'drama', 'thriller']",tt11499506,5.2
ts221851,The Lies Within,SHOW,2019,,"['crime', 'thriller', 'drama']",tt10919902,7
tm873159,The Yin-Yang Master: Dream of Eternity,MOVIE,2020,PG-13,"['scifi', 'action', 'drama', 'fantasy']",tt11454718,6.4
tm430106,"El Pepe, A Supreme Life",MOVIE,2019,,['documentation'],tt8900434,7.1
ts254737,Mighty Express,SHOW,2020,TV-Y,[],,
ts224794,Glitch Techs,SHOW,2020,TV-G,['scifi'],,
ts88552,Go! Live Your Way,SHOW,2019,TV-Y7,"['drama', 'comedy', 'romance']",tt9654086,6.7
ts91087,One Spring Night,SHOW,2019,,"['drama', 'romance']",tt10192576,7.9
tm836638,The Man Without Gravity,MOVIE,2019,,"['drama', 'comedy', 'fantasy']",tt9646240,5.8
ts255418,Bad Boy Billionaires: India,SHOW,2020,TV-14,"['crime', 'documentation']",tt12923630,7.9
ts88352,Designated Survivor: 60 Days,SHOW,2019,,"['war', 'thriller', 'drama']",tt10340990,8.1
tm452440,Cinderela Pop,MOVIE,2019,,"['romance', 'music', 'family']",tt8716800,4.5
ts83810,Cannon Busters,SHOW,2019,TV-MA,"['scifi', 'action', 'animation', 'fantasy']",tt5066664,6.7
ts252318,Million Dollar Beach House,SHOW,2020,TV-MA,['reality'],tt12882136,4.2
tm949267,Notes for My Son,MOVIE,2020,,['drama'],tt13353486,6.4
tm820116,Street Flow,MOVIE,2019,,"['drama', 'crime']",tt10958282,6.4
ts314647,Patton Oswalt: I Love Everything,SHOW,2020,,[],,
tm458363,Juanita,MOVIE,2019,,['drama'],tt6155456,6
ts236332,Absurd Planet,SHOW,2020,TV-PG,['documentation'],tt12027008,3.9
ts89331,My Husband Won't Fit,SHOW,2019,TV-MA,"['drama', 'romance']",tt10027946,6.7
ts254767,"Whose Vote Counts, Explained",SHOW,2020,TV-PG,['documentation'],tt13005714,7.3
tm856545,Intuition,MOVIE,2020,,"['thriller', 'crime']",tt12282598,5.5
ts219422,When the Camellia Blooms,SHOW,2019,,"['comedy', 'drama', 'romance', 'thriller']",tt10826064,8
tm886214,Mrs. Serial Killer,MOVIE,2020,,"['thriller', 'crime', 'drama']",tt10230426,5.3
ts237071,The Forest of Love: Deep Cut,SHOW,2020,TV-MA,"['crime', 'horror', 'thriller', 'drama']",tt12079236,6.8
tm425944,A Land Imagined,MOVIE,2019,,"['drama', 'thriller', 'european']",tt8726116,6.2
ts84639,revisions,SHOW,2019,TV-MA,"['action', 'scifi', 'animation']",tt9522354,5.9
tm888080,The Last Days of American Crime,MOVIE,2020,,"['crime', 'thriller', 'action', 'drama', 'scifi']",tt1552211,3.7
ts191285,The Prince of Tennis ~ Match! Tennis Juniors ~,SHOW,2019,TV-PG,"['drama', 'sport']",tt10097916,7.6
tm925490,Ainu Mosir,MOVIE,2020,,['drama'],tt9140354,6.6
tm450095,37 Seconds,MOVIE,2019,,['drama'],tt6156138,7.4
tm452867,Jo Pil-ho: The Dawning Rage,MOVIE,2019,,"['drama', 'thriller', 'action', 'crime']",tt7738048,6.3
ts87372,Ultramarine Magmell,SHOW,2019,TV-14,"['action', 'fantasy', 'animation']",tt11025120,6
tm450698,The Ruthless,MOVIE,2019,,"['crime', 'drama', 'european']",tt9239888,6.2
tm895839,Under the Riccione Sun,MOVIE,2020,,['comedy'],,
tm454156,In Family I Trust,MOVIE,2019,,"['comedy', 'romance', 'european']",tt6869362,6.2
tm897418,DNA,MOVIE,2020,,"['drama', 'history']",tt7600716,6
tm857397,A Life of Speed: The Juan Manuel Fangio Story,MOVIE,2020,,"['documentation', 'sport']",tt11829302,6.9
tm960414,A California Christmas,MOVIE,2020,PG-13,"['romance', 'comedy', 'drama']",tt13055780,5.8
tm475430,Super Me,MOVIE,2019,,"['fantasy', 'scifi', 'drama']",tt10097544,5.8
tm897771,Picture a Scientist,MOVIE,2020,PG-13,['documentation'],,
tm351938,Girls with Balls,MOVIE,2019,,"['comedy', 'horror', 'european']",tt4725842,3.9
tm460360,4 latas,MOVIE,2019,,"['drama', 'comedy', 'european']",tt8242160,5.9
ts90789,Jailbirds,SHOW,2019,TV-MA,"['reality', 'crime', 'thriller']",tt1176289,7
ts256606,Trial 4,SHOW,2020,TV-MA,"['documentation', 'crime']",tt13363298,7.4
ts222609,Chocolate,SHOW,2019,,['drama'],tt12263402,
ts59542,The Search,SHOW,2020,,"['comedy', 'drama']",,
tm494531,Seventeen,MOVIE,2019,,"['drama', 'european']",tt8988832,7.2
ts107963,Restaurants on the Edge,SHOW,2019,TV-14,['reality'],tt8784324,6.7
tm1127695,The Endless Trench,MOVIE,2019,,"['thriller', 'war', 'action', 'drama', 'history', 'european']",tt7937168,7.2
ts235979,The Victims' Game,SHOW,2020,,"['drama', 'thriller', 'crime']",tt12079212,7.3
tm818786,Menendez: The Day of the Lord,MOVIE,2020,,"['drama', 'horror', 'thriller']",tt5603212,4.9
tm674135,Brother in Love,MOVIE,2019,,"['comedy', 'family']",tt10320050,7.1
ts227412,Shaun the Sheep: Adventures from Mossy Bottom,SHOW,2020,TV-Y7,"['comedy', 'family', 'animation']",tt11983342,8.1
ts87698,Examination of Conscience,SHOW,2019,TV-MA,"['documentation', 'history', 'crime']",tt9584024,7.8
ts87680,Playing with Fire,SHOW,2019,TV-14,['drama'],tt9587732,5.9
tm817087,#AnneFrank. Parallel Stories,MOVIE,2019,,"['drama', 'documentation', 'history']",tt9850370,6.5
ts251378,Mystery Lab,SHOW,2020,TV-PG,"['comedy', 'family', 'documentation', 'animation']",tt12723962,7.4
ts90980,It's Bruno!,SHOW,2019,TV-MA,"['comedy', 'animation']",tt10186846,7.5
ts225513,Spectros,SHOW,2020,TV-MA,['scifi'],,
tm484989,The Influence,MOVIE,2019,,"['documentation', 'horror', 'european']",tt9670466,4.5
tm455197,Kabir Singh,MOVIE,2019,,"['drama', 'crime', 'action', 'romance']",tt8983202,7.2
ts88937,Shadow,SHOW,2019,TV-MA,"['action', 'crime', 'drama', 'thriller']",tt9817236,6.6
tm431349,Bulbul Can Sing,MOVIE,2019,,['drama'],tt8659050,7
tm886086,Seized,MOVIE,2020,R,"['thriller', 'action']",tt7221772,5.2
tm889679,Roped,MOVIE,2020,PG,"['romance', 'family', 'comedy', 'drama']",tt8523028,5.4
ts85510,Rhythm + Flow,SHOW,2019,TV-MA,"['reality', 'music']",tt9278032,7.6
ts101042,The 43,SHOW,2019,TV-MA,"['documentation', 'war']",tt9789272,7.1
ts252977,Baewatch: Parental Guidance,SHOW,2019,TV-MA,[],,
ts223690,Yanxi Palace: Princess Adventures,SHOW,2019,,['drama'],,
tm835869,Jarhead: Law of Return,MOVIE,2019,R,['war'],tt10767720,5.6
tm450673,The Last Laugh,MOVIE,2019,,['comedy'],tt7427356,5.6
ts218367,Secreto bien guardado,SHOW,2019,TV-MA,"['drama', 'romance']",tt10702412,4.9
ts90508,Flinch,SHOW,2019,TV-PG,['reality'],tt9196244,4.4
ts256784,Trash Truck,SHOW,2020,TV-Y,[],,
ts253549,Izzy's Koala World,SHOW,2020,,"['documentation', 'family']",,
tm455410,Grand-Daddy Day Care,MOVIE,2019,PG-13,"['comedy', 'family']",tt8749922,4.9
ts108593,The Unsettling,SHOW,2019,TV-14,"['fantasy', 'horror', 'scifi', 'thriller', 'crime']",tt8680902,5.2
ts222803,Maradona in Mexico,SHOW,2019,TV-MA,"['documentation', 'sport', 'comedy', 'drama']",tt11168104,7.3
tm470378,ReMastered: Devil at the Crossroads,MOVIE,2019,,"['documentation', 'music']",tt9046574,7
ts236182,Brews Brothers,SHOW,2020,TV-MA,"['comedy', 'drama']",tt10930958,5.1
tm472766,Kardec,MOVIE,2019,,"['history', 'drama']",tt9213932,6.1
tm857399,Marc Maron: End Times Fun,MOVIE,2020,,"['comedy', 'documentation']",tt11810418,6.8
ts226403,The Circle Brazil,SHOW,2020,TV-MA,['reality'],tt9581782,6.8
tm428506,The Man Who Feels No Pain,MOVIE,2019,PG,"['action', 'comedy']",tt8055888,7.3
tm464435,Grass Is Greener,MOVIE,2019,,['documentation'],tt10050782,7.1
ts218890,Drifting Dragons,SHOW,2020,TV-14,"['action', 'scifi', 'animation', 'fantasy']",tt11418344,6
ts89361,The Idhun Chronicles,SHOW,2020,TV-14,"['scifi', 'action', 'fantasy', 'animation']",tt9731266,5.3
tm832903,Airplane Mode,MOVIE,2020,,"['comedy', 'drama', 'romance']",tt10731748,5.1
tm910612,The Claus Family,MOVIE,2020,,"['comedy', 'family', 'fantasy']",tt12459520,5.5
tm885845,Murder to Mercy - The Cyntoia Brown Story,MOVIE,2020,,['documentation'],tt9050898,6.3
ts252141,Alien TV,SHOW,2020,TV-Y7,"['comedy', 'animation', 'family']",tt12765530,6.3
tm468724,All in My Family,MOVIE,2019,,['documentation'],,
tm925218,Monster Run,MOVIE,2020,,"['action', 'fantasy', 'thriller', 'drama', 'scifi']",tt10097484,5.2
tm1147120,"The Witcher Bestiary Season 1, Part 2",MOVIE,2020,,['documentation'],,
tm973704,Andhaghaaram,MOVIE,2020,,"['thriller', 'horror']",tt9110340,7.7
tm485801,So My Grandma's a Lesbian!,MOVIE,2019,,"['comedy', 'romance', 'european']",tt9695374,4.3
tm954606,Felix Lobrecht: Hype,MOVIE,2020,,['comedy'],tt13262150,5.8
tm469025,Franco Escamilla: bienvenido al mundo,MOVIE,2019,,['comedy'],tt10128616,7
ts223242,Was It Love?,SHOW,2020,TV-MA,"['drama', 'comedy', 'romance']",tt12525622,7.1
tm458418,Tune in for Love,MOVIE,2019,,"['romance', 'drama']",,
ts251618,Tiny Creatures,SHOW,2020,TV-PG,"['documentation', 'family', 'drama']",tt12759334,5
tm458326,Walk. Ride. Rodeo.,MOVIE,2019,,['drama'],tt5848416,6.4
tm948916,The Scary House,MOVIE,2020,,"['thriller', 'fantasy', 'drama', 'family', 'horror', 'european']",tt9654108,5.4
ts251061,Legend of Exorcism,SHOW,2020,TV-14,"['scifi', 'drama', 'animation', 'action', 'fantasy']",tt14994658,7.7
ts224891,Followers,SHOW,2020,TV-MA,"['drama', 'comedy']",tt16391360,
tm917822,The 2nd,MOVIE,2020,,"['action', 'drama']",tt11697484,3.8
tm464888,Love Aaj Kal,MOVIE,2020,,['drama'],,
tm846941,John Was Trying to Contact Aliens,MOVIE,2020,,['documentation'],,
tm848663,Ghost Stories,MOVIE,2020,,['horror'],,
tm854876,Out Of My League,MOVIE,2020,,"['romance', 'drama', 'comedy', 'european']",tt11154906,6.1
tm882887,LA Originals,MOVIE,2020,,['documentation'],tt12027020,7.2
tm473601,The Son,MOVIE,2019,,['thriller'],,
tm821164,Enter the Anime,MOVIE,2019,,['documentation'],tt10662450,2.6
ts250871,The Business of Drugs,SHOW,2020,TV-MA,"['crime', 'documentation']",tt12588416,7.2
tm840723,Ramprasad Ki Tehrvi,MOVIE,2019,,"['drama', 'comedy']",tt10196464,7.5
ts243256,Social Distance,SHOW,2020,TV-MA,"['drama', 'comedy']",tt14773740,5.7
ts224796,The Ghost Bride,SHOW,2020,TV-14,"['drama', 'thriller']",tt9690302,6.3
tm857051,Forensic,MOVIE,2020,PG-13,"['thriller', 'crime']",tt10187680,6.8
tm458328,Badla,MOVIE,2019,PG-13,"['thriller', 'crime', 'drama']",tt8130968,7.8
tm931330,BLACKPINK: Light Up the Sky,MOVIE,2020,PG-13,"['documentation', 'music']",tt13058290,7.5
ts105608,Puerta 7,SHOW,2020,TV-MA,"['thriller', 'crime', 'drama']",tt9170386,5.6
tm1005077,Strain,MOVIE,2020,,['drama'],tt13409790,5.6
ts222980,Singapore Social,SHOW,2019,,['reality'],tt11194508,4.9
tm944631,The Three Deaths of Marisela Escobedo,MOVIE,2020,,"['crime', 'documentation']",tt13206564,8.1
ts89315,Huge in France,SHOW,2019,TV-MA,['comedy'],tt8009602,6.8
ts269157,Room 2806: The Accusation,SHOW,2020,TV-MA,"['documentation', 'crime']",tt13540900,7
tm889200,MOTHER,MOVIE,2020,,['drama'],,
tm823302,Alice Júnior,MOVIE,2019,PG-13,"['romance', 'animation', 'comedy', 'drama']",tt8217188,6.8
tm847623,Rogue Warfare: Death of a Nation,MOVIE,2020,R,"['action', 'war']",tt7983744,3.4
tm832843,Jeff Dunham: Beside Himself,MOVIE,2019,,['comedy'],tt10847194,6.9
tm375446,Asphalt Burning,MOVIE,2020,,"['action', 'comedy', 'european']",tt6527456,5.1
tm822832,Lingua Franca,MOVIE,2020,,['drama'],tt8943224,6.5
ts103935,Bolívar: Una lucha admirable,SHOW,2019,TV-MA,"['romance', 'action', 'drama']",tt9327242,7.3
tm849407,Isi & Ossi,MOVIE,2020,,"['romance', 'comedy']",tt9806322,6.4
ts223084,Nowhere Man,SHOW,2019,TV-MA,"['crime', 'drama', 'thriller', 'action']",tt10895588,5.6
tm898759,Fatal Affair,MOVIE,2020,,['thriller'],,
tm889390,Ben Platt: Live from Radio City Music Hall,MOVIE,2020,,"['documentation', 'music']",,
tm889018,Nobody Knows I'm Here,MOVIE,2020,,['drama'],,
ts224198,Rugal,SHOW,2020,TV-MA,"['crime', 'thriller', 'scifi', 'drama', 'action']",,
tm946604,What We Wanted,MOVIE,2020,,['drama'],tt13279528,5.9
ts100354,Monzón: A Knockout Blow,SHOW,2019,TV-MA,"['crime', 'drama', 'history', 'sport']",tt9852660,7.9
ts254817,A Perfect Crime,SHOW,2020,,"['crime', 'documentation']",tt12939836,7.3
tm450375,Thackeray,MOVIE,2019,,"['drama', 'history', 'action']",tt7777196,5.3
tm954303,Ni de coña,MOVIE,2020,,"['comedy', 'european']",tt13167556,2.8
tm452962,Eye for an Eye,MOVIE,2019,,"['thriller', 'european']",,
tm493511,The Sky Is Pink,MOVIE,2019,,"['drama', 'romance', 'family']",tt8902990,7.5
tm885470,My Next Guest with David Letterman and Shah Rukh Khan,MOVIE,2019,,[],,
tm881891,Chris D'Elia: No Pain,MOVIE,2020,,['comedy'],tt11987296,5.9
tm460815,Luka Chuppi,MOVIE,2019,,"['romance', 'drama', 'comedy']",tt8908002,6.3
tm883113,Earth and Blood,MOVIE,2020,,['thriller'],,
tm880059,All Day and a Night,MOVIE,2020,R,['drama'],tt3993886,5.9
tm998899,The Fisherman's Diary,MOVIE,2020,,['drama'],tt13297136,6.4
ts253288,Felipe Esparza: Bad Decisions,SHOW,2020,TV-MA,['comedy'],tt12875768,5.4
tm474862,Bennett's War,MOVIE,2019,PG-13,"['drama', 'sport']",tt7370952,6
tm372035,Paris Is Us,MOVIE,2019,,"['drama', 'european']",tt7920024,4.6
tm449590,Rattlesnake,MOVIE,2019,,"['horror', 'thriller', 'drama', 'crime']",tt9257484,4.6
tm849251,So Much Love to Give,MOVIE,2020,,['comedy'],,
ts89340,Crime Diaries: The Candidate,SHOW,2019,TV-MA,"['war', 'crime', 'drama', 'thriller']",tt9327348,7.5
tm975765,Emicida: AmarElo - It's All for Yesterday,MOVIE,2020,,"['music', 'documentation']",tt13458600,8.5
tm827640,Travis Scott: Look Mom I Can Fly,MOVIE,2019,,"['music', 'documentation']",tt10856726,6.3
tm850454,Tom Papa: You're Doing Great!,MOVIE,2020,,['comedy'],tt11177308,7.2
ts270439,Best Leftovers Ever!,SHOW,2020,TV-G,['reality'],tt13563634,5.6
tm947555,Sarah Cooper: Everything's Fine,MOVIE,2020,,['comedy'],tt12882062,5.5
tm835305,Dancing with the Birds,MOVIE,2019,,['documentation'],,
tm843944,"Lorena, Light-footed Woman",MOVIE,2019,,['documentation'],,
ts217356,Betaal,SHOW,2020,TV-MA,"['action', 'horror', 'thriller']",tt10651790,5.4
tm460259,Blood Will Tell,MOVIE,2019,,"['thriller', 'drama']",tt5687236,6.1
ts256898,Over Christmas,SHOW,2020,,"['drama', 'comedy']",,
tm879609,Brave Blue World,MOVIE,2019,,['documentation'],tt11921004,6.7
ts88336,Dating Around,SHOW,2019,,"['reality', 'romance']",tt9654080,6.3
tm426630,Soni,MOVIE,2019,,"['crime', 'drama']",tt6078866,7.1
tm932595,A Babysitter's Guide to Monster Hunting,MOVIE,2020,PG,"['fantasy', 'comedy', 'family']",tt4844150,5.4
tm451584,Too Handsome To Handle,MOVIE,2019,,"['romance', 'drama', 'comedy']",tt9543488,6.8
ts254537,"Good Morning, Verônica",SHOW,2020,TV-MA,"['drama', 'thriller', 'crime']",tt12987918,7.6
ts268758,Mismatched,SHOW,2020,TV-MA,"['comedy', 'drama', 'romance']",tt12719250,5.5
tm918962,Fearless,MOVIE,2020,PG,"['comedy', 'scifi', 'documentation', 'animation', 'family']",tt8675288,4.9
tm1081074,Justine,MOVIE,2019,,['drama'],tt8202262,6.7
ts86365,Rilakkuma and Kaoru,SHOW,2019,TV-PG,"['comedy', 'drama', 'family', 'animation']",tt9348716,8.3
tm466832,Dragon Quest: Your Story,MOVIE,2019,PG,"['action', 'animation', 'family', 'fantasy']",tt10127562,6.5
ts218504,Hello Ninja,SHOW,2019,TV-Y,"['animation', 'action', 'comedy', 'family', 'fantasy']",tt10687170,6.7
tm464527,ReMastered: The Miami Showband Massacre,MOVIE,2019,,"['documentation', 'music', 'crime']",tt9046568,7
tm945825,Bobbleheads: The Movie,MOVIE,2020,PG,"['comedy', 'family', 'animation']",tt13292206,2.4
tm927926,Dad Wanted,MOVIE,2020,,"['drama', 'family', 'comedy']",tt12721188,5.7
ts225379,The Good Detective,SHOW,2020,TV-MA,"['crime', 'drama']",,
tm474548,Good Sam,MOVIE,2019,PG,"['drama', 'comedy']",tt9032888,5.7
tm819107,Aziz Ansari: Right Now,MOVIE,2019,,['comedy'],tt10575038,7.5
ts89330,Stay Tuned!,SHOW,2019,TV-14,['comedy'],tt10088086,7.5
tm827168,Sturgill Simpson Presents Sound & Fury,MOVIE,2019,,['animation'],tt10682000,
tm838869,Wonder Boy,MOVIE,2019,,"['documentation', 'european']",,
ts91125,Chief of Staff,SHOW,2019,,['war'],,
tm812781,Katherine Ryan: Glitter Room,MOVIE,2019,,['comedy'],tt10438648,6.7
tm884616,Quiet,MOVIE,2020,,['drama'],tt10035478,6.4
tm945168,Secrets of the Saqqara Tomb,MOVIE,2020,,"['documentation', 'history']",tt13150630,7.2
tm933639,Wish Upon a Unicorn,MOVIE,2020,PG,"['fantasy', 'family']",tt10798660,5.4
tm847805,Ludo,MOVIE,2020,PG-13,"['crime', 'action', 'comedy', 'drama']",tt7212754,7.6
tm938227,Dolly Parton's Christmas on the Square,MOVIE,2020,PG,"['comedy', 'family']",tt10627548,5.2
tm910999,Xico's Journey,MOVIE,2020,,"['family', 'fantasy', 'animation']",tt12481806,5.1
tm980097,Holiday on Mars,MOVIE,2020,,"['comedy', 'scifi']",tt12780384,2.7
tm475501,Wanda Sykes: Not Normal,MOVIE,2019,,['comedy'],tt9169592,7.2
tm845552,Giving Voice,MOVIE,2020,PG-13,['documentation'],,
tm948607,Midnight at the Magnolia,MOVIE,2020,,"['comedy', 'romance']",tt13318052,5.8
ts218776,Happy Jail,SHOW,2019,,['documentation'],tt10753590,6.9
tm818588,All the Freckles in the World,MOVIE,2019,,"['comedy', 'romance', 'sport']",tt9809140,5.2
ts250803,Say I Do,SHOW,2020,TV-14,['reality'],tt12540060,7.7
ts79695,Sintonia,SHOW,2019,TV-MA,"['crime', 'drama', 'music']",tt8165086,6.7
tm852060,Grego Rossello: Disculpe las molestias,MOVIE,2019,,['comedy'],tt11066396,4.5
tm469432,Hating Peter Tatchell,MOVIE,2020,,['documentation'],tt6076668,7.6
tm842829,Dead Kids,MOVIE,2019,,"['thriller', 'crime']",,
tm898180,Sitting in Limbo,MOVIE,2020,,['drama'],,
tm461827,Who Would You Take to a Deserted Island?,MOVIE,2019,,"['drama', 'european']",tt8976832,5.3
tm814734,Kidnapping Stella,MOVIE,2019,,"['crime', 'thriller']",tt8613876,4.9
tm450832,Paradise Beach,MOVIE,2019,,"['action', 'drama', 'thriller', 'crime', 'european']",tt7511008,4.6
tm849131,I Am Vengeance: Retaliation,MOVIE,2020,R,['action'],tt8972556,3.4
tm925858,Black Beach,MOVIE,2020,,"['drama', 'thriller', 'fantasy', 'action']",tt9660688,5.6
tm932201,Hope Frozen,MOVIE,2019,,['documentation'],,
ts90640,The Writer,SHOW,2019,TV-14,"['drama', 'crime']",tt10312958,8.2
tm428702,The Brave,MOVIE,2019,,"['thriller', 'action', 'crime']",tt5524630,5
tm475162,American Woman,MOVIE,2019,R,['drama'],,
tm853910,Road to Roma,MOVIE,2020,,['documentation'],tt11763742,7.6
tm822099,The Blue Elephant 2,MOVIE,2019,,"['thriller', 'crime', 'drama', 'horror']",tt10635720,8.2
ts262037,Bread Barbershop,SHOW,2020,TV-Y,['animation'],tt12912830,7.3
ts270742,Korean Pork Belly Rhapsody,SHOW,2020,,['documentation'],tt14017966,7.7
tm818154,Whitney Cummings: Can I Touch It?,MOVIE,2019,,['comedy'],tt10521638,6.5
tm450462,Petta,MOVIE,2019,,"['drama', 'action']",tt8959820,7.3
tm474695,Dying to Tell,MOVIE,2019,,"['documentation', 'european']",tt5900870,6.8
tm447755,Back of the Net,MOVIE,2019,,"['drama', 'comedy', 'family']",tt8211214,5.1
tm912415,Urzila Carlson: Overqualified Loser,MOVIE,2020,,['comedy'],tt12572032,6.3
tm465984,Boi,MOVIE,2019,,"['thriller', 'european']",,
tm429172,The (Silent) War,MOVIE,2019,,"['thriller', 'crime', 'war', 'action', 'drama', 'european']",tt7336684,5.6
tm825102,Our Planet: Behind the Scenes,MOVIE,2019,,['documentation'],tt10746342,8.4
ts237304,Chico Bon Bon: Monkey with a Tool Belt,SHOW,2020,,[],,
ts243189,Booba: Food Puzzle,SHOW,2020,TV-Y,"['animation', 'comedy', 'family']",tt12319946,8.3
tm821662,Vikruthi,MOVIE,2019,,"['comedy', 'drama']",tt10608668,7.4
tm819497,"Berlin, Berlin",MOVIE,2020,,"['comedy', 'drama', 'romance']",tt10556130,3.8
tm465427,Maria,MOVIE,2019,,"['action', 'crime', 'drama', 'thriller']",tt7594584,5
tm452929,The Little Switzerland,MOVIE,2019,PG-13,"['comedy', 'european']",tt9100028,4.8
tm937265,You've Got This,MOVIE,2020,,"['comedy', 'romance']",tt13118012,5.8
tm421560,Let's Dance,MOVIE,2019,,"['drama', 'comedy', 'music', 'family']",tt8599746,5.9
tm973536,Kevin Hart: Zero F**ks Given,MOVIE,2020,R,['comedy'],tt13433082,6
tm854682,Asphalt Goddess,MOVIE,2020,,['drama'],tt12025688,4.9
tm466255,Kevin Hart: Irresponsible,MOVIE,2019,,['comedy'],tt10009796,6.5
ts86940,COMEDIANS of the world,SHOW,2019,TV-MA,['comedy'],tt8685446,6.5
tm462551,"¡Ay, mi madre!",MOVIE,2019,,"['comedy', 'european']",tt6213294,3.9
ts214462,The Queen and the Conqueror,SHOW,2020,TV-14,"['history', 'drama']",tt10348700,6.6
tm833382,Keeping the Bees,MOVIE,2019,PG-13,['drama'],tt12285116,5.8
tm863879,Kaamyaab,MOVIE,2020,PG,['drama'],,
tm912327,The Larva Island Movie,MOVIE,2020,,"['family', 'animation', 'comedy']",tt12588448,5.1
ts251272,Skin Decision: Before and After,SHOW,2020,TV-MA,['reality'],tt12588326,5.8
ts269073,The Fabulous Lives of Bollywood Wives,SHOW,2020,TV-MA,"['reality', 'documentation', 'romance']",tt13452100,5.3
tm473813,Chopsticks,MOVIE,2019,,"['drama', 'comedy']",tt10243678,6.5
tm840761,The Princess Switch: Switched Again,MOVIE,2020,G,['romance'],,
tm878995,Dragons: Rescue Riders: Hunt for the Golden Dragon,MOVIE,2020,,"['action', 'comedy', 'family', 'fantasy', 'animation']",tt11875456,5.2
tm982100,"ariana grande: excuse me, i love you",MOVIE,2020,,"['music', 'documentation']",tt13615386,6.3
tm483602,Malang,MOVIE,2020,,"['romance', 'drama', 'thriller', 'action', 'crime']",tt9877170,6.6
tm931436,Welcome to Sudden Death,MOVIE,2020,R,['action'],tt10804786,4.3
tm838705,Holiday Rush,MOVIE,2019,,"['comedy', 'drama', 'romance', 'family']",tt10091530,4.9
tm901947,Little Big Women,MOVIE,2020,,['drama'],tt12397078,7.2
tm975398,Christmas Crossfire,MOVIE,2020,,"['thriller', 'crime', 'comedy']",tt13446424,4.8
tm470252,Calum von Moger: Unbroken,MOVIE,2019,,['documentation'],tt10308686,6.3
tm463038,Despite Everything,MOVIE,2019,,"['comedy', 'european']",tt9150970,5.3
tm462778,Jimmy Carr: The Best of Ultimate Gold Greatest Hits,MOVIE,2019,,['comedy'],tt9817258,7.3
ts214192,El Final del Paraíso,SHOW,2019,TV-MA,"['action', 'drama']",tt10367818,5.1
ts104483,Typewriter,SHOW,2019,TV-MA,"['thriller', 'horror', 'drama']",tt9310372,6.5
ts250872,Southern Survival,SHOW,2020,,['reality'],tt12588286,5.1
tm830795,Happy Old Year,MOVIE,2019,,"['drama', 'romance']",tt11316824,7.2
tm849323,Shikara,MOVIE,2020,,"['romance', 'drama', 'history']",tt10930586,3.3
tm919920,Milestone,MOVIE,2020,,['drama'],tt12779208,6.6
tm455981,Rubaru Roshni,MOVIE,2019,,['documentation'],tt9663460,8.7
tm462611,Ready to Mingle,MOVIE,2019,,"['comedy', 'romance']",tt6736198,5.9
tm453727,Deadly Switch,MOVIE,2019,,['thriller'],tt8354582,4.5
tm814894,Parchís: the Documentary,MOVIE,2019,PG-13,"['documentation', 'music']",tt10511826,6.8
tm816992,Double World,MOVIE,2020,PG-13,"['action', 'fantasy']",tt10508838,6.1
tm477006,Psycho,MOVIE,2020,,"['crime', 'thriller', 'drama']",tt9109976,6.2
tm839761,"Kalel, 15",MOVIE,2019,,['drama'],tt11530234,7.3
ts269740,How To Ruin Christmas,SHOW,2020,TV-MA,"['drama', 'comedy']",tt13492362,6.1
tm908529,Tell Me When,MOVIE,2020,,"['drama', 'documentation', 'comedy']",tt10648198,5.7
ts87489,Trigger Warning with Killer Mike,SHOW,2019,TV-MA,"['documentation', 'comedy']",tt9426194,6.9
ts216698,Nadiya's Time to Eat,SHOW,2019,,['reality'],,
tm944331,Shawn Mendes: In Wonder,MOVIE,2020,,"['music', 'documentation']",tt13276386,6.5
tm940566,Kaali Khuhi,MOVIE,2020,,"['thriller', 'horror', 'drama']",tt10235600,3.5
tm979689,Canvas,MOVIE,2020,G,['drama'],,
ts217389,Masaba Masaba,SHOW,2020,TV-MA,"['comedy', 'drama']",tt10655506,6.8
tm851912,Gunjan Saxena: The Kargil Girl,MOVIE,2020,,"['drama', 'action', 'war']",tt10350626,5.6
tm926528,AK vs AK,MOVIE,2020,,"['drama', 'action', 'thriller', 'comedy', 'crime']",tt11651796,6.9
tm838765,A Christmas Prince: The Royal Baby,MOVIE,2019,,"['romance', 'family']",tt10006006,5.3
tm890591,"Sí, Mi Amor",MOVIE,2020,,['romance'],,
ts223982,Until Dawn,SHOW,2020,,"['reality', 'comedy']",tt11434862,2.5
tm844497,The Irishman: In Conversation,MOVIE,2019,,['documentation'],,
tm856945,Carmen Sandiego: To Steal or Not to Steal,MOVIE,2020,,"['animation', 'action', 'family']",tt11767524,
tm977952,Fierce,MOVIE,2020,,"['comedy', 'music']",,
tm857805,The Bridge Curse,MOVIE,2020,,"['horror', 'thriller']",,
tm892081,Eric Andre: Legalize Everything,MOVIE,2020,R,['comedy'],tt12327104,6.1
tm912190,Cargo,MOVIE,2019,PG-13,"['drama', 'fantasy', 'scifi']",tt8992946,5.6
tm678851,Article 15,MOVIE,2019,,"['crime', 'drama', 'thriller']",tt10324144,8.2
tm919903,Tragic Jungle,MOVIE,2020,,['drama'],tt12792598,5.6
tm474061,Malibu Rescue,MOVIE,2019,,"['action', 'comedy', 'family']",tt9228950,5
tm675171,The Black Godfather,MOVIE,2019,,"['documentation', 'music']",tt10289996,7.4
tm467116,Life Overtakes Me,MOVIE,2019,,['documentation'],tt9204606,5
tm494847,Made in China,MOVIE,2019,PG,"['drama', 'comedy', 'crime', 'romance', 'thriller', 'european']",tt8983180,6.3
ts103918,The Good Bandit,SHOW,2019,,"['drama', 'comedy', 'crime']",tt9328616,7.8
tm373471,90 ML,MOVIE,2019,,"['comedy', 'drama', 'romance']",tt8268916,3.4
ts214463,"Los Briceño, una familia todo terreno",SHOW,2019,,['drama'],tt10348478,8
tm511991,99 Songs,MOVIE,2019,,['romance'],tt7559180,7.1
ts91741,Three Days of Christmas,SHOW,2019,,['drama'],tt9731254,6.8
ts223308,Astronomy Club: The Sketch Show,SHOW,2019,TV-MA,['comedy'],tt10675488,6.9
ts218000,Dollar,SHOW,2019,,"['drama', 'romance', 'action']",tt10687564,6.6
tm946360,Really Love,MOVIE,2020,,"['drama', 'romance']",tt8722624,6
tm938466,Kitty Love: An Homage to Cats,MOVIE,2020,,"['documentation', 'european']",tt12661060,5.2
tm850730,Adú,MOVIE,2020,,"['drama', 'european']",,
tm842817,Living in Bondage: Breaking Free,MOVIE,2019,,"['drama', 'fantasy']",tt12539758,5.3
ts218307,Styling Hollywood,SHOW,2019,TV-14,['reality'],tt10715202,6.6
ts222942,Narcoworld: Dope Stories,SHOW,2019,TV-MA,"['crime', 'documentation']",tt11215112,6.6
tm884531,Making Unorthodox,MOVIE,2020,,['documentation'],,
tm871330,Full Out 2: You Got This!,MOVIE,2020,,['family'],tt11247064,4.6
ts223110,Sugar Rush Christmas,SHOW,2019,TV-PG,['reality'],tt11168116,6.8
tm957567,Hazel Brugger: Tropical,MOVIE,2020,,['comedy'],tt13400146,6.4
ts226410,Handsome Siblings,SHOW,2020,,"['fantasy', 'romance', 'action', 'comedy', 'drama']",tt11541444,7.9
tm841410,Fire in Paradise,MOVIE,2019,,['documentation'],,
ts222599,Queer Eye: We're in Japan!,SHOW,2019,TV-14,['reality'],tt10971532,8.2
tm431810,Evelyn,MOVIE,2019,,['documentation'],tt8793990,7.2
ts112733,Bard of Blood,SHOW,2019,TV-MA,"['action', 'drama', 'thriller']",tt8069036,6.8
ts224906,Find Yourself,SHOW,2020,TV-14,"['drama', 'romance']",tt11569628,7.6
tm946801,Just Another Christmas,MOVIE,2020,,"['comedy', 'family', 'drama']",tt13354204,6.7
ts104516,21 Again,SHOW,2019,TV-MA,"['documentation', 'reality']",tt9315008,5.4
tm918373,Malibu Rescue: The Next Wave,MOVIE,2020,,"['comedy', 'family', 'action']",tt11032990,4.7
ts105601,Archibald's Next Big Thing,SHOW,2019,TV-Y7,"['scifi', 'animation', 'comedy', 'family', 'fantasy', 'action']",tt9165404,7.5
tm869373,High & Low: The Worst,MOVIE,2019,,"['action', 'comedy']",tt19783642,6.6
ts214861,Prank Encounters,SHOW,2019,TV-MA,"['comedy', 'horror', 'reality', 'scifi']",tt10487072,5.2
tm957903,The Boys in the Band: Something Personal,MOVIE,2020,,['documentation'],tt13206842,7.2
tm946927,Dance Dreams: Hot Chocolate Nutcracker,MOVIE,2020,,"['documentation', 'family']",tt8741182,7
tm945435,Octonauts and the Great Barrier Reef,MOVIE,2020,,"['animation', 'comedy', 'family', 'action']",tt13150606,6.6
ts228502,The Iliza Shlesinger Sketch Show,SHOW,2020,TV-MA,['comedy'],tt11092086,5
tm466954,Alien Warfare,MOVIE,2019,,"['thriller', 'action', 'scifi']",tt9562694,2.6
tm850176,Leslie Jones: Time Machine,MOVIE,2020,,['comedy'],,
tm845020,Jack Whitehall: Christmas with my Father,MOVIE,2019,,"['comedy', 'documentation']",tt11313076,6
tm843345,Pinkfong & Baby Shark's Space Adventure,MOVIE,2019,,"['animation', 'family', 'fantasy']",tt13836494,5.1
ts217045,Levius,SHOW,2019,,"['animation', 'action', 'scifi']",tt10619444,6.9
tm889647,The Stand at Paxton County,MOVIE,2020,R,"['thriller', 'drama']",tt8362228,6.4
tm847008,Shine Your Eyes,MOVIE,2020,,"['drama', 'thriller']",tt8477336,6.4
tm1172010,The Lockdown Plan,MOVIE,2020,,[],tt13079112,6.5
ts112667,Go! Go! Cory Carson,SHOW,2020,TV-Y,"['animation', 'comedy', 'family']",tt8115702,7.9
tm845850,Out Of The Clear Blue Sky,MOVIE,2019,,"['comedy', 'drama']",,
ts251929,DeMarcus Family Rules,SHOW,2020,TV-14,['reality'],tt12759420,6.2
tm946718,Funny Boy,MOVIE,2020,,['drama'],,
tm844208,What the F* Is Going On?,MOVIE,2019,,['documentation'],tt11412566,7.5
ts221041,My Dear Warrior,SHOW,2019,TV-14,"['fantasy', 'romance']",tt11281912,4.6
ts217050,Pili Fantasy: War of Dragons,SHOW,2019,TV-14,"['animation', 'action', 'fantasy']",tt10619658,6.7
tm462660,Inhuman Kiss,MOVIE,2019,,"['romance', 'drama', 'horror']",tt9799992,6.4
ts101503,Team Kaylie,SHOW,2019,TV-PG,['comedy'],tt9717424,4
tm977478,Nate: A One Man Show,MOVIE,2020,,['comedy'],tt10798934,6.6
tm910040,Milkwater,MOVIE,2020,,['drama'],,
tm452574,"Ray Romano: Right Here, Around the Corner",MOVIE,2019,,"['comedy', 'documentation']",tt8101766,7.2
tm483511,Jai Mummy Di,MOVIE,2020,,"['romance', 'comedy', 'drama']",tt9817760,3.6
tm469966,The Unknown Saint,MOVIE,2020,,"['drama', 'comedy', 'crime']",tt10077998,6.5
tm420181,Spelling the Dream,MOVIE,2020,,['documentation'],tt6193522,6.9
tm676905,Hire a Woman,MOVIE,2019,,"['romance', 'comedy']",tt10279104,7.4
ts262228,Tobot Galaxy Detectives,SHOW,2020,TV-Y7,['animation'],tt12892186,7
ts90063,Put Your Head on My Shoulder,SHOW,2019,TV-Y7,"['drama', 'romance', 'comedy']",tt10265158,8
tm828326,The Crystal Calls - Making The Dark Crystal: Age of Resistance,MOVIE,2019,,['documentation'],tt10924716,7.6
ts89182,Green Door,SHOW,2019,,"['drama', 'comedy', 'horror', 'thriller']",tt9817290,6.5
tm965408,A Road to Wellbeing,MOVIE,2020,,['documentation'],tt12749428,6.2
ts252015,GAME ON: A Comedy Crossover Event,SHOW,2020,TV-G,"['comedy', 'family']",tt12800428,5.4
tm455161,Panipat,MOVIE,2019,,"['romance', 'action', 'drama', 'history', 'war']",tt8176040,5.4
tm919082,Octonauts and the Caves of Sac Actun,MOVIE,2020,,"['animation', 'comedy', 'family']",tt12759408,6.2
tm452996,"Ken Jeong: You Complete Me, Ho",MOVIE,2019,,['comedy'],tt8466562,5.7
tm866782,One-Way to Tomorrow,MOVIE,2020,,"['romance', 'comedy', 'drama']",tt11988512,5.6
tm935388,Ginny Weds Sunny,MOVIE,2020,,"['drama', 'romance', 'comedy']",tt10543680,5.7
tm1096875,Ma Rainey's Black Bottom: A Legacy Brought to Screen,MOVIE,2020,PG,['documentation'],,
tm826875,Back to School,MOVIE,2019,,['comedy'],,
tm882875,Sol Levante,MOVIE,2020,,['scifi'],,
ts251072,The Underclass,SHOW,2020,TV-MA,['drama'],tt12666950,6.4
tm897794,Merry Men 2: Another Mission,MOVIE,2019,,"['comedy', 'action']",tt11417930,6.4
tm828570,Ahaan,MOVIE,2019,,"['drama', 'comedy']",tt10833732,7
tm825952,Simon Amstell: Set Free,MOVIE,2019,,['comedy'],tt10687642,6.5
ts88608,Cricket Fever: Mumbai Indians,SHOW,2019,TV-MA,"['documentation', 'sport']",tt8531592,7.2
tm462277,Romeo Akbar Walter,MOVIE,2019,,"['thriller', 'drama', 'action']",tt8550208,6.6
tm943771,Angela's Christmas Wish,MOVIE,2020,G,"['animation', 'comedy', 'drama', 'family']",tt13260836,7.1
tm838007,Dolly Kitty and Those Twinkling Stars,MOVIE,2019,R,"['drama', 'comedy']",tt9176296,5.5
tm817284,Bridezilla,MOVIE,2019,,"['romance', 'drama', 'comedy']",tt10589924,6.1
tm887052,Father Soldier Son,MOVIE,2020,R,"['war', 'documentation']",tt12187586,7.3
tm834608,Alelí,MOVIE,2019,,"['comedy', 'drama']",tt10984818,6.3
tm918960,The Magic School Bus Rides Again: Kids in Space,MOVIE,2020,,"['action', 'family', 'animation', 'comedy', 'scifi']",tt12730310,5.9
tm977782,Shawn Mendes: Live in Concert,MOVIE,2020,PG,"['documentation', 'music']",tt13528990,7.1
tm459329,Firebrand,MOVIE,2019,,['drama'],tt8852536,5.1
tm933826,Serious Men,MOVIE,2020,,"['comedy', 'drama']",tt10230414,6.8
tm849599,Furtive,MOVIE,2020,,['thriller'],tt11287390,5.1
tm838022,Upstarts,MOVIE,2019,,"['drama', 'comedy']",tt11066130,6.7
tm863514,House Arrest,MOVIE,2019,,['comedy'],tt11163028,5.5
tm981475,Illegal Woman,MOVIE,2020,,"['drama', 'crime', 'european']",tt10101806,6.2
ts237556,The Unremarkable Juanquini,SHOW,2020,TV-MA,['comedy'],tt12189308,4.3
tm461726,Ghosts of Sugar Land,MOVIE,2019,,['documentation'],,
tm845616,Tootsies & The Fake,MOVIE,2019,,['comedy'],tt11280100,5.9
tm872732,Sugar Rush,MOVIE,2019,,"['action', 'comedy']",tt11430264,6.7
tm854454,Varane Avashyamund,MOVIE,2020,,"['comedy', 'romance', 'family', 'drama']",tt11531530,6.9
tm810423,"Colin Quinn: Red State, Blue State",MOVIE,2019,,['comedy'],tt10403090,7.6
ts89696,Tijuana,SHOW,2019,TV-14,"['drama', 'crime']",tt8027624,6.9
tm957792,The Rope Curse 2,MOVIE,2020,,['horror'],tt13212006,4.7
tm849102,Shimla Mirchi,MOVIE,2020,,"['romance', 'comedy']",tt4486148,4.6
tm946277,Love,MOVIE,2020,,"['thriller', 'drama']",tt12573294,7
ts266966,Juman,SHOW,2019,TV-PG,"['romance', 'drama']",tt12567164,5.2
tm925186,Santana,MOVIE,2020,,"['action', 'drama', 'crime']",tt11769162,3.9
tm514257,The Legacy of the Bones,MOVIE,2019,,"['crime', 'thriller', 'european']",tt7304802,6.3
tm1013697,Nneka the Pretty Serpent,MOVIE,2020,,"['horror', 'fantasy']",tt13809646,3.8
ts89363,YooHoo to the Rescue,SHOW,2019,TV-Y,['family'],tt9817288,6.8
tm863992,The Most Dangerous Man in Europe,MOVIE,2020,,"['documentation', 'history', 'war']",tt11564588,6.8
tm882700,Not a Game,MOVIE,2020,,"['documentation', 'drama']",tt14637704,
ts251616,Sing On! Germany,SHOW,2020,,"['reality', 'music']",tt12748264,5.4
tm841239,The Road to El Camino: Behind the Scenes of El Camino: A Breaking Bad Movie,MOVIE,2019,PG-13,['documentation'],tt11151792,7.1
tm851862,Mutiny of the Worker Bees,MOVIE,2020,,['comedy'],tt9014248,4
tm837648,Blanche Gardin - Bonne nuit Blanche,MOVIE,2019,,['comedy'],,
ts253722,Sing On!,SHOW,2020,TV-G,"['reality', 'music']",tt12923734,6.4
tm976632,Indoo Ki Jawani,MOVIE,2020,,"['comedy', 'drama']",tt13755582,3
ts221151,Living Undocumented,SHOW,2019,TV-MA,['documentation'],tt10977486,6.7
tm843958,Rogue Warfare: The Hunt,MOVIE,2019,R,['action'],tt7983712,3.1
tm431769,Once Again,MOVIE,2019,,"['drama', 'romance', 'european']",tt5228192,7
tm366245,Drive,MOVIE,2019,,"['thriller', 'crime', 'drama', 'action']",tt6593054,3.7
ts241460,Whispers,SHOW,2020,TV-PG,['drama'],,
tm1079495,A Second Chance: Rivals!,MOVIE,2019,PG,"['family', 'drama', 'sport']",tt9810420,4.7
ts269844,Paava Kadhaigal,SHOW,2020,,"['drama', 'family']",tt13206988,8.1
tm822210,Eggnoid: Love & Time Portal,MOVIE,2019,,"['drama', 'fantasy', 'romance', 'scifi']",tt10640262,6.2
ts256297,The Devil Punisher,SHOW,2020,,"['scifi', 'fantasy', 'romance']",tt13317376,5.9
ts236197,StarBeam,SHOW,2020,TV-Y,[],,
tm472195,Almost Love,MOVIE,2019,,"['comedy', 'drama', 'romance']",tt8739582,5.7
tm971431,Ari Eldjárn: Pardon My Icelandic,MOVIE,2020,,['comedy'],,
tm466426,The Trap,MOVIE,2019,,['comedy'],tt5990444,4.3
tm943808,Guillermo Vilas: Settling the Score,MOVIE,2020,,"['documentation', 'sport']",tt13150564,7.1
tm451852,The 3rd Eye 2,MOVIE,2019,,"['horror', 'thriller', 'fantasy', 'drama']",tt8890582,5.3
tm844978,Guatemala: Heart of the Mayan World,MOVIE,2019,,['documentation'],tt11505398,6.6
tm877746,Krishna and His Leela,MOVIE,2020,,"['comedy', 'romance']",tt11773276,5.6
ts88166,Nailed It! Mexico,SHOW,2019,TV-PG,['reality'],tt9708588,6.2
tm918043,Raat Akeli Hai,MOVIE,2020,,"['thriller', 'crime', 'drama']",tt12567088,7.3
tm835512,The Spooky Tale of Captain Underpants Hack-a-Ween,MOVIE,2019,,"['comedy', 'family', 'animation', 'action']",tt10945060,6
ts256134,Country Ever After,SHOW,2020,TV-PG,"['reality', 'music']",tt12987872,6.3
tm918258,Dogwashers,MOVIE,2020,,"['comedy', 'drama', 'crime']",tt13248198,5.8
ts89895,Mighty Little Bheem,SHOW,2019,TV-Y,"['comedy', 'family', 'fantasy', 'animation']",tt10050752,6.4
tm972010,Hospital,MOVIE,2020,,['thriller'],,
tm426634,The Day I Lost My Shadow,MOVIE,2019,,['drama'],tt8900142,6.1
tm442199,Shanghai Fortress,MOVIE,2019,,"['scifi', 'war', 'action']",tt6628322,4.3
tm908777,Thiago Ventura: POKAS,MOVIE,2020,,['comedy'],tt12547440,6.4
ts225647,Graceful Friends,SHOW,2020,TV-MA,"['drama', 'crime']",,
ts105589,Rhyme Time Town,SHOW,2020,TV-Y,"['animation', 'comedy', 'family']",tt9165434,7.5
tm852728,Hunter in the Blue Side of Manchester,MOVIE,2020,,['drama'],tt11710234,5.8
ts103574,Sakho & Mangane,SHOW,2019,TV-MA,"['action', 'comedy']",tt9391692,6.5
ts269283,Bhaag Beanie Bhaag,SHOW,2020,,"['drama', 'comedy']",,
tm847678,Romance Doll,MOVIE,2020,,['drama'],,
tm835414,Sitara,MOVIE,2019,,"['drama', 'animation']",tt7654668,8
tm859143,Torbaaz,MOVIE,2020,,"['drama', 'thriller', 'action', 'sport']",tt7805960,7
tm918026,Sam Jay: 3 in the Morning,MOVIE,2020,,['comedy'],tt12689876,6.4
tm812593,Feo pero Sabroso,MOVIE,2019,,['comedy'],tt10432682,4.3
tm825210,Nothing to Lose 2,MOVIE,2019,PG-13,['drama'],tt10738914,3.8
tm810642,Manmadhudu 2,MOVIE,2019,,"['comedy', 'drama', 'romance']",tt10076106,4.8
tm845370,After the Raid,MOVIE,2019,,['documentation'],,
tm457296,Kevin Hart's Guide to Black History,MOVIE,2019,PG,['comedy'],tt6373518,5.5
tm822271,Crazy Awesome Teachers,MOVIE,2020,,"['comedy', 'drama']",tt10643918,6.2
ts236769,"Coronavirus, Explained",SHOW,2020,TV-PG,['documentation'],tt12189310,7.6
tm810836,Oh! Baby,MOVIE,2019,,['fantasy'],,
tm473647,ReMastered: The Lion's Share,MOVIE,2019,PG-13,"['music', 'documentation']",tt9046576,6.9
tm452900,ReMastered: Massacre at the Stadium,MOVIE,2019,,"['documentation', 'drama']",tt9587636,7.2
tm840216,Iliza Shlesinger: Unveiled,MOVIE,2019,,['comedy'],tt11163008,6.5
tm857873,Door Ke Darshan,MOVIE,2020,,"['drama', 'comedy']",,
tm492043,Motichoor Chaknachoor,MOVIE,2019,,"['comedy', 'romance', 'drama']",tt9172840,5.8
tm854749,The Match,MOVIE,2020,,"['drama', 'european']",,
tm923612,Any Crybabies Around?,MOVIE,2020,,['drama'],tt13082008,6
tm456894,Free Rein: Valentine's Day,MOVIE,2019,,['romance'],,
ts92405,Hasmukh,SHOW,2020,TV-MA,"['crime', 'comedy', 'drama']",tt9359294,5.3
tm465513,Bulletproof 2,MOVIE,2020,,"['crime', 'action', 'comedy', 'drama']",tt9887580,3.5
tm973335,The Body,MOVIE,2019,,"['thriller', 'comedy']",tt8130904,5.5
ts223062,ปริศนาล่าข้ามเวลา,SHOW,2019,TV-14,[],,
ts222625,A Little Thing Called First Love,SHOW,2019,,"['comedy', 'romance', 'drama']",tt11152058,8
tm234980,A Choo,MOVIE,2020,,"['comedy', 'romance', 'fantasy', 'action']",tt12689526,5.4
tm980358,You Are My Home,MOVIE,2020,,['family'],,
tm468200,Uyare,MOVIE,2019,,['drama'],tt9271408,8.1
tm837690,Eeb Allay Ooo!,MOVIE,2020,,"['drama', 'comedy']",tt9343754,7.2
tm885364,The House of Flowers Presents: The Funeral,MOVIE,2019,,['comedy'],,
tm845588,Spookley and the Christmas Kittens,MOVIE,2019,,['animation'],,
tm828318,Axone,MOVIE,2019,,"['drama', 'comedy']",tt8747548,6.9
ts238316,Twogether,SHOW,2020,,['reality'],tt12486430,8.4
tm893874,Choked: Paisa Bolta Hai,MOVIE,2020,,"['drama', 'thriller']",tt11651780,5.7
ts189314,Tiffany Haddish Presents: They Ready,SHOW,2019,TV-14,"['comedy', 'reality']",tt10085386,6.5
tm929600,Afonso Padilha: Classless,MOVIE,2020,,['comedy'],tt12930476,6.9
tm845594,Irandam Ulagaporin Kadaisi Gundu,MOVIE,2019,,"['drama', 'thriller']",tt10996896,7.2
ts266898,A Queen Is Born,SHOW,2020,,['reality'],tt12571792,5.9
tm464212,Antoine Griezmann: The Making of a Legend,MOVIE,2019,,"['documentation', 'sport']",tt9817308,6.5
tm832463,Mundina Nildana,MOVIE,2019,,"['romance', 'comedy', 'drama']",tt10882938,6.2
tm938333,A Go! Go! Cory Carson Halloween,MOVIE,2020,G,"['family', 'animation', 'horror']",tt13058374,6.3
tm842976,Go! The Unforgettable Party,MOVIE,2019,,"['music', 'family']",tt11162974,5
tm824324,Scarecrow,MOVIE,2019,,['comedy'],,
tm463814,Edoardo Ferrario: Temi Caldi,MOVIE,2019,,['comedy'],tt9861498,6.4
tm907872,Sky Tour: The Movie,MOVIE,2020,,"['documentation', 'music']",tt12486200,8.8
tm845117,Tiffany Haddish: Black Mitzvah,MOVIE,2019,,['comedy'],tt8882390,6.2
tm834121,Birders,MOVIE,2019,,['documentation'],,
ts233367,Sing On! Spain,SHOW,2020,TV-G,"['music', 'reality']",tt11698668,6
tm456271,Aziza,MOVIE,2019,,"['comedy', 'drama']",,
tm850382,Sillu Karupatti,MOVIE,2019,G,"['drama', 'romance']",tt9614988,8
tm938048,Michelle Buteau: Welcome to Buteaupia,MOVIE,2020,,['comedy'],,
tm824560,The Lost Okoroshi,MOVIE,2020,,"['action', 'drama']",tt10888456,5.8
ts236653,Cooked With Cannabis,SHOW,2020,TV-MA,['reality'],tt12176398,6.5
tm863611,Kappela,MOVIE,2020,,"['comedy', 'romance']",tt11230868,7.5
tm813936,Adam Devine: Best Time of Our Lives,MOVIE,2019,PG-13,['comedy'],tt10376844,5.9
tm832844,Mo Gilligan: Momentum,MOVIE,2019,,['comedy'],tt10847330,6.3
tm1149814,Uncovered,MOVIE,2019,,"['drama', 'thriller', 'action']",tt12499674,4.8
tm982569,London Hughes: To Catch A D*ck,MOVIE,2020,,['comedy'],tt13528526,4.7
tm468651,Kandasamys: The Wedding,MOVIE,2019,,['comedy'],tt10217780,6
tm881575,Velvet Colección: Grand Finale,MOVIE,2020,,"['comedy', 'romance']",tt16672800,7.2
tm907704,Dark City Beneath the Beat,MOVIE,2020,,"['music', 'documentation']",tt11916314,6.7
tm494190,Redemption,MOVIE,2019,,"['action', 'drama', 'thriller']",tt8870574,6
tm462037,Mi amigo Alexis,MOVIE,2019,,"['comedy', 'drama', 'family', 'sport']",tt9747396,5.1
ts269085,Oldsters,SHOW,2020,TV-MA,['comedy'],,
tm946795,Citation,MOVIE,2020,,"['thriller', 'drama']",tt11481312,6.1
ts257243,Voices of Fire,SHOW,2020,TV-PG,"['music', 'reality']",tt13329282,6.8
tm474647,Hot Gimmick: Girl Meets Boy,MOVIE,2019,,"['romance', 'drama']",,
ts88146,Larry Charles' Dangerous World of Comedy,SHOW,2019,TV-MA,"['documentation', 'comedy']",tt9654082,7.3
tm822502,Whindersson Nunes: Adulto,MOVIE,2019,,['comedy'],tt10656112,7
ts222687,No hay tiempo para la vergüenza,SHOW,2019,,['reality'],tt11215130,5.7
ts223454,นางสาวก้นครัว,SHOW,2019,TV-14,[],,
tm484173,Bhangra Paa Le,MOVIE,2020,,"['music', 'comedy', 'drama']",tt9766280,6.2
tm918894,Anelka: Misunderstood,MOVIE,2020,,"['documentation', 'sport']",tt12724622,6.4
tm842869,Fadily Camara: La plus drôle de tes copines,MOVIE,2019,,['comedy'],tt11168150,5.7
tm474721,Saverio Raimondo: Il Satiro Parlante,MOVIE,2019,PG-13,['comedy'],tt10242216,5.6
tm847212,Thambi,MOVIE,2019,,['thriller'],,
tm931701,Òlòtūré,MOVIE,2019,,"['drama', 'crime']",tt9725830,5.5
tm1020701,La Vocera,MOVIE,2020,,['documentation'],tt13532214,7.2
tm457410,Money Trap,MOVIE,2019,,"['crime', 'comedy']",tt8442644,6
tm917999,"Rob Schneider: Asian Momma, Mexican Kids",MOVIE,2020,,['comedy'],tt12724632,5.5
tm461532,Kill Me If You Dare,MOVIE,2019,,"['comedy', 'romance']",tt9749604,4.4
tm862830,Seriously Single,MOVIE,2020,,"['romance', 'comedy']",tt11010144,4.4
ts221891,Legend Quest: Masters of Myth,SHOW,2019,TV-Y7,"['action', 'animation']",tt10228032,7.6
ts298837,Badanamu Stories,SHOW,2020,TV-Y,['animation'],tt14857600,3.4
tm836501,Super Monsters: Vida's First Halloween,MOVIE,2019,,['animation'],tt10927576,5.9
tm851860,Alex Fernández: The Best Comedian in the World,MOVIE,2020,,['comedy'],tt11497900,6.2
tm474263,Still Laugh-In: The Stars Celebrate,MOVIE,2019,,"['comedy', 'music']",tt9880234,5.2
tm949905,Asura Guru,MOVIE,2020,,"['crime', 'thriller', 'action']",tt8011344,3.2
ts90466,Hong Kong West Side Stories,SHOW,2019,TV-MA,"['drama', 'comedy']",tt10284430,5.7
tm920320,Lift Like a Girl,MOVIE,2020,,['documentation'],tt7240536,7.8
tm476922,Wanted - Matloubin,MOVIE,2019,,"['comedy', 'drama']",tt9194246,7.2
tm467955,Francesco De Carlo: Cose di Questo Mondo,MOVIE,2019,,['comedy'],tt10087952,6.3
tm976168,Gone,MOVIE,2020,,"['horror', 'drama']",tt15140954,7.1
ts89336,Charlie's Colorforms City,SHOW,2019,TV-Y,"['animation', 'family']",tt8115672,7
ts89656,The Legend of White Snake,SHOW,2019,TV-14,"['scifi', 'drama', 'fantasy']",tt10628250,7.4
tm845942,A Family Reunion Christmas,MOVIE,2019,,"['comedy', 'family']",tt11193888,5.8
ts314529,캐치! 티니핑,SHOW,2020,TV-Y,[],,
tm950808,Miss India,MOVIE,2020,,['drama'],,
tm507191,Mayday Life,MOVIE,2019,,"['documentation', 'music']",tt10346206,6.7
tm958984,Voiceless,MOVIE,2020,,['thriller'],tt13149312,6.8
tm474496,Mujeres arriba,MOVIE,2020,,"['comedy', 'romance']",tt10349240,3.8
tm466850,Ricardo Quevedo: los amargados somos más,MOVIE,2019,,['comedy'],tt10027954,7.3
ts213611,Bangkok Love Stories: Plead,SHOW,2019,,['drama'],tt10438656,7.3
tm115973,Guna 369,MOVIE,2019,,"['romance', 'drama']",tt1477110,6.7
tm1015303,RattleSnake: The Ahanna Story,MOVIE,2020,,['drama'],tt13890834,5.3
ts214579,Dino Girl Gauko,SHOW,2019,,"['animation', 'comedy', 'family', 'fantasy', 'scifi']",tt10380814,6.6
tm823459,Léa & I,MOVIE,2019,,['documentation'],tt9382396,6.5
ts252695,Bookmarks: Celebrating Black Voices,SHOW,2020,TV-G,['family'],tt12923664,5
tm849871,"No andaba muerto, estaba de parranda",MOVIE,2020,,['comedy'],tt12263440,5.2
tm817542,Hikaru Utada Laughter in the Dark Tour 2018,MOVIE,2019,G,"['documentation', 'music']",tt10556746,8.3
tm983091,The Netflix Afterparty: The Best Shows of The Worst Year,MOVIE,2020,,['documentation'],,
tm896246,George Lopez: We'll Do It for Half,MOVIE,2020,,['comedy'],tt12358794,5.7
tm845607,Spirit Riding Free: Spirit of Christmas,MOVIE,2019,PG,"['animation', 'action', 'comedy', 'drama', 'family']",tt11313068,5.2
tm881984,Maska,MOVIE,2020,,"['comedy', 'drama', 'romance']",tt11953628,5.8
ts217553,Sexy Central,SHOW,2019,TV-MA,['comedy'],,
tm917846,The Letter Reader,MOVIE,2019,,['drama'],,
tm921416,Class of '83,MOVIE,2020,,"['crime', 'action', 'drama', 'thriller']",tt10230422,5.8
tm881973,True: Wuzzle Wegg Day,MOVIE,2020,,['animation'],,
tm452237,The Car: Road to Revenge,MOVIE,2019,,"['thriller', 'action', 'horror']",tt9382596,4
tm851499,Vir Das: For India,MOVIE,2020,,['comedy'],tt11611314,7.7
tm813938,Mike Epps: Only One Mike,MOVIE,2019,,['comedy'],tt10376958,4.7
tm818499,Revenge of the Pontianak,MOVIE,2019,,"['romance', 'horror']",tt9113332,5.3
tm853485,Night on Earth: Shot in the Dark,MOVIE,2020,,['documentation'],tt12687448,7.8
tm898285,Love and Fury,MOVIE,2020,,['documentation'],tt11960940,6.8
tm853113,Thomas & Friends: Marvelous Machinery,MOVIE,2020,,"['family', 'fantasy', 'animation', 'action']",tt12692980,6.1
tm830994,Thomas & Friends: Digs & Discoveries,MOVIE,2019,,['animation'],,
tm819016,The Path of the Anaconda,MOVIE,2019,,['documentation'],tt10577906,6.8
tm1080109,Quam's Money,MOVIE,2020,,['action'],,
tm920599,Super Monsters: The New Class,MOVIE,2020,,['animation'],,
tm848261,Aaviri,MOVIE,2019,,"['thriller', 'drama']",tt10081210,4
tm908128,Chaman Bahar,MOVIE,2020,,"['drama', 'comedy']",tt8747450,7
tm813634,Dorasani,MOVIE,2019,,"['drama', 'romance']",tt10369210,5.8
tm941493,StarBeam: Halloween Hero,MOVIE,2020,,['animation'],,
tm477403,Kaake Da Viyah,MOVIE,2019,,"['comedy', 'romance']",tt8852408,5
tm854786,Yeh Ballet,MOVIE,2020,PG-13,['drama'],tt10230436,7.5
tm468824,Super Monsters Furever Friends,MOVIE,2019,,"['fantasy', 'animation']",tt10087988,5.7
tm825934,Super Monsters Back to School,MOVIE,2019,,['animation'],tt10687588,6.2
tm843143,Whipped,MOVIE,2020,,['romance'],,
ts90643,Cairo's Class,SHOW,2019,TV-14,['drama'],,
tm813423,Marjoun and the Flying Headscarf,MOVIE,2019,,['drama'],tt10399342,6.8
ts230973,Arashi's Diary: Voyage,SHOW,2019,TV-Y7,"['documentation', 'music']",tt11434874,7.7
tm927033,True: Friendship Day,MOVIE,2020,,"['animation', 'family']",tt12855976,6.8
tm830833,"Hello, Privilege. It's Me, Chelsea",MOVIE,2019,,['documentation'],tt10847138,4.5
tm887376,Go! Go! Cory Carson: The Chrissy,MOVIE,2020,G,['animation'],,
tm859424,Maradona's Legs,MOVIE,2019,,['drama'],,
tm677746,Bombay Rose,MOVIE,2019,PG-13,"['romance', 'animation', 'drama']",tt8435324,6.2
tm810873,Thottappan,MOVIE,2019,,['drama'],tt9448362,6.9
tm475638,Luccas Neto em: Uma Babá Muito Esquisita,MOVIE,2019,,"['comedy', 'family']",tt14706806,3
tm437379,I'm Leaving Now,MOVIE,2019,,"['documentation', 'european']",tt6541924,6.5
tm981956,Spirit Riding Free: Ride Along Adventure,MOVIE,2020,,"['animation', 'action', 'drama', 'family', 'western', 'comedy']",tt13453940,5.9
ts229700,Encounters,SHOW,2019,TV-PG,['comedy'],tt11210142,
tm902363,El límite infinito,MOVIE,2020,,['documentation'],,
tm839479,Fan Girl,MOVIE,2020,,['drama'],tt11091664,6.7
tm405637,122,MOVIE,2019,R,"['horror', 'thriller']",tt7867670,6.2
tm982018,A Trash Truck Christmas,MOVIE,2020,G,"['animation', 'comedy', 'family']",tt13458584,5.5
ts223098,Lugar de Mulher,SHOW,2019,,['comedy'],tt11215186,4.7
ts233732,Mighty Little Bheem: Festival of Colors,SHOW,2020,,"['animation', 'comedy']",tt11738790,7.2
tm885948,"Yours Sincerely, Kanan Gill",MOVIE,2020,,['comedy'],tt12055392,7.2
tm475815,The Zoya Factor,MOVIE,2019,,"['romance', 'sport', 'comedy', 'drama']",tt8304386,4.2
tm435836,Mere Pyare Prime Minister,MOVIE,2019,,['drama'],tt8207768,6.8
tm812783,Daniel Sosa: Maleducado,MOVIE,2019,,['comedy'],tt10438652,6.1
ts89679,A Thousand Goodnights,SHOW,2019,,['drama'],tt10370952,8
tm1028083,Red Snow,MOVIE,2019,,['drama'],tt6670074,4.6
tm824566,Ibrahim: A Fate to Define,MOVIE,2019,,['documentation'],tt10777716,7.5
tm813075,To Be of Service,MOVIE,2019,,['documentation'],tt10413458,7.3
tm837843,It Takes a Lunatic,MOVIE,2019,,"['documentation', 'drama']",tt11052346,6.6
tm893510,What are the Odds?,MOVIE,2019,,"['drama', 'music', 'documentation']",tt12327140,5.3
tm996316,Omo Ghetto: The Saga,MOVIE,2020,,"['comedy', 'drama', 'action']",tt14099462,7.2
tm847630,The App,MOVIE,2019,,"['scifi', 'thriller', 'drama']",tt11385066,2.7
tm852775,Amit Tandon: Family Tandoncies,MOVIE,2020,,['comedy'],tt11262978,7
tm430120,Belmonte,MOVIE,2019,,"['drama', 'comedy', 'european']",tt8846072,6.1
tm977772,40 Sticks,MOVIE,2020,,"['thriller', 'crime']",tt13483050,6.7
tm981770,An Unremarkable Christmas,MOVIE,2020,,"['comedy', 'drama']",tt13607632,3.2
tm1004219,Who's the Boss,MOVIE,2020,,"['comedy', 'romance']",tt13370858,5.6
tm866495,Love Like the Falling Rain,MOVIE,2020,,"['drama', 'romance', 'fantasy']",tt12217814,4.9
tm439365,Bombairiya,MOVIE,2019,,"['crime', 'drama', 'comedy']",tt4971258,4.5
tm683841,"Hello, Love, Goodbye",MOVIE,2019,,"['drama', 'romance']",tt10156112,7.4
tm922407,Kilometers and Kilometers,MOVIE,2020,,"['drama', 'comedy']",tt7268736,6.4
tm822272,Love for Sale 2,MOVIE,2019,,"['drama', 'romance']",tt10643938,7
tm467735,Liss Pereira: Reteniendo Liquidos,MOVIE,2019,,['comedy'],tt10018436,6.4
tm832684,Los Tigres del Norte at Folsom Prison,MOVIE,2019,,"['documentation', 'music']",tt10857582,7
tm984018,Cops and Robbers,MOVIE,2020,PG-13,['animation'],tt13322484,6.9
ts224261,Nailed It! Germany,SHOW,2020,TV-14,['reality'],tt11460744,5.7
tm373655,Sarvam Thaala Mayam,MOVIE,2019,PG,"['drama', 'music']",tt8319768,7.6
tm452578,Miranda Sings Live... Your Welcome,MOVIE,2019,,['comedy'],tt9557190,5.5
tm840208,Jeff Garlin: Our Man in Chicago,MOVIE,2019,,['comedy'],tt11108064,5.9
tm886360,Hope Ranch,MOVIE,2020,,['family'],tt5244812,4.3
ts225708,Six Windows in the Desert,SHOW,2020,TV-14,"['drama', 'comedy', 'history', 'scifi']",tt11874042,4.3
tm819841,Isa Pa with Feelings,MOVIE,2019,,"['comedy', 'romance', 'drama']",tt10555482,7.9
ts215166,Scams,SHOW,2019,,"['action', 'crime', 'drama']",tt10448486,6.4
tm832289,Kasanova,MOVIE,2019,,"['romance', 'drama']",tt10887282,6.7
tm1026231,Reframe THEATER EXPERIENCE with you,MOVIE,2020,,['music'],,
tm464509,K. D.,MOVIE,2019,,['drama'],tt8747560,8.5
tm938186,Zulu Man in Japan,MOVIE,2020,,['documentation'],,
tm912399,We Are One,MOVIE,2020,,['documentation'],tt12588398,4.6
tm824858,Cuddle Weather,MOVIE,2019,,['drama'],,
tm835958,"Martin Matte: La vie, la mort... eh la la..!",MOVIE,2019,,['comedy'],tt10965252,6.5
tm1047951,Small Chops,MOVIE,2020,,['drama'],tt11822492,2.9
tm947446,Finding Agnes,MOVIE,2020,,['drama'],tt13328840,4.9
tm953122,Elf Pets: Santa's Reindeer Rescue,MOVIE,2020,,['animation'],,
ts251783,Emily's Wonder Lab,SHOW,2020,,[],,
tm984935,Rhys Nicholson: Live at the Athenaeum,MOVIE,2020,,['comedy'],tt13583120,7.6
tm1026240,Perfume Imaginary Museum “Time Warp”,MOVIE,2020,,['music'],tt15127976,6.5
tm454464,Pegasus,MOVIE,2019,,"['comedy', 'fantasy', 'sport']",tt9597190,6.3
tm373452,Kannum Kannum Kollaiyadithaal,MOVIE,2020,,"['comedy', 'drama', 'romance', 'thriller']",tt8042292,7.7
tm843222,Cultivating the Seas: History and Future of the Full-Cycle Cultured Kindai Tuna,MOVIE,2019,,['documentation'],,
ts45322,"Wait, My Youth",SHOW,2019,TV-PG,"['drama', 'romance']",tt12071466,8.1
ts222512,Nailed It! France,SHOW,2019,TV-14,['reality'],tt10990804,6.4
tm929614,GIMS: On the Record,MOVIE,2020,,"['music', 'documentation']",tt12982218,6.8
ts223121,Bangkok Buddies,SHOW,2019,TV-MA,"['comedy', 'drama']",tt11513508,6.8
tm854261,Leyla Everlasting,MOVIE,2020,,['comedy'],tt11792734,3.7
tm937044,Bigflo & Oli: Hip Hop Frenzy,MOVIE,2020,,"['documentation', 'music']",tt13161318,6.7
tm435327,27 Steps of May,MOVIE,2019,,['drama'],tt9695156,8.1
ts78324,Pinky Malinky,SHOW,2019,TV-Y7,"['comedy', 'family', 'animation']",tt5621544,5.8
tm834715,Single Slipper Size - 7,MOVIE,2019,,"['drama', 'thriller']",tt10370116,8.4
tm1036794,Wave of Cinema: Filosofi Kopi,MOVIE,2020,,"['documentation', 'music']",,
ts223115,The Charming Stepmom,SHOW,2019,TV-14,"['family', 'comedy', 'romance']",tt13846404,7.8
tm814652,Mallesham,MOVIE,2019,,['drama'],tt9742362,8.3
tm835445,Deon Cole: Cole Hearted,MOVIE,2019,,['comedy'],tt10977680,6.9
tm461427,15-Aug,MOVIE,2019,,"['romance', 'comedy', 'drama']",tt9817300,5.8
tm815438,Sab el-Burumbah,MOVIE,2019,,['comedy'],tt10446658,5.5
tm468811,Mehandi Circus,MOVIE,2019,,['drama'],tt9665400,7.4
tm883070,David Batra: Elephant in The Room,MOVIE,2020,,['comedy'],tt11987330,5.9
tm929630,A New York Christmas Wedding,MOVIE,2020,,"['drama', 'romance']",tt10768194,5.3
tm810357,True: Happy Hearts Day,MOVIE,2019,G,[],,
tm1005937,Sanitation Day,MOVIE,2020,,['thriller'],tt13445916,3.3
tm831934,The Millions,MOVIE,2019,,"['comedy', 'thriller', 'drama']",tt10912990,5.5
tm830151,One Day We'll Talk About Today,MOVIE,2020,,"['drama', 'family', 'music', 'documentation']",tt10773114,7.4
ts222802,Once Upon a Time in Lingjian Mountain,SHOW,2019,TV-14,"['action', 'comedy', 'fantasy', 'romance', 'drama']",tt11261994,7.5
tm899554,The Perfect Picture: Ten Years Later,MOVIE,2019,,"['comedy', 'romance']",tt12058774,6.2
tm860204,Dreamy Eyes,MOVIE,2019,,['romance'],,
ts237487,True: Terrific Tales,SHOW,2020,,"['animation', 'family']",tt12140808,5.7
tm975616,The Beginning of Life 2: Outside,MOVIE,2020,G,['documentation'],tt12190648,8.1
tm840242,Arsenio Hall: Smart and Classy,MOVIE,2019,,['comedy'],,
ts87599,Somewhere Only We Know,SHOW,2019,TV-MA,"['drama', 'romance']",tt10472296,7.3
tm976797,Fukrey Boyzzz: Space Mein Fukrapanti,MOVIE,2020,,"['animation', 'family', 'comedy']",tt13502066,7.8
tm1114639,Motu Patlu in the Game of Zones,MOVIE,2020,,"['fantasy', 'action', 'animation', 'comedy', 'thriller']",,
tm838954,Wira,MOVIE,2019,,['drama'],,
ts268648,Anitta: Made in Honório,SHOW,2020,TV-MA,"['documentation', 'music']",tt13486136,6.8
tm844236,True: Winter Wishes,MOVIE,2019,G,['animation'],,
ts90696,In the Bosom of a Thorn,SHOW,2019,TV-14,['drama'],tt10397430,7.3
ts90568,Answer for Heaven,SHOW,2019,,"['comedy', 'drama']",,
tm938434,All Because of You,MOVIE,2020,,"['comedy', 'action', 'romance']",tt13106900,4.2
tm466854,Uriyadi 2,MOVIE,2019,G,"['thriller', 'action']",tt10121762,7.1
tm894858,The End,MOVIE,2019,,"['crime', 'action']",,
tm472999,Guddiyan Patole,MOVIE,2019,,"['comedy', 'drama']",tt9390254,7
tm1073424,Motu Patlu the Superheroes – Super Villains from Mars,MOVIE,2019,G,[],,
tm469510,Albert  Pinto Ko Gussa Kyun Aata Hai?,MOVIE,2019,,['drama'],tt4355838,5.5
tm924556,Maniyarayile Ashokan,MOVIE,2020,,"['drama', 'comedy', 'romance']",tt11060730,4.7
ts268997,Futmalls.com,SHOW,2020,TV-14,"['thriller', 'scifi']",tt13652552,6.4
ts221472,Valentino,SHOW,2020,TV-14,['comedy'],tt11508212,5.2
tm831196,Chippa,MOVIE,2019,G,['drama'],tt8976464,6.4
tm918959,A Go! Go! Cory Carson Summer Camp,MOVIE,2020,,['animation'],,
tm831125,American Factory: A Conversation with the Obamas,MOVIE,2019,,['documentation'],,
tm674494,4th Republic,MOVIE,2019,,"['thriller', 'drama']",tt10279102,6.2
tm474618,A Tale of Two Kitchens,MOVIE,2019,,['documentation'],tt10243660,6.5
tm675214,Mokalik (Mechanic),MOVIE,2019,,"['comedy', 'drama']",tt10327136,6.2
tm453994,The Body Remembers When the World Broke Open,MOVIE,2019,,"['drama', 'european']",tt8230872,7
tm677904,2 Weeks in Lagos,MOVIE,2019,,['romance'],tt10241024,6.6
tm890479,The Claudia Kishi Club,MOVIE,2020,,['documentation'],tt12411586,
tm476708,Kids on the Block,MOVIE,2019,,"['comedy', 'family']",tt9533342,5.7
ts235689,J-Style Trip,SHOW,2020,TV-14,['reality'],tt11942052,4.9
tm935941,Horrid Henry's Gross Day Out,MOVIE,2020,,"['animation', 'comedy', 'action']",tt13034096,6.1
tm936519,Soulmate,MOVIE,2020,,['romance'],,
tm834653,The Knight and the Princess,MOVIE,2019,PG,"['comedy', 'family', 'fantasy', 'history', 'animation']",tt13819560,5.9
tm472961,After Maria,MOVIE,2019,,['documentation'],,
tm818239,Penalty,MOVIE,2019,,"['sport', 'drama']",tt10530392,5.3
tm852207,3 Logical Exits,MOVIE,2020,,['documentation'],,
tm820338,The 9th Precinct,MOVIE,2019,,"['fantasy', 'thriller', 'action', 'crime', 'drama']",tt10871460,5.6
tm675154,Malaal,MOVIE,2019,,"['romance', 'action', 'drama']",tt15244876,5.9
tm945831,The Magic School Bus Rides Again: The Frizz Connection,MOVIE,2020,,"['animation', 'family']",tt13150612,
tm679270,Evvarikee Cheppoddu,MOVIE,2019,,['drama'],tt10081202,7.2
tm540277,Nasha Natasha,MOVIE,2020,,"['documentation', 'music']",tt5818722,6.4
tm844201,Super Monsters Save Christmas,MOVIE,2019,G,"['animation', 'fantasy', 'family']",tt11193860,4.8
tm488551,Luckee,MOVIE,2019,,"['comedy', 'drama']",tt9466786,4.7
tm882222,Kalek Shanab,MOVIE,2019,PG-13,['comedy'],,
tm840152,Amsterdam to Anatolia,MOVIE,2019,,['thriller'],,
tm1113921,In Vitro,MOVIE,2019,,[],tt10545994,7.7
tm475254,"Sincerely Yours, Dhaka",MOVIE,2019,,['drama'],tt8958304,6.9
tm1030742,One Like It,MOVIE,2020,,[],,
tm1031016,Marked,MOVIE,2019,,['documentation'],tt10519534,
tm878495,Kambili: The Whole 30 Yards,MOVIE,2020,,"['romance', 'comedy']",tt11831084,6.6
tm478962,Saavat,MOVIE,2019,,"['thriller', 'crime', 'drama']",tt7798984,6.6
tm1068745,Finding Hubby,MOVIE,2020,,['comedy'],,
tm916008,PNL - Dans la légende tour,MOVIE,2020,,"['documentation', 'music']",,
tm476593,Krutant,MOVIE,2019,,"['drama', 'thriller']",tt9575388,6.4
ts222901,糖糖Online,SHOW,2019,TV-MA,['drama'],tt11330500,5.5
tm814953,This Earth of Mankind,MOVIE,2019,,"['drama', 'history']",tt10540024,6.9
tm836077,Holy Expectations,MOVIE,2019,,['comedy'],tt10945950,5.2
tm855232,Luccas Neto in: The End of Christmas,MOVIE,2019,,[],,
tm935993,Classmates Minus,MOVIE,2020,R,"['comedy', 'drama']",tt12899858,7.1
tm848444,Masameer: The Movie,MOVIE,2020,,"['comedy', 'drama', 'animation']",tt11561866,5.9
tm882606,Sethum Aayiram Pon,MOVIE,2019,G,"['family', 'drama']",tt8976418,7.2
tm942492,Super Monsters: Dia de los Monsters,MOVIE,2020,G,['animation'],,
tm976519,The App That Stole Christmas,MOVIE,2020,PG,"['drama', 'comedy']",tt11378154,3.7
tm483103,Ali & Alia,MOVIE,2019,PG-13,"['romance', 'drama']",tt9859758,5
tm888850,"Blue, Painful, and Brittle",MOVIE,2020,,['action'],,
tm826677,Tee Shot: Ariya Jutanugarn,MOVIE,2019,,['drama'],,
tm833361,True: Tricky Treat Day,MOVIE,2019,,"['animation', 'family']",tt10927572,
tm483190,Time Out,MOVIE,2019,,"['comedy', 'drama', 'romance']",tt9822904,5.9
tm1088545,Unroyal,MOVIE,2020,,"['drama', 'romance', 'comedy']",tt15526612,
tm833555,Park Na-rae: Glamour Warning,MOVIE,2019,,['comedy'],,
ts213071,Sleepless Society NYCTOPHOBIA,SHOW,2019,TV-MA,"['drama', 'thriller']",tt10805822,5.5
tm435295,Ave Maryam,MOVIE,2019,,"['romance', 'drama']",tt9307666,7
tm980439,Chico Bon Bon and the Very Berry Holiday,MOVIE,2020,G,"['family', 'animation']",tt13411942,5.9
tm678035,Uncle Naji in UAE,MOVIE,2019,PG-13,"['comedy', 'horror']",tt10181594,5
tm846630,Tarung Sarung,MOVIE,2020,,"['drama', 'sport', 'thriller', 'action']",tt11749980,6.3
tm885938,Mauricio Meirelles: Generating Chaos,MOVIE,2020,,['comedy'],,
tm824855,Lola Igna,MOVIE,2019,,"['drama', 'comedy']",tt10965300,7.2
tm983849,Vir Das: Outside in - The Lockdown Special,MOVIE,2020,,['comedy'],tt13529992,6.5
tm894241,Kenny Sebastian: The Most Interesting Person in the Room,MOVIE,2020,,['comedy'],tt12241424,6.2
tm464284,We Are Legends,MOVIE,2019,,['action'],tt10076722,5.1
tm922943,Beyond the Boundary: ICC Women's T20 World Cup Australia 2020,MOVIE,2020,,"['documentation', 'sport']",tt15929232,
tm878492,Fate of Alakada,MOVIE,2020,,['comedy'],tt11829884,7
tm944561,Rooting for Roona,MOVIE,2020,,['documentation'],,
tm977184,A Go! Go! Cory Carson Christmas,MOVIE,2020,,"['animation', 'family']",tt13479662,6.3
tm873655,Your Excellency,MOVIE,2019,,['comedy'],tt11489288,6.6
tm867288,Elevator Baby,MOVIE,2019,,"['comedy', 'drama']",tt11005162,6.9
tm925702,Andre and His Olive Tree,MOVIE,2020,,['documentation'],tt13610390,6.6
tm811954,Nenjamundu Nermaiyundu Odu Raja,MOVIE,2019,G,"['comedy', 'romance', 'drama']",tt10438658,6.1
tm837042,"Hoshino Gen Dome Tour ""POP VIRUS"" at Tokyo Dome",MOVIE,2019,G,"['documentation', 'music']",,
tm1000551,Namaste Wahala,MOVIE,2020,,"['comedy', 'drama', 'romance']",tt12423052,5.2
tm981675,Super Monsters: Santa's Super Monster Helpers,MOVIE,2020,,"['animation', 'family']",tt13439998,4.5
tm896976,True: Rainbow Rescue,MOVIE,2020,,['animation'],,
tm460199,High End Yaariyaan,MOVIE,2019,,"['romance', 'comedy', 'drama', 'family']",tt9176136,5.8
tm498444,Nimbe: The Movie,MOVIE,2019,,['drama'],tt8718112,5.9
tm816983,In Paradox,MOVIE,2019,,"['thriller', 'fantasy']",tt10508182,5
tm823848,Mohamed Hussein,MOVIE,2019,,['comedy'],,
tm822167,The Panti Sisters,MOVIE,2019,PG-13,"['comedy', 'romance']",tt10637682,5.6
tm918704,Baxu and the Giants,MOVIE,2019,,"['drama', 'fantasy']",,
tm837802,Luccas Neto in: Children's Day,MOVIE,2019,,"['comedy', 'family']",tt14706754,2.5
tm1080554,Rudra: Secret of the Black Moon,MOVIE,2020,,[],,
tm989205,Ratones Paranoicos: The Band That Rocked Argentina,MOVIE,2019,,"['documentation', 'music']",,
tm853091,The American Game,MOVIE,2019,,['comedy'],,
ts258169,Holiday Home Makeover with Mr. Christmas,SHOW,2020,TV-G,['reality'],tt13255112,5.8
tm919210,Uma Maheswara Ugra Roopasya,MOVIE,2020,,"['drama', 'comedy']",,
tm1028068,Wave of Cinema: Generasi 90an,MOVIE,2020,,['music'],,
ts223078,Nailed It! Spain,SHOW,2019,TV-PG,['reality'],,
tm849565,Generasi 90an: Melankolia,MOVIE,2020,,['drama'],,
tm1000166,Wave of Cinema: Surat Dari Timur,MOVIE,2020,,['music'],,
ts234501,Buddi,SHOW,2020,TV-Y,"['fantasy', 'animation', 'comedy', 'family']",tt11829340,7.1
tm944307,I'm Glad I Did,MOVIE,2020,,['documentation'],tt15139398,8.4
tm510525,RK Nagar,MOVIE,2019,,['comedy'],tt7748196,5.1
ts235916,Ladies Up,SHOW,2020,,"['reality', 'comedy']",tt11942100,4.3
ts269280,Kings of Jo'Burg,SHOW,2020,TV-MA,"['crime', 'thriller']",tt13453828,5.6
tm472231,Si Doel the Movie 2,MOVIE,2019,,"['romance', 'drama', 'comedy']",tt10290062,7
tm460149,My Stupid Boss 2,MOVIE,2019,,"['comedy', 'drama']",tt10039468,6.6
ts222838,I'm with the Band: Nasty Cherry,SHOW,2019,TV-MA,['reality'],,
tm873357,Mariposa,MOVIE,2020,,"['drama', 'romance', 'comedy']",tt11470064,7.7
ts255823,The House Arrest of Us,SHOW,2020,TV-PG,"['comedy', 'romance']",tt13280838,5.6
ts241246,The Smart Money Woman,SHOW,2020,TV-MA,['drama'],tt12428002,6.4
tm856372,The Book of Sun,MOVIE,2020,,['thriller'],,
tm493556,Kaagar,MOVIE,2019,,"['crime', 'drama']",tt8907844,6.2
tm971819,Four Sisters Before the Wedding,MOVIE,2020,,"['drama', 'comedy']",tt11867144,6.3
ts215869,Extreme Engagement,SHOW,2019,,['reality'],tt10521644,5.6
ts234505,Fary: Hexagone,SHOW,2020,TV-MA,['comedy'],tt11823028,6.2
tm530822,Carlos Almaraz: Playing with Fire,MOVIE,2019,,['documentation'],tt6335714,7.5
ts215862,True Tunes,SHOW,2019,TV-Y7,['family'],tt10522374,8
tm1073298,Awon Boyz,MOVIE,2019,,['documentation'],,
tm816432,Bypass Road,MOVIE,2019,,"['thriller', 'drama']",tt9176260,5.4
tm461907,Rakkhosh,MOVIE,2019,,['horror'],tt6018556,4.9
tm463217,Hamid,MOVIE,2019,,['drama'],tt7527082,7.7
ts89531,That's What Happened,SHOW,2019,TV-14,[],,
ts236850,Children of Adam,SHOW,2020,TV-14,"['action', 'drama']",tt12434912,7.8
ts251607,Word Party Songs,SHOW,2020,TV-Y,"['animation', 'family']",tt12748268,3.6
tm454431,A Home with a View,MOVIE,2019,,"['comedy', 'drama']",tt8443432,5.9
tm446480,Cemara's Family,MOVIE,2019,,"['drama', 'family']",tt7885874,7.8
tm869307,Three Thieves,MOVIE,2019,,['comedy'],tt11133472,
tm979073,100% Halal,MOVIE,2020,,['drama'],,
tm1041549,Dear Affy,MOVIE,2020,,"['romance', 'comedy']",tt14928724,
tm879556,David A. Arnold Fat Ballerina,MOVIE,2020,,['comedy'],tt11916980,7.4
ts90648,I Have A Script,SHOW,2019,TV-14,['drama'],,
tm454338,Alone/Together,MOVIE,2019,,"['drama', 'romance']",tt9526822,6.8
tm470687,Loving is Losing,MOVIE,2019,,[],,
tm474405,Between Maybes,MOVIE,2019,,"['drama', 'romance']",tt10044704,6.2
tm471802,Sur Sapata,MOVIE,2019,,"['drama', 'comedy', 'sport']",tt5338082,7.4
tm873354,Si Doel the Movie 3,MOVIE,2020,,"['drama', 'romance']",tt11469660,6.7
tm902993,Mama Drama,MOVIE,2020,,['drama'],tt12424356,6.3
ts89740,The Defected,SHOW,2019,TV-14,"['drama', 'crime']",tt10141612,7.4
tm836449,Tuna Girl,MOVIE,2019,,"['drama', 'comedy']",tt11057912,6.1
tm462809,The Wedding Shaman,MOVIE,2019,,"['romance', 'drama']",tt10066526,7.1
tm455715,Dilan 1991,MOVIE,2019,,"['drama', 'romance']",tt9648942,6.8
tm843408,She Is,MOVIE,2019,,['drama'],tt14605914,5.8
tm476496,Bhai - Vyakti Ki Valli 2,MOVIE,2019,R,"['comedy', 'drama']",tt9680076,7.8
tm815509,Elf Pets: A Fox Cub's Christmas Tale,MOVIE,2019,,"['animation', 'fantasy']",tt10485928,4.7
tm898322,This Lady Called Life,MOVIE,2020,,['drama'],tt12282600,6.8
ts304136,마법버스 타요,SHOW,2020,TV-Y7,[],,
tm901961,One Take,MOVIE,2020,,"['documentation', 'music']",tt12401232,5.9
tm940835,Chhota Bheem Ka Roosi Romanch,MOVIE,2019,G,['animation'],,
tm846354,#FriendButMarried 2,MOVIE,2020,,"['drama', 'comedy', 'romance']",tt11640412,6.9
tm823350,Luccas Neto in: Summer Camp,MOVIE,2019,G,['comedy'],tt13766476,2.8
tm915354,Girl's Revenge,MOVIE,2020,,['drama'],tt13388018,5.7
tm451502,Kolaiyuthir Kaalam,MOVIE,2019,,"['thriller', 'drama']",tt6280858,2.6
tm450129,Sakaling Maging Tayo,MOVIE,2019,,"['comedy', 'romance']",tt9389622,7.1
tm921230,Story of Kale: When Someone's in Love,MOVIE,2020,,"['drama', 'romance']",tt13081264,6.4
ts222362,Mighty Little Bheem: Diwali,SHOW,2019,,"['comedy', 'animation']",tt10987498,7.7
tm826983,The Girl and the Gun,MOVIE,2019,,"['thriller', 'crime']",,
tm451269,Born Beautiful,MOVIE,2019,,['comedy'],tt9364848,5.5
tm840236,Milea,MOVIE,2020,,"['romance', 'drama']",tt11127878,6.4
tm460411,Stunt School,MOVIE,2019,,['comedy'],tt9056824,4.4
ts224956,What the Love! with Karan Johar,SHOW,2020,,['reality'],,
ts283159,A Perfect Day for Arsenide,SHOW,2020,TV-MA,"['drama', 'romance']",tt14592684,5
ts264270,Anatomy of a Scandal,SHOW,2022,TV-MA,"['drama', 'thriller']",tt12748084,7
ts217231,Heartstopper,SHOW,2022,TV-14,"['drama', 'romance']",tt10638036,8.9
ts90093,The Pentaverate,SHOW,2022,TV-MA,['comedy'],tt10203880,6.1
ts342732,Our Great National Parks,SHOW,2022,,['documentation'],tt18750552,
ts108385,Inventing Anna,SHOW,2022,TV-MA,['drama'],tt8740976,6.8
tm1082564,The Adam Project,MOVIE,2022,PG-13,"['drama', 'action', 'comedy', 'scifi']",tt2463208,6.7
tm1043537,Operation Mincemeat,MOVIE,2022,PG-13,"['drama', 'war']",tt1879016,6.9
tm674063,The Power of the Dog,MOVIE,2021,R,"['drama', 'romance', 'western']",tt10293406,6.9
ts225061,Pieces of Her,SHOW,2022,TV-MA,"['crime', 'drama', 'thriller']",tt9170236,6.4
tm1166024,Choose or Die,MOVIE,2022,,"['thriller', 'drama', 'horror']",tt11514780,4.7
tm1075698,Metal Lords,MOVIE,2022,R,"['drama', 'comedy', 'music']",tt12141112,6.7
ts344184,Conversations with a Killer: The John Wayne Gacy Tapes,SHOW,2022,TV-MA,"['crime', 'documentation']",tt18970124,7.2
tm1120543,The Bubble,MOVIE,2022,R,['comedy'],tt13610562,4.7
tm1185367,White Hot: The Rise & Fall of Abercrombie & Fitch,MOVIE,2022,R,['documentation'],tt19034522,5.6
ts256310,Pacific Rim: The Black,SHOW,2021,TV-14,"['animation', 'action', 'scifi']",tt9288848,7
ts270910,Vikings: Valhalla,SHOW,2022,TV-MA,"['war', 'action', 'drama', 'history', 'romance']",tt11311302,7.1
ts222333,Arcane,SHOW,2021,TV-14,"['action', 'scifi', 'drama', 'fantasy', 'animation']",tt11126994,9.1
tm1083293,Windfall,MOVIE,2022,R,"['thriller', 'crime', 'drama']",tt15035360,5.7
tm979026,"tick, tick... BOOM!",MOVIE,2021,PG-13,['drama'],tt8721424,7.5
ts301625,Hold Tight,SHOW,2022,TV-MA,"['crime', 'drama', 'thriller']",tt15019128,6.1
ts311987,Bad Vegan: Fame. Fraud. Fugitives.,SHOW,2022,TV-MA,"['crime', 'documentation']",tt18260538,5.8
ts215951,Midnight Mass,SHOW,2021,TV-MA,"['action', 'drama', 'fantasy', 'horror', 'scifi']",tt10574558,7.7
tm856378,Don't Look Up,MOVIE,2021,R,"['scifi', 'drama', 'comedy']",tt11286314,7.2
ts307973,Murderville,SHOW,2022,TV-MA,"['crime', 'comedy']",tt15264192,6.9
ts240453,Clark,SHOW,2022,TV-MA,"['comedy', 'crime', 'drama', 'thriller', 'action']",tt12304420,7.5
ts333834,The Ultimatum: Marry or Move On,SHOW,2022,TV-MA,['reality'],tt18396952,5.4
tm852172,Apollo 10½:  A Space Age Childhood,MOVIE,2022,PG-13,"['comedy', 'action', 'animation', 'romance', 'family', 'horror', 'drama', 'scifi']",tt7978758,7.3
ts294338,Hard Cell,SHOW,2022,TV-MA,"['comedy', 'documentation', 'sport']",tt14959710,6.1
ts256072,The Woman in the House Across the Street from the Girl in the Window,SHOW,2022,TV-MA,"['crime', 'comedy', 'drama', 'thriller']",tt13315324,6.3
ts256710,Archive 81,SHOW,2022,TV-MA,"['scifi', 'drama', 'horror', 'thriller']",tt13365348,7.3
tm413169,Peter Rabbit 2: The Runaway,MOVIE,2021,PG,"['fantasy', 'family', 'comedy', 'action', 'animation', 'crime', 'drama']",tt8376234,6.2
ts343599,Jimmy Savile: A British Horror Story,SHOW,2022,TV-MA,"['crime', 'documentation']",tt18970454,6.7
ts220305,Squid Game,SHOW,2021,TV-MA,"['action', 'drama', 'thriller']",tt10919420,8
tm1185374,The Mystery of Marilyn Monroe: The Unheard Tapes,MOVIE,2022,R,['documentation'],tt19034332,6.2
tm1064065,Black Crab,MOVIE,2022,,"['war', 'action', 'drama', 'scifi', 'thriller']",tt6708668,5.6
ts343432,Yakamoz S-245,SHOW,2022,TV-MA,"['scifi', 'action', 'drama', 'thriller']",tt13317454,6.1
tm1137051,Bubble,MOVIE,2022,PG,"['scifi', 'thriller', 'animation', 'action', 'drama', 'fantasy', 'romance', 'sport']",tt16360006,6.5
tm1080083,The Lost Daughter,MOVIE,2021,R,['drama'],tt9100054,6.7
tm1191224,365 Days: This Day,MOVIE,2022,,"['romance', 'drama']",tt12996154,2.5
ts331448,Welcome To Eden,SHOW,2022,TV-MA,"['drama', 'action', 'thriller']",tt13457822,4.9
tm370144,The Mitchells vs. the Machines,MOVIE,2021,PG,"['animation', 'comedy', 'family', 'scifi']",tt7979580,7.6
tm404856,Red Notice,MOVIE,2021,PG-13,"['comedy', 'crime', 'thriller', 'action']",tt7991608,6.3
ts281927,Stay Close,SHOW,2021,TV-MA,"['crime', 'drama', 'thriller']",tt2201227,6.9
ts223537,Maid,SHOW,2021,TV-MA,"['drama', 'comedy']",tt11337908,8.4
ts340376,The Marked Heart,SHOW,2022,TV-MA,"['thriller', 'drama']",tt18974572,6.3
ts346959,Meltdown: Three Mile Island,SHOW,2022,TV-14,"['documentation', 'history']",tt19757508,7
ts87242,Shadow and Bone,SHOW,2021,TV-14,"['scifi', 'drama', 'fantasy', 'action']",tt2403776,7.6
ts296046,Lupin,SHOW,2021,TV-MA,"['crime', 'drama', 'comedy', 'action']",tt2531336,7.5
tm937814,The Alpinist,MOVIE,2021,PG-13,['documentation'],tt11790780,8
ts328625,The Guardians of Justice,SHOW,2022,TV-MA,['scifi'],,
tm825714,The Harder They Fall,MOVIE,2021,R,"['action', 'drama', 'western']",tt10696784,6.5
tm1196288,Our Father,MOVIE,2022,,['crime'],,
tm1014947,Against the Ice,MOVIE,2022,,"['drama', 'history']",tt13873302,6.5
ts227473,Brand New Cherry Flavor,SHOW,2021,TV-MA,"['thriller', 'drama', 'horror', 'scifi']",tt11343600,7.1
tm1185421,David Spade: Nothing Personal,MOVIE,2022,,['comedy'],tt18955474,
ts321918,Human Resources,SHOW,2022,TV-MA,"['comedy', 'romance', 'animation']",tt11092142,7.2
ts225855,All of Us Are Dead,SHOW,2022,TV-MA,"['action', 'scifi', 'thriller', 'drama', 'fantasy', 'horror']",tt14169960,7.5
ts257504,Heirs to the Land,SHOW,2022,TV-MA,"['comedy', 'scifi', 'drama', 'history']",tt13308276,7
tm1142224,The House,MOVIE,2022,R,"['animation', 'drama', 'comedy', 'thriller']",tt11703050,6.8
tm1185360,Return to Space,MOVIE,2022,,['documentation'],tt18555320,7.3
tm1165983,The Weekend Away,MOVIE,2022,,"['thriller', 'crime', 'drama']",tt14817272,5.6
ts102086,Behind Her Eyes,SHOW,2021,TV-MA,"['drama', 'thriller']",tt9698442,7.2
tm857461,Gangubai Kathiawadi,MOVIE,2022,,"['drama', 'crime']",tt10083340,7
ts330402,Is It Cake?,SHOW,2022,TV-PG,['reality'],tt18314214,5.7
tm1120855,Along for the Ride,MOVIE,2022,,"['romance', 'drama']",tt14506528,6
ts329699,The Andy Warhol Diaries,SHOW,2022,TV-MA,['documentation'],tt18082212,7.7
tm1019177,The Colony,MOVIE,2021,R,"['scifi', 'thriller', 'action']",tt6506264,5.4
tm1166288,Rescued by Ruby,MOVIE,2022,,"['drama', 'family']",tt11278476,7.1
ts237722,The Cuphead Show!,SHOW,2022,TV-Y7,"['family', 'fantasy', 'animation', 'action', 'comedy']",tt10611608,7.5
tm1166020,The Takedown,MOVIE,2022,,"['crime', 'drama', 'action', 'comedy']",tt13822738,5.7
tm1066826,Diana: The Musical,MOVIE,2021,PG-13,['drama'],tt12885272,4.3
ts85985,Cowboy Bebop,SHOW,2021,TV-MA,"['scifi', 'comedy', 'crime', 'drama', 'fantasy', 'action']",tt1267295,6.6
tm991529,The Hand of God,MOVIE,2021,R,['drama'],tt12680684,7.4
ts343430,The 7 Lives of Lea,SHOW,2022,TV-MA,"['drama', 'thriller', 'crime', 'fantasy']",tt14140886,7.5
tm1092864,The Unforgivable,MOVIE,2021,R,"['drama', 'crime']",tt11233960,7.1
tm986168,The Guilty,MOVIE,2021,R,"['drama', 'thriller', 'action', 'crime']",tt9421570,6.3
tm983784,Coming Home in the Dark,MOVIE,2021,,"['horror', 'thriller']",tt6874762,5.7
tm1150385,The Tinder Swindler,MOVIE,2022,,"['crime', 'documentation']",tt14992922,7.2
ts232107,The Silent Sea,SHOW,2021,TV-MA,"['horror', 'drama', 'scifi', 'thriller']",tt11570202,6.9
ts237713,Sweet Tooth,SHOW,2021,TV-14,"['scifi', 'drama', 'fantasy', 'action']",tt12809988,7.8
tm1033470,Till Death,MOVIE,2021,R,"['horror', 'thriller']",tt11804152,5.8
ts300391,Clickbait,SHOW,2021,TV-MA,"['thriller', 'crime', 'drama']",tt10888878,7.2
ts94677,Worst Roommate Ever,SHOW,2022,TV-MA,"['crime', 'documentation', 'drama', 'thriller']",tt8323702,8.1
ts251675,Hellbound,SHOW,2021,TV-MA,"['scifi', 'horror', 'thriller', 'crime', 'drama', 'fantasy']",tt12235718,6.6
ts234817,In from the Cold,SHOW,2022,TV-MA,"['drama', 'scifi', 'thriller', 'action', 'crime']",tt11859542,6.2
tm1185687,Silverton Siege,MOVIE,2022,PG-13,"['drama', 'action', 'crime', 'thriller']",tt18563148,6.1
ts286731,Komi Can't Communicate,SHOW,2021,TV-14,"['drama', 'comedy', 'animation', 'romance']",tt14626352,7.8
ts314164,Tomorrow,SHOW,2022,TV-14,"['drama', 'action', 'comedy', 'fantasy']",tt18926162,7.7
ts327074,Bullsh*t the Game Show,SHOW,2022,,['reality'],tt16912298,
tm1111987,Munich: The Edge of War,MOVIE,2022,PG-13,"['drama', 'history', 'thriller']",tt7475578,6.8
ts279892,Ginny & Georgia,SHOW,2021,TV-14,"['drama', 'comedy']",tt10813940,7.4
tm946869,Texas Chainsaw Massacre,MOVIE,2022,R,"['thriller', 'crime', 'horror']",tt11755740,4.8
tm471968,Passing,MOVIE,2021,PG-13,"['drama', 'thriller']",tt8893974,6.7
tm1138477,Downfall: The Case Against Boeing,MOVIE,2022,R,['documentation'],tt11893274,7.4
ts311985,Inside Job,SHOW,2021,TV-MA,"['comedy', 'fantasy', 'scifi', 'animation']",tt10231312,7.6
ts250998,Dirty Lines,SHOW,2022,TV-MA,"['drama', 'history']",tt14859224,7.3
ts331681,Trivia Quest,SHOW,2022,TV-G,"['family', 'fantasy', 'animation']",tt18393972,5.6
tm1048362,Army of Thieves,MOVIE,2021,R,"['comedy', 'horror', 'action', 'crime', 'thriller', 'romance', 'scifi']",tt13024674,6.4
tm501313,Gunpowder Milkshake,MOVIE,2021,R,"['action', 'crime', 'thriller']",tt8368408,6
tm1110527,Captain Nova,MOVIE,2021,,"['scifi', 'family']",tt14915608,5.5
tm983723,The Sparks Brothers,MOVIE,2021,R,"['documentation', 'music', 'comedy', 'history']",tt8610436,7.8
ts225645,The Chair,SHOW,2021,TV-MA,"['drama', 'comedy']",tt11834150,7.2
tm1046026,The Trip,MOVIE,2021,,"['comedy', 'thriller', 'horror', 'action']",tt13109952,6.9
ts289334,Sex/Life,SHOW,2021,TV-MA,"['drama', 'romance', 'comedy']",tt10839422,5.4
ts296472,The Chestnut Man,SHOW,2021,TV-MA,"['crime', 'drama', 'thriller']",tt10834220,7.7
tm1022103,Outlaws,MOVIE,2021,R,"['crime', 'thriller', 'action']",tt11892272,6.9
tm456513,Army of the Dead,MOVIE,2021,R,"['horror', 'thriller', 'crime', 'scifi', 'action']",tt0993840,5.7
ts321513,My Liberation Notes,SHOW,2022,TV-14,"['drama', 'romance']",tt15146130,8.4
ts311989,jeen-yuhs,SHOW,2022,TV-MA,"['documentation', 'music']",tt14599438,8.1
ts310057,True Story,SHOW,2021,TV-MA,"['drama', 'thriller', 'comedy', 'crime']",tt13655456,7.5
tm1119272,14 Peaks: Nothing Is Impossible,MOVIE,2021,,"['documentation', 'sport']",tt14079374,7.8
ts225657,Halston,SHOW,2021,TV-MA,['drama'],tt10920514,7.5
ts229335,Anxious People,SHOW,2021,TV-MA,"['crime', 'drama', 'comedy']",tt11168604,6.8
tm1038686,Bo Burnham: Inside,MOVIE,2021,R,"['comedy', 'drama', 'music', 'reality']",tt14545352,8.7
ts287976,Young Royals,SHOW,2021,TV-MA,"['drama', 'romance']",tt14664414,8.3
tm1191019,Hold Your Breath: The Ice Dive,MOVIE,2022,,['documentation'],tt19373274,
tm347095,Oxygen,MOVIE,2021,,"['horror', 'scifi', 'thriller', 'fantasy', 'drama']",tt6341832,6.5
tm855839,The Shadow in My Eye,MOVIE,2021,,"['drama', 'history', 'war']",tt9170516,7.3
ts255037,Resident Evil: Infinite Darkness,SHOW,2021,TV-MA,"['action', 'scifi', 'horror', 'animation']",tt13173456,5.8
ts312984,Our Blues,SHOW,2022,TV-MA,['drama'],tt19115260,7.7
ts95572,The Serpent,SHOW,2021,TV-MA,"['drama', 'thriller', 'crime']",tt7985576,7.6
tm1048678,Like A Rolling Stone: The Life & Times of Ben Fong-Torres,MOVIE,2021,,['documentation'],tt9660510,7.9
ts287352,Hit & Run,SHOW,2021,TV-MA,"['action', 'drama', 'thriller', 'crime']",tt9073940,7.1
ts346034,Blood Sisters,SHOW,2022,TV-MA,"['crime', 'drama', 'thriller']",tt19398068,
ts346500,Wild Babies,SHOW,2022,,['documentation'],tt19398016,
tm851128,Bigbug,MOVIE,2022,R,"['scifi', 'comedy', 'fantasy']",tt11541872,5.4
tm1179973,Trust No One: The Hunt for the Crypto King,MOVIE,2022,R,"['crime', 'documentation']",tt15479902,6.3
ts273436,Murder Among the Mormons,SHOW,2021,TV-14,"['crime', 'history', 'documentation']",tt13987620,7
tm1046932,Kate,MOVIE,2021,R,"['action', 'crime', 'drama', 'thriller']",tt7737528,6.2
tm861000,Worth,MOVIE,2021,PG-13,"['history', 'drama']",tt8009744,6.8
ts237972,Katla,SHOW,2021,TV-MA,"['scifi', 'thriller', 'drama']",tt11102190,7
ts262246,The Last Bus,SHOW,2022,TV-PG,"['scifi', 'comedy', 'drama', 'family', 'fantasy']",tt12885670,5
ts330347,Cracow Monsters,SHOW,2022,TV-MA,"['scifi', 'drama', 'fantasy', 'horror', 'thriller']",tt15096836,5.5
ts328541,The Puppet Master: Hunting the Ultimate Conman,SHOW,2022,TV-MA,"['crime', 'documentation']",tt15479704,7
ts302363,Twenty Five Twenty One,SHOW,2022,TV-14,"['drama', 'romance']",tt17513352,8.7
tm859005,Today We Fix the World,MOVIE,2022,,"['drama', 'comedy']",tt11592014,6.2
tm1002815,Nightbooks,MOVIE,2021,,"['fantasy', 'horror', 'family']",tt10521144,5.7
ts88578,Firefly Lane,SHOW,2021,TV-MA,"['drama', 'romance']",tt9012876,7.4
tm817075,Furioza,MOVIE,2021,,"['action', 'crime', 'drama']",tt10515864,6.2
ts308845,The Billion Dollar Code,SHOW,2021,TV-MA,"['drama', 'thriller', 'crime']",tt15392100,8
tm1087461,Last Man Down,MOVIE,2021,R,"['thriller', 'scifi', 'action']",tt12335692,5
tm1188819,Rumspringa - Ein Amish in Berlin,MOVIE,2022,,"['drama', 'comedy']",tt19352286,5.3
tm1092958,No One Gets Out Alive,MOVIE,2021,R,"['thriller', 'horror', 'drama']",tt13056008,5.3
tm416779,The Woman in the Window,MOVIE,2021,R,"['thriller', 'crime', 'drama']",tt6111574,5.7
tm1000619,Radhe Shyam,MOVIE,2022,,"['romance', 'drama']",tt8960382,6.9
ts330425,The Principles of Pleasure,SHOW,2022,TV-MA,['documentation'],tt18299058,4.7
tm1187913,Honeymoon With My Mother,MOVIE,2022,,['comedy'],tt11269026,5.8
ts282131,Attenborough's Life in Colour,SHOW,2021,TV-PG,['documentation'],tt11053426,8.2
tm1141439,Home Team,MOVIE,2022,PG,"['comedy', 'sport']",tt14592064,6
tm1185388,The Turning Point,MOVIE,2021,,"['drama', 'crime']",tt14140844,7
ts331680,Making Fun,SHOW,2022,TV-PG,['reality'],tt17737382,7
tm1200703,Christina P: Mom Genes,MOVIE,2022,,['comedy'],tt19724012,
ts220553,The Irregulars,SHOW,2021,TV-14,"['crime', 'drama', 'fantasy', 'scifi']",tt10893694,5.9
tm1003630,After We Fell,MOVIE,2021,R,"['drama', 'romance']",tt13069986,4.6
ts328194,My Name,SHOW,2021,TV-MA,"['thriller', 'action', 'crime', 'drama']",tt12940504,7.8
tm1046627,Hypnotic,MOVIE,2021,,"['horror', 'drama', 'thriller']",tt12383460,5.3
ts307649,Turning Point: 9/11 and the War on Terror,SHOW,2021,TV-14,"['war', 'history', 'documentation']",tt15260794,8
tm810504,Yaksha: Ruthless Operations,MOVIE,2022,,"['action', 'thriller', 'crime']",tt12663250,6.2
tm1046264,The Vault,MOVIE,2021,R,"['action', 'thriller', 'crime', 'fantasy']",tt9742794,6.4
ts296214,How to Become a Tyrant,SHOW,2021,TV-MA,"['war', 'history', 'documentation']",tt14832996,7.4
tm1201670,A Farewell to Ozark,MOVIE,2022,,['documentation'],,
tm1185506,The Taming of the Shrewd,MOVIE,2022,,"['romance', 'comedy']",tt18970380,4.6
ts283080,Who Killed Sara?,SHOW,2021,TV-MA,"['drama', 'crime', 'thriller']",tt11937816,6.4
ts287438,The Innocent,SHOW,2021,TV-MA,"['crime', 'drama', 'thriller']",tt10147644,7.8
ts219423,Masters of the Universe: Revelation,SHOW,2021,TV-PG,"['scifi', 'animation', 'action', 'drama', 'family', 'fantasy', 'comedy']",tt10826054,5.2
tm992844,The Dig,MOVIE,2021,PG-13,"['drama', 'history']",tt3661210,7.1
ts108042,Maya and the Three,SHOW,2021,TV-Y7,"['comedy', 'drama', 'family', 'fantasy', 'animation', 'action']",tt8787772,8.1
tm1075215,Aftermath,MOVIE,2021,,"['horror', 'thriller', 'drama']",tt10691162,5.3
ts271413,Night Stalker: The Hunt for a Serial Killer,SHOW,2021,TV-MA,"['crime', 'documentation']",tt13651632,7.5
ts281062,The Girl from Oslo,SHOW,2021,,"['drama', 'thriller']",tt13968792,6.3
ts343427,Samurai Rabbit: The Usagi Chronicles,SHOW,2022,TV-Y7,"['action', 'fantasy', 'scifi', 'animation', 'comedy', 'family']",tt12717354,6.6
tm1168932,Taylor Tomlinson: Look at You,MOVIE,2022,,"['comedy', 'documentation']",tt18096250,7.3
tm1003034,The Witcher: Nightmare of the Wolf,MOVIE,2021,,"['fantasy', 'scifi', 'animation', 'action', 'drama']",tt11657662,7.2
tm813078,Prayers for the Stolen,MOVIE,2021,R,['drama'],tt10366574,7.3
tm1110150,There's Someone Inside Your House,MOVIE,2021,,"['thriller', 'horror']",tt8150814,4.8
tm1000147,Zone 414,MOVIE,2021,R,"['thriller', 'scifi']",tt8545482,4.9
ts271867,Vincenzo,SHOW,2021,,"['action', 'comedy', 'crime', 'drama', 'romance']",tt13433812,8.4
ts272980,The One,SHOW,2021,TV-MA,"['crime', 'drama', 'scifi', 'thriller', 'action']",tt13879466,6.6
tm1027081,Blood Red Sky,MOVIE,2021,,"['fantasy', 'horror', 'thriller', 'action']",tt11607896,6.1
tm974195,The Fable: The Killer Who Doesn't Kill,MOVIE,2021,,"['comedy', 'action', 'thriller']",tt13017204,6.8
tm1021871,The Starling,MOVIE,2021,PG-13,"['comedy', 'drama', 'fantasy']",tt5164438,6.3
ts273229,Feria: The Darkest Light,SHOW,2022,TV-MA,"['scifi', 'crime', 'drama', 'fantasy', 'horror', 'thriller']",tt13323004,5.7
tm1063652,Intrusion,MOVIE,2021,,"['drama', 'thriller']",tt5563324,5.3
tm841825,My Little Pony: A New Generation,MOVIE,2021,PG,"['fantasy', 'scifi', 'drama', 'comedy', 'family', 'animation', 'action']",tt10101702,6.8
tm993670,Cosmic Sin,MOVIE,2021,R,"['scifi', 'action']",tt11762434,2.5
ts328605,Midnight at the Pera Palace,SHOW,2022,TV-14,"['crime', 'drama', 'history']",tt13317508,7.1
ts314135,VOIR,SHOW,2021,TV-MA,['documentation'],tt15677070,6.8
tm1151272,Beast,MOVIE,2022,,"['thriller', 'comedy', 'crime', 'action']",tt11301946,6.8
tm1005109,Kingdom: Ashin of the North,MOVIE,2021,,"['action', 'drama', 'fantasy', 'horror', 'thriller']",tt13412252,7.2
ts287559,Jupiter's Legacy,SHOW,2021,TV-MA,"['scifi', 'action', 'drama', 'fantasy']",tt5774002,6.7
tm897466,The Summit of the Gods,MOVIE,2021,PG,"['animation', 'thriller', 'history', 'drama', 'sport']",tt7014378,7.5
tm314863,Vivo,MOVIE,2021,PG,"['comedy', 'animation', 'drama', 'family']",tt6338498,6.7
tm841797,The Ice Road,MOVIE,2021,PG-13,"['thriller', 'drama', 'action']",tt3758814,5.6
tm977704,Robin Robin,MOVIE,2021,G,"['animation', 'comedy', 'family']",tt11332850,7.2
tm1202960,Chris Distefano: Speshy Weshy,MOVIE,2022,,['comedy'],,
tm525645,Fear Street: Part One - 1994,MOVIE,2021,,"['horror', 'drama']",tt6566576,6.2
tm1141594,Brazen,MOVIE,2022,,"['thriller', 'crime', 'drama', 'romance']",tt13978306,4
ts330289,Smother-In-Law,SHOW,2022,TV-MA,['comedy'],tt15353358,
ts270405,Pretend It's a City,SHOW,2021,TV-14,"['comedy', 'documentation']",tt13660958,8.1
tm1107225,Through My Window,MOVIE,2022,R,"['romance', 'comedy', 'drama']",tt14463484,5.4
ts271595,Crime Scene: The Vanishing at the Cecil Hotel,SHOW,2021,TV-MA,"['documentation', 'crime', 'thriller']",tt13840586,5.9
tm993838,Long Story Short,MOVIE,2021,R,"['fantasy', 'comedy', 'romance']",tt10896634,6.5
ts290643,Super Crooks,SHOW,2021,TV-MA,"['scifi', 'drama', 'animation', 'action', 'crime', 'fantasy']",tt14272628,7.1
ts329700,Life After Death with Tyler Henry,SHOW,2022,TV-MA,['reality'],tt18224644,5.5
tm1020820,Night Teeth,MOVIE,2021,,"['comedy', 'action', 'crime', 'drama', 'fantasy', 'horror', 'thriller']",tt10763820,5.6
tm1191860,Oprah + Viola: A Netflix Special Event,MOVIE,2022,,[],tt19404044,
tm999927,A Cop Movie,MOVIE,2021,R,"['drama', 'action', 'crime', 'thriller', 'documentation']",tt14035242,7
tm1198745,Marmaduke,MOVIE,2022,,"['comedy', 'animation']",tt8746404,3
ts314594,Catching Killers,SHOW,2021,TV-MA,"['documentation', 'crime']",tt15723914,7.1
tm1093099,Love Hard,MOVIE,2021,,"['comedy', 'romance']",tt10752004,6.3
ts315611,Animal,SHOW,2021,TV-PG,['documentation'],tt15674216,7.9
ts297483,Hometown Cha-Cha-Cha,SHOW,2021,TV-14,"['comedy', 'romance', 'drama']",tt14518756,8.5
tm858869,Stowaway,MOVIE,2021,PG-13,"['thriller', 'scifi', 'drama']",tt9203694,5.6
ts343404,Mai,SHOW,2022,TV-MA,"['crime', 'drama']",,
tm833216,Things Heard & Seen,MOVIE,2021,,"['horror', 'thriller', 'drama']",tt10962368,5.3
tm1159163,Fistful of Vengeance,MOVIE,2022,R,"['fantasy', 'action', 'crime', 'drama']",tt14158554,4.5
tm1096775,Procession,MOVIE,2021,R,['documentation'],tt14300912,7.2
ts343251,Green Mothers' Club,SHOW,2022,,['drama'],tt15060900,7.1
tm912100,Bruised,MOVIE,2021,R,"['drama', 'sport', 'thriller']",tt8310474,6.1
tm458292,Space Sweepers,MOVIE,2021,R,"['scifi', 'fantasy', 'action', 'drama']",tt12838766,6.5
tm981945,The Last Letter From Your Lover,MOVIE,2021,,"['romance', 'drama']",tt1893273,6.6
tm465421,The Pirates: The Last Royal Treasure,MOVIE,2022,,"['action', 'comedy']",tt17491040,6
ts1475,Chosen,SHOW,2022,TV-MA,"['scifi', 'thriller', 'drama']",tt16492950,4.3
tm1108321,Dave Chappelle: The Closer,MOVIE,2021,,['comedy'],tt15523010,8
ts297846,An astrological guide for broken hearts,SHOW,2021,TV-14,"['comedy', 'romance']",tt14759406,7.1
ts288087,Sophie: A Murder in West Cork,SHOW,2021,TV-14,"['crime', 'documentation', 'history']",tt14681732,6.8
tm992260,Yes Day,MOVIE,2021,PG,"['comedy', 'family']",tt8521876,5.7
ts329885,Standing Up,SHOW,2022,TV-MA,"['comedy', 'drama']",tt18260550,6.2
ts296563,Who Rules The World,SHOW,2022,TV-PG,"['drama', 'fantasy', 'romance']",tt14950036,9.2
ts306203,Monsters Inside: The 24 Faces of Billy Milligan,SHOW,2021,,"['crime', 'documentation']",tt15287836,6.2
ts304053,Countdown: Inspiration4 Mission to Space,SHOW,2021,TV-14,['documentation'],tt15166116,7.9
ts253813,Glória,SHOW,2021,TV-MA,"['drama', 'history', 'thriller']",tt13064634,8
ts284702,This Is a Robbery: The World's Biggest Art Heist,SHOW,2021,TV-MA,"['crime', 'history', 'documentation']",tt14223858,6.5
tm1079334,"Bob Ross: Happy Accidents, Betrayal & Greed",MOVIE,2021,PG-13,['documentation'],tt14539744,6.9
tm1131382,Jim Gaffigan: Comedy Monster,MOVIE,2021,,['comedy'],tt15907298,6.8
tm1108648,The Wasteland,MOVIE,2022,,"['thriller', 'drama', 'horror']",tt13323118,4.6
tm824160,Fear Street: Part Two - 1978,MOVIE,2021,,"['drama', 'horror']",tt9701940,6.7
tm459789,The Lovebirds,MOVIE,2021,R,"['action', 'romance', 'comedy', 'crime', 'thriller']",tt8851668,6
tm919880,Final Account,MOVIE,2021,PG-13,['documentation'],tt12789212,7.1
ts299865,Heist,SHOW,2021,TV-MA,"['crime', 'documentation']",tt14865290,6.8
ts269676,History of Swear Words,SHOW,2021,TV-MA,"['comedy', 'documentation']",tt13617060,6.4
ts104499,Trese,SHOW,2021,TV-MA,"['crime', 'action', 'fantasy', 'horror', 'thriller', 'animation', 'scifi']",tt9310336,7
ts288744,The Sound of Magic,SHOW,2022,TV-14,"['drama', 'fantasy', 'music']",tt14460684,8
tm1038344,Awake,MOVIE,2021,R,"['scifi', 'thriller', 'action', 'drama']",tt10418662,4.8
ts287532,High on the Hog: How African American Cuisine Transformed America,SHOW,2021,TV-14,['documentation'],,
tm863351,The God Committee,MOVIE,2021,,"['drama', 'thriller']",tt6852526,5.8
tm976166,Malcolm & Marie,MOVIE,2021,R,"['drama', 'romance']",tt12676326,6.6
tm949309,The White Tiger,MOVIE,2021,R,"['drama', 'crime']",tt6571548,7.1
tm1018890,Seaspiracy,MOVIE,2021,,['documentation'],tt14152756,8.1
ts319303,He's Expecting,SHOW,2022,TV-PG,"['drama', 'comedy', 'romance']",tt14719276,1.6
tm1064228,Fatherhood,MOVIE,2021,PG-13,"['drama', 'comedy']",tt4733624,6.6
ts314742,He-Man and the Masters of the Universe,SHOW,2021,TV-Y7,"['scifi', 'action', 'fantasy', 'animation', 'comedy', 'drama', 'family']",tt11465278,5.8
tm1018427,Moxie,MOVIE,2021,PG-13,"['comedy', 'drama', 'music']",tt7737700,6.7
tm855075,Rurouni Kenshin: The Beginning,MOVIE,2021,R,"['drama', 'action']",tt11991748,7.4
tm1104532,Britney vs. Spears,MOVIE,2021,,"['documentation', 'music']",tt15469820,6.4
tm1165219,Ali Wong: Don Wong,MOVIE,2022,R,['comedy'],tt17542000,6.5
ts272463,Colin in Black & White,SHOW,2021,TV-14,"['drama', 'sport']",tt12624928,5.4
ts286317,The Sons of Sam: A Descent Into Darkness,SHOW,2021,TV-MA,"['documentation', 'crime', 'history']",tt13156316,7
tm1020851,Back to the Outback,MOVIE,2021,PG,"['family', 'animation', 'comedy']",tt13575806,6.5
ts320426,Crime Scene: The Times Square Killer,SHOW,2021,TV-MA,"['crime', 'documentation', 'history']",tt16027926,6.5
tm1138870,Badhaai Do,MOVIE,2022,,"['comedy', 'drama', 'crime']",tt11934846,7.3
tm1158704,Tyler Perry's A Madea Homecoming,MOVIE,2022,R,"['comedy', 'drama', 'romance']",tt14813966,5.6
ts296825,Gone for Good,SHOW,2021,TV-MA,"['drama', 'crime', 'thriller']",tt14252964,6.3
tm1044275,A Classic Horror Story,MOVIE,2021,,['horror'],,
ts256311,High-Rise Invasion,SHOW,2021,TV-MA,"['action', 'horror', 'scifi', 'thriller', 'animation']",tt13357164,6.6
tm1187638,Ronny Chieng: Speakeasy,MOVIE,2022,,['comedy'],tt18830896,
ts269881,Record of Ragnarok,SHOW,2021,TV-MA,"['scifi', 'drama', 'fantasy', 'thriller', 'animation', 'action']",tt13676344,6.2
tm1182144,Dancing on Glass,MOVIE,2022,,"['drama', 'thriller']",tt14118046,5.5
tm1146393,All Hail,MOVIE,2022,,"['comedy', 'drama']",tt16427718,5.6
tm1038327,Beckett,MOVIE,2021,R,"['thriller', 'action', 'crime', 'drama']",tt10230994,5.6
tm1080252,7 Prisoners,MOVIE,2021,R,"['drama', 'crime']",tt14168118,7.1
ts287294,"Money, Explained",SHOW,2021,TV-14,['documentation'],tt14492910,6.9
tm1173806,Night Drive,MOVIE,2022,,['thriller'],,
tm1198504,Ghost in the Shell: SAC_2045 Sustainable War,MOVIE,2021,R,"['animation', 'action', 'scifi']",,
tm473502,83,MOVIE,2021,,"['drama', 'history', 'sport']",tt7518786,7.4
ts312071,The Way of the Househusband,SHOW,2021,TV-MA,"['animation', 'action', 'comedy', 'crime', 'drama', 'romance']",tt13357124,7.3
ts271888,Fate: The Winx Saga,SHOW,2021,TV-MA,"['scifi', 'drama', 'fantasy', 'action']",tt8179402,6.8
ts250092,Shaman King,SHOW,2021,TV-PG,"['comedy', 'fantasy', 'animation', 'action', 'scifi']",tt12502782,7
tm1073510,SAS: Red Notice,MOVIE,2021,R,"['action', 'thriller']",tt4479380,5.2
ts302312,Jaguar,SHOW,2021,TV-MA,"['war', 'action', 'drama', 'history']",tt11698590,5.7
tm1025493,Dasvi,MOVIE,2022,,"['drama', 'comedy']",tt14107554,8
ts287328,Yasuke,SHOW,2021,TV-MA,"['scifi', 'action', 'drama', 'fantasy', 'thriller', 'animation']",tt9310330,6.2
ts317422,Saturday Morning All Star Hits!,SHOW,2021,TV-14,"['animation', 'comedy']",tt15978256,7.6
tm1195032,Thar,MOVIE,2022,,"['thriller', 'western', 'action', 'drama', 'crime']",tt14479746,
tm1087160,Fever Dream,MOVIE,2021,R,"['drama', 'horror', 'thriller']",tt9471660,5.4
tm1038363,America: The Motion Picture,MOVIE,2021,R,"['action', 'animation', 'comedy', 'fantasy', 'history', 'scifi', 'war']",tt6733874,5.6
tm879685,The Perfect Family,MOVIE,2021,,['comedy'],tt11924738,6.2
tm1039147,Audible,MOVIE,2021,PG-13,['documentation'],tt12771540,5.3
tm1107063,Love and Leashes,MOVIE,2022,R,"['romance', 'comedy']",tt15553956,6.3
tm1082974,Count Me In,MOVIE,2021,,"['documentation', 'music']",tt6889042,6.8
tm1167440,My Best Friend Anne Frank,MOVIE,2021,PG-13,['drama'],tt10360772,6.2
ts260477,Post Mortem: No One Dies in Skarnes,SHOW,2021,TV-MA,"['thriller', 'comedy', 'drama']",tt13053222,7.1
ts265991,The Cook of Castamar,SHOW,2021,TV-MA,['drama'],tt12626014,7.4
ts304468,Thirty-Nine,SHOW,2022,TV-MA,"['drama', 'romance']",tt15309342,7.9
tm922429,The Block Island Sound,MOVIE,2021,,"['horror', 'scifi', 'thriller']",tt8747160,5.3
ts321614,Blippi Wonders,SHOW,2021,TV-Y,['animation'],tt19315934,
ts315041,Bulgasal: Immortal Souls,SHOW,2021,TV-MA,"['scifi', 'thriller', 'drama', 'fantasy']",tt14691616,7.4
ts291718,Pretty Smart,SHOW,2021,TV-14,"['comedy', 'drama', 'romance']",tt14369056,5.7
tm983658,Rita Moreno: Just a Girl Who Decided to Go for It,MOVIE,2021,PG-13,['documentation'],tt10741846,7.7
ts329854,Jump like a Witch,SHOW,2022,TV-PG,['reality'],,
ts300456,My Unorthodox Life,SHOW,2021,TV-MA,['reality'],tt14398500,5.5
ts307925,On the Verge,SHOW,2021,TV-MA,"['comedy', 'drama']",tt5540990,6.5
tm898614,Sweet Girl,MOVIE,2021,R,"['drama', 'thriller', 'action']",tt10731768,5.5
tm1164962,Restless,MOVIE,2022,R,"['thriller', 'action', 'crime']",tt14465894,5.8
tm858000,Rurouni Kenshin: The Final,MOVIE,2021,PG-13,"['drama', 'action']",tt11809034,7.2
tm922706,Fear Street: 1666,MOVIE,2021,R,['horror'],,
ts280892,"Devotion, a Story of Love and Desire",SHOW,2022,TV-MA,"['drama', 'romance']",tt13956560,6.4
tm1183542,Mishan Impossible,MOVIE,2022,,"['thriller', 'action', 'comedy', 'drama']",tt14999738,6.7
ts273485,Baki Hanma,SHOW,2021,TV-MA,"['thriller', 'animation', 'action', 'drama', 'sport']",tt13357140,6.6
ts301915,The King's Affection,SHOW,2021,TV-14,['drama'],,
tm1042481,Riverdance: The Animated Adventure,MOVIE,2021,,"['fantasy', 'comedy', 'animation']",tt10841088,5.5
ts268102,Juvenile Justice,SHOW,2022,TV-MA,"['drama', 'crime']",tt15553922,8
ts282133,City of Ghosts,SHOW,2021,TV-Y7,['drama'],tt15477516,6.1
ts273100,DOTA: Dragon's Blood,SHOW,2021,TV-MA,"['scifi', 'action', 'thriller', 'animation', 'fantasy']",tt14069590,7.8
ts271604,Blue Period,SHOW,2021,TV-14,"['animation', 'drama']",tt14115912,7.7
ts313781,The Club,SHOW,2021,TV-14,"['drama', 'comedy']",tt13317582,7.9
ts311791,The Raincoat Killer: Chasing a Predator in Korea,SHOW,2021,TV-MA,"['documentation', 'crime', 'history']",tt15488654,6.4
ts305264,School of Chocolate,SHOW,2021,TV-PG,['reality'],tt15172154,7.6
tm1177856,Without Saying Goodbye,MOVIE,2022,,"['romance', 'comedy']",tt14404596,5.7
tm673809,Schumacher,MOVIE,2021,,"['sport', 'documentation']",tt10322274,7.4
tm434625,Wish Dragon,MOVIE,2021,PG,"['fantasy', 'comedy', 'family', 'romance', 'animation']",tt5562070,7.2
ts222864,Falling Into Your Smile,SHOW,2021,TV-14,"['drama', 'comedy', 'romance']",tt11290960,8.4
tm999817,Green Snake,MOVIE,2021,,"['fantasy', 'animation', 'action']",tt15000314,6.8
tm1045741,Blue Miracle,MOVIE,2021,,"['drama', 'family']",tt7084386,6.6
ts255486,Godzilla Singular Point,SHOW,2021,TV-14,"['scifi', 'animation', 'action', 'thriller']",tt13229964,6.5
ts215989,Snabba Cash,SHOW,2021,TV-MA,"['drama', 'thriller', 'action', 'crime']",tt10540276,7.6
tm1132176,Jimmy Carr: His Dark Material,MOVIE,2021,,['comedy'],tt16259786,7.1
tm1020326,Deadly Illusions,MOVIE,2021,R,['thriller'],,
ts299874,Cocaine Cowboys: The Kings of Miami,SHOW,2021,TV-MA,"['documentation', 'crime', 'history']",tt15049206,7.1
ts257345,Wild Abandon,SHOW,2022,TV-MA,"['drama', 'comedy']",tt13317478,7.2
tm1038369,Good on Paper,MOVIE,2021,R,"['romance', 'comedy']",tt8231668,5.6
ts241854,EDENS ZERO,SHOW,2021,TV-14,"['action', 'scifi']",,
tm1141923,The Royal Treatment,MOVIE,2022,,"['romance', 'comedy', 'family']",tt13989030,5.2
tm1102868,Nobody Sleeps in the Woods Tonight 2,MOVIE,2021,,"['horror', 'thriller', 'comedy']",tt14315500,3.9
ts288489,Pretty Guardians Sailor Moon Eternal The Movie,SHOW,2021,TV-14,['action'],tt10635042,
ts287722,The Upshaws,SHOW,2021,TV-14,['comedy'],tt10945036,6.8
tm1052498,Aileen Wuornos: American Boogeywoman,MOVIE,2021,R,"['drama', 'horror', 'thriller']",tt14265992,3.6
tm1150872,Aziz Ansari: Nightclub Comedian,MOVIE,2022,R,['comedy'],tt17005964,7
ts270798,Love (ft. Marriage and Divorce),SHOW,2021,TV-PG,"['drama', 'romance']",tt13814840,6.6
tm1003353,Operation Varsity Blues: The College Admissions Scandal,MOVIE,2021,R,"['drama', 'documentation', 'crime']",tt14111734,6.9
tm881587,"Vengeance Is Mine, All Others Pay Cash",MOVIE,2021,,"['drama', 'comedy', 'romance', 'action']",tt13387422,7.1
ts320302,Neymar: The Perfect Chaos,SHOW,2022,TV-MA,"['documentation', 'sport']",tt16428640,6.6
ts288005,"Nevertheless,",SHOW,2021,,"['drama', 'romance']",tt14518284,7.2
tm1110389,Single All the Way,MOVIE,2021,,"['comedy', 'drama', 'romance']",tt14315756,6.1
tm1003261,Nate Bargatze: The Greatest Average American,MOVIE,2021,,['comedy'],tt14078164,7.3
ts246178,Eden,SHOW,2021,TV-PG,"['scifi', 'fantasy', 'animation', 'action', 'drama', 'family']",tt10545250,6.6
tm1086874,Minnal Murali,MOVIE,2021,,"['action', 'comedy', 'drama', 'fantasy', 'scifi']",tt7268738,8.1
ts246073,Tribes of Europa,SHOW,2021,TV-MA,"['scifi', 'fantasy', 'action', 'drama']",tt9184982,6.7
tm863823,Finding 'Ohana,MOVIE,2021,PG,"['comedy', 'family', 'action']",tt10332588,6.1
ts192196,Q-Force,SHOW,2021,TV-MA,"['scifi', 'animation', 'action', 'comedy', 'crime', 'fantasy']",tt10140028,6.4
tm860261,To All the Boys: Always and Forever,MOVIE,2021,PG-13,"['romance', 'comedy', 'drama']",tt10676012,6.3
ts308838,Bad Sport,SHOW,2021,TV-MA,"['crime', 'sport', 'documentation']",tt15402912,7.3
ts216407,Age of Samurai: Battle for Japan,SHOW,2021,TV-MA,"['drama', 'history', 'war', 'documentation', 'action']",tt10551256,7.4
tm1028298,He's All That,MOVIE,2021,R,"['comedy', 'romance']",tt4590256,4.3
ts271025,Bling Empire,SHOW,2021,TV-MA,['reality'],tt13660962,5.8
tm983668,Misha and the Wolves,MOVIE,2021,PG-13,"['documentation', 'drama']",tt13648220,6.7
ts29800,Surviving Death,SHOW,2021,TV-MA,"['documentation', 'reality']",tt13649692,6.1
tm1120509,Never Back Down: Revolt,MOVIE,2021,R,"['drama', 'sport', 'action', 'crime']",tt13470094,3.9
ts317522,Dig Deeper: The Disappearance of Birgit Meier,SHOW,2021,,"['crime', 'documentation']",tt15771888,7.3
ts317078,The Journalist,SHOW,2022,TV-14,"['drama', 'thriller']",tt15101670,7
tm166973,Mixtape,MOVIE,2021,,"['comedy', 'drama', 'family', 'romance']",tt1587420,6.6
tm1082314,Untold: Malice at the Palace,MOVIE,2021,R,"['crime', 'documentation', 'sport']",tt15085802,7.5
ts305263,Baking Impossible,SHOW,2021,TV-PG,['reality'],tt15171996,7
tm1134006,Death to 2021,MOVIE,2021,,['comedy'],tt16301388,6.3
ts271321,Beyond Evil,SHOW,2021,TV-MA,"['crime', 'thriller', 'drama']",tt13634872,8.1
tm1174920,Jeff Foxworthy: The Good Old Days,MOVIE,2022,,"['comedy', 'documentation']",tt18314220,6.1
tm1131061,Hilda and the Mountain King,MOVIE,2021,,"['fantasy', 'animation', 'comedy', 'drama', 'family']",tt15777864,7.7
tm1030495,Two,MOVIE,2021,,"['thriller', 'horror']",,
tm1162608,40 Years Young,MOVIE,2022,,['comedy'],tt16969906,4.2
tm1120902,The Privilege,MOVIE,2022,,"['scifi', 'thriller', 'drama', 'horror']",tt14637290,4.6
tm1093287,The River Runner,MOVIE,2021,,"['documentation', 'action']",tt15293256,6.9
tm1144897,My Father's Violin,MOVIE,2022,,['drama'],tt14369276,6.4
tm863919,Extinct,MOVIE,2021,,"['comedy', 'family', 'animation']",tt8241000,5.4
tm1087932,Prey,MOVIE,2021,,"['drama', 'thriller']",tt15198608,4.3
ts220196,Centaurworld,SHOW,2021,TV-Y7,"['scifi', 'action', 'family', 'fantasy', 'animation', 'comedy']",tt10919290,7.6
tm1084966,Django & Django,MOVIE,2021,,['documentation'],tt15119170,6.9
tm1074764,Shiny_Flakes: The Teenage Drug Lord,MOVIE,2021,,"['crime', 'documentation']",tt15036416,7.3
ts240807,Power Rangers Dino Fury,SHOW,2021,TV-Y7,"['comedy', 'drama', 'fantasy', 'scifi', 'thriller', 'action']",tt12360292,7
ts313689,Our Beloved Summer,SHOW,2021,TV-14,"['drama', 'comedy']",,
ts289620,House of Secrets: The Burari Deaths,SHOW,2021,TV-MA,"['documentation', 'crime', 'history']",tt14167390,7.4
tm1106212,Photocopier,MOVIE,2021,,"['drama', 'thriller', 'crime']",tt13729220,6.8
ts301999,Open Your Eyes,SHOW,2021,TV-MA,"['scifi', 'drama', 'thriller']",tt13495314,6.5
ts346007,Savage Beauty,SHOW,2022,TV-MA,['drama'],,
ts319333,Tiger King: The Doc Antle Story,SHOW,2021,TV-MA,"['crime', 'documentation']",tt16307970,6.2
ts313668,Tear Along the Dotted Line,SHOW,2021,TV-14,"['drama', 'comedy', 'animation']",tt15614372,8.7
tm888243,Pray Away,MOVIE,2021,PG-13,['documentation'],tt11224358,6.5
ts283610,Feels Like Ishq,SHOW,2021,TV-MA,"['drama', 'romance', 'comedy']",tt14163838,6.4
ts315144,The Creature Cases,SHOW,2022,TV-Y,"['animation', 'family', 'action', 'comedy']",tt15527326,
tm1049155,Bordertown: The Mural Murders,MOVIE,2021,,"['crime', 'drama']",tt15393650,6.2
ts306510,Octonauts: Above & Beyond,SHOW,2021,TV-Y,"['family', 'animation']",tt15211330,7.4
ts343426,Senzo: Murder of a Soccer Star,SHOW,2022,,"['crime', 'documentation']",tt18954258,
ts271517,The Crew,SHOW,2021,TV-14,['comedy'],tt10971022,6.5
ts306322,The Unlikely Murderer,SHOW,2021,TV-MA,"['drama', 'crime']",tt13735930,7
tm675820,A Boy Called Christmas,MOVIE,2021,PG,"['family', 'fantasy', 'drama']",tt10187208,6.7
tm1150256,Tall Girl 2,MOVIE,2022,,"['romance', 'comedy', 'drama', 'family']",tt16085592,4.7
tm1087956,Afterlife of the Party,MOVIE,2021,,"['fantasy', 'drama', 'romance', 'comedy']",tt11742798,5.7
ts341760,Byron Baes,SHOW,2022,TV-MA,['reality'],tt14537060,2.6
ts302714,The Kingdom,SHOW,2021,TV-MA,"['drama', 'crime']",tt15068148,6.5
tm993790,40 Love,MOVIE,2021,R,['comedy'],,
ts271593,Spycraft,SHOW,2021,TV-MA,['documentation'],tt13789092,6.7
ts310376,"Sex, Love & Goop",SHOW,2021,TV-MA,"['comedy', 'romance']",tt15470160,4.8
ts280693,Thomas & Friends: All Engines Go!,SHOW,2021,TV-Y,"['animation', 'comedy', 'fantasy', 'drama', 'music', 'family']",tt14556544,1.7
ts293814,Sparking Joy with Marie Kondo,SHOW,2021,TV-PG,['reality'],tt14550060,6.2
ts296129,Elite Short Stories: Guzmán Caye Rebe,SHOW,2021,TV-MA,"['drama', 'crime', 'thriller']",tt14668192,7.4
ts320557,Elite Short Stories: Patrick,SHOW,2021,TV-MA,"['comedy', 'drama']",tt16306836,6.1
tm984204,The Seventh Day,MOVIE,2021,R,['horror'],tt11263022,4.5
ts301196,Top Secret UFO Projects: Declassified,SHOW,2021,TV-PG,['documentation'],tt14992232,5.5
tm1020073,Thunder Force,MOVIE,2021,PG-13,"['scifi', 'comedy', 'fantasy', 'action']",tt10121392,4.4
tm1127479,Cobalt Blue,MOVIE,2022,,"['drama', 'romance']",tt15314640,6.7
ts320502,Getting Curious with Jonathan Van Ness,SHOW,2022,TV-MA,"['comedy', 'reality']",tt16584084,7
ts317297,The Orbital Children,SHOW,2022,TV-14,"['action', 'scifi', 'drama', 'fantasy', 'animation']",tt13351614,6.4
ts223450,Move to Heaven,SHOW,2021,TV-MA,['drama'],tt11052470,8.6
tm1195428,All About Gila,MOVIE,2022,,['comedy'],,
ts255779,Gabby's Dollhouse,SHOW,2021,TV-Y,"['fantasy', 'animation', 'comedy', 'family']",tt9165438,7.2
ts287045,Fatma,SHOW,2021,TV-MA,"['crime', 'drama', 'thriller']",tt11961378,7.4
ts320183,Single’s Inferno,SHOW,2021,TV-PG,['reality'],tt16283666,7.2
tm1003725,A Castle for Christmas,MOVIE,2021,,"['romance', 'comedy', 'drama', 'family']",tt13070602,5.5
tm983270,Outside the Wire,MOVIE,2021,R,"['scifi', 'thriller', 'action', 'fantasy']",tt10451914,5.4
tm319224,The Loud House Movie,MOVIE,2021,G,"['animation', 'action', 'thriller', 'fantasy', 'drama', 'family', 'music', 'comedy']",tt6714432,6.2
ts301914,Inspector Koo,SHOW,2021,TV-14,"['action', 'comedy', 'thriller']",tt14731794,6.9
ts283676,Last Chance U: Basketball,SHOW,2021,TV-MA,"['documentation', 'sport']",tt13087512,8.3
ts272669,Waffles + Mochi,SHOW,2021,TV-Y,['family'],tt14035218,7.5
ts268835,Sisyphus,SHOW,2021,,"['action', 'fantasy', 'scifi', 'drama']",tt13715448,7
ts317612,Love is Blind: Japan,SHOW,2022,TV-PG,"['reality', 'romance']",tt15943826,7.1
ts308511,Back to 15,SHOW,2022,TV-14,"['comedy', 'drama']",tt15301854,6.6
tm1166015,The Invisible Thread,MOVIE,2022,,"['drama', 'comedy', 'family']",tt14540892,6.6
ts188861,Battle Kitty,SHOW,2022,TV-Y7,"['animation', 'action', 'comedy', 'family', 'fantasy', 'scifi']",tt10050740,7.4
ts308689,Misfit: The Series,SHOW,2021,,['comedy'],tt15517928,7.2
tm1096769,Lead Me Home,MOVIE,2021,,['documentation'],tt15339848,7.1
ts269286,Once Upon a Time... Happily Never After,SHOW,2022,TV-MA,"['scifi', 'comedy', 'fantasy']",tt13560186,5.4
ts320075,Aranyak,SHOW,2021,TV-MA,"['crime', 'thriller', 'drama']",tt14167344,7.9
ts304058,Ganglands,SHOW,2021,TV-MA,"['action', 'crime', 'drama', 'thriller']",tt13278100,7
tm1092995,Shaun the Sheep: The Flight Before Christmas,MOVIE,2021,G,"['comedy', 'animation', 'family']",tt15857304,7.3
tm963182,Trollhunters: Rise of the Titans,MOVIE,2021,,"['comedy', 'drama', 'family', 'fantasy', 'animation', 'action']",tt12851396,6.7
ts296091,Elite Short Stories: Nadia Guzmán,SHOW,2021,TV-MA,"['drama', 'romance']",tt14671790,6.3
tm1083068,Operation Hyacinth,MOVIE,2021,,"['crime', 'drama', 'thriller']",tt14315584,6.7
tm1102891,Grudge,MOVIE,2021,,"['thriller', 'crime', 'drama']",tt13717980,5.5
tm1137862,Four to Dinner,MOVIE,2022,,"['comedy', 'romance']",tt14247286,6.3
tm1074621,Bridgerton - The Afterparty,MOVIE,2021,,[],,
ts72196,Swap Shop,SHOW,2021,TV-14,['reality'],tt15674202,6.7
ts269493,Headspace Guide to Meditation,SHOW,2021,TV-G,"['documentation', 'animation']",tt13617024,8.4
ts310331,Twenty Somethings: Austin,SHOW,2021,TV-MA,['reality'],tt15204216,6
tm960924,Kuthiraivaal,MOVIE,2021,,['drama'],tt13022626,6.4
tm998188,More the Merrier,MOVIE,2021,,['comedy'],tt6925902,5.4
tm1036270,I Am All Girls,MOVIE,2021,,"['crime', 'drama', 'thriller']",tt9013182,5.9
ts296081,The Parisian Agency: Exclusive Properties,SHOW,2021,TV-14,['reality'],tt14746934,7.4
tm921206,The Kissing Booth 3,MOVIE,2021,PG-13,"['romance', 'comedy']",tt12783454,4.7
ts287802,Penguin Town,SHOW,2021,TV-G,"['documentation', 'drama', 'family', 'comedy']",tt14677850,7.9
ts239188,Kitz,SHOW,2021,TV-MA,"['thriller', 'drama']",tt12104930,5.7
tm988736,Chris Rock Total Blackout: The Tamborine Extended Cut,MOVIE,2021,PG-13,['comedy'],tt13935770,7
ts308039,A Sinister Sect: Colonia Dignidad,SHOW,2021,,['documentation'],,
ts283528,This Is Pop,SHOW,2021,TV-MA,"['music', 'documentation']",tt14155414,6.9
tm991351,Pelé,MOVIE,2021,PG-13,"['documentation', 'sport']",tt13842562,7
tm813372,Etharkkum Thunindhavan,MOVIE,2022,,"['action', 'crime', 'drama', 'thriller']",tt10340562,7.2
tm1077013,Memories of a Murderer: The Nilsen Tapes,MOVIE,2021,R,"['documentation', 'crime']",tt15085784,6.3
ts297031,Transformers: War for Cybertron: Kingdom,SHOW,2021,TV-Y7,"['action', 'scifi']",,
tm972519,Don't Kill Me,MOVIE,2021,,"['romance', 'fantasy', 'horror']",tt11116374,4.3
ts315551,Elite Short Stories: Phillipe Caye Felipe,SHOW,2021,,"['comedy', 'drama', 'romance']",tt16156744,6.2
tm1092892,Found,MOVIE,2021,PG,"['documentation', 'drama']",tt13622146,7.5
ts306068,Luna Park,SHOW,2021,TV-MA,"['drama', 'romance']",tt15349110,6.4
tm1040688,Three Songs for Benazir,MOVIE,2021,,['drama'],tt14608922,7.7
ts319412,Forecasting Love and Weather,SHOW,2022,TV-14,"['drama', 'romance']",tt15140592,7.2
ts326955,The Fame Game,SHOW,2022,,['crime'],,
tm998858,Brian Regan: On the Rocks,MOVIE,2021,,['comedy'],tt13926994,6.9
tm1000797,Ride or Die,MOVIE,2021,R,"['thriller', 'drama', 'romance']",tt14164234,5.5
tm362072,Monster,MOVIE,2021,R,"['drama', 'crime']",tt10229074,6.5
ts272366,Amend: The Fight for America,SHOW,2021,TV-MA,"['war', 'documentation', 'history']",tt13972246,7.8
ts271726,Go Dog Go,SHOW,2021,TV-Y,['animation'],tt10687202,7.2
tm880822,Mobile Suit Gundam Hathaway,MOVIE,2021,PG-13,"['drama', 'romance', 'scifi', 'animation', 'action']",tt13288678,6.6
tm433048,This Is the Night,MOVIE,2021,R,"['drama', 'comedy']",tt8430548,5.5
tm1031976,Dhamaka,MOVIE,2021,,"['thriller', 'crime', 'drama', 'action']",tt13510660,7.5
ts317526,Selling Tampa,SHOW,2021,TV-MA,['reality'],tt16227948,4.4
tm1125844,The Whole Truth,MOVIE,2021,R,"['horror', 'thriller', 'drama']",tt15850662,5.1
ts284862,Zero Chill,SHOW,2021,,"['drama', 'comedy']",,
ts258415,Elves,SHOW,2021,TV-14,"['fantasy', 'horror', 'thriller', 'family', 'drama', 'scifi']",tt13231962,5.5
tm872108,A Week Away,MOVIE,2021,,"['drama', 'family', 'romance']",tt11388278,5.7
tm985550,Crazy About Her,MOVIE,2021,,"['comedy', 'romance']",tt11698630,6.6
tm948681,Below Zero,MOVIE,2021,,"['action', 'crime', 'horror', 'thriller', 'drama']",tt9845564,6.2
ts302653,Light the Night,SHOW,2021,TV-MA,"['drama', 'thriller', 'crime']",tt15808044,7.4
ts330132,800 Meters,SHOW,2022,TV-MA,"['documentation', 'crime']",tt13323170,6.9
ts14520,Action Pack,SHOW,2022,TV-Y,"['action', 'comedy', 'family', 'fantasy', 'scifi', 'animation']",tt15527308,6.5
ts241296,Finding Ola,SHOW,2022,TV-14,"['comedy', 'drama']",tt12432642,7.6
tm1142517,The Witcher: Fireplace,MOVIE,2021,,[],,
ts271720,Pui Pui Molcar,SHOW,2021,TV-Y7,"['animation', 'comedy', 'family']",tt14202738,8.1
ts282291,Generation 56K,SHOW,2021,TV-14,"['comedy', 'drama', 'romance']",tt13524842,7.4
tm1029256,Ferry,MOVIE,2021,,"['drama', 'thriller', 'action', 'crime']",tt14217100,7
ts315549,Elite Short Stories: Samuel Omar,SHOW,2021,,"['comedy', 'drama']",tt16259804,6.1
tm1108621,Yara,MOVIE,2021,,"['drama', 'crime', 'thriller']",tt15655458,6.2
ts257817,Call My Agent Bollywood,SHOW,2021,TV-MA,"['drama', 'comedy']",tt13282662,7.4
ts296069,Elite Short Stories: Omar Ander Alexis,SHOW,2021,TV-MA,"['drama', 'crime', 'thriller']",tt14676004,7.3
ts308516,"Young, Famous & African",SHOW,2022,TV-MA,['reality'],tt15302054,4.6
tm810494,The 8th Night,MOVIE,2021,,"['horror', 'thriller']",tt14781176,5.3
tm950444,Skater Girl,MOVIE,2021,PG,"['drama', 'family', 'sport']",tt6964940,6.6
tm894254,Penguin Bloom,MOVIE,2021,PG-13,['drama'],tt6317656,6.8
ts296059,Elite Short Stories: Carla Samuel,SHOW,2021,TV-MA,"['drama', 'romance']",tt14675560,6.9
tm998726,Sentinelle,MOVIE,2021,,"['drama', 'thriller', 'action', 'crime']",tt11734264,4.7
ts104362,Kid Cosmic,SHOW,2021,TV-Y7,"['action', 'comedy', 'family', 'fantasy', 'scifi', 'animation']",tt9248538,7.9
ts321084,Framed! A Sicilian Murder Mystery,SHOW,2022,TV-MA,"['comedy', 'crime']",tt16745502,6.8
ts90023,AlRawabi School for Girls,SHOW,2021,TV-14,['drama'],tt10183912,7.4
tm1179176,"Michela Giraud: The Truth, I Swear!",MOVIE,2022,,"['comedy', 'documentation']",tt18396984,5.5
ts260502,Until Life Do Us Part,SHOW,2021,TV-MA,['drama'],tt13053042,7.4
tm834847,Seal Team,MOVIE,2021,,"['comedy', 'animation']",tt8456190,5.5
ts232506,50M2,SHOW,2021,TV-MA,"['comedy', 'drama', 'thriller', 'crime']",tt11617848,6.9
ts326029,Savage Rhythm,SHOW,2022,TV-MA,"['drama', 'music']",tt17076336,6.3
ts317720,Coming Out Colton,SHOW,2021,TV-MA,['reality'],tt14527650,6.7
tm1064532,Deep,MOVIE,2021,,"['scifi', 'thriller', 'drama']",tt14880258,4.8
ts312200,I Am Georgina,SHOW,2022,TV-14,['reality'],tt15494864,3.9
tm1040671,Marilyn's Eyes,MOVIE,2021,,"['comedy', 'drama']",tt13313408,6.6
tm984155,The Devil Below,MOVIE,2021,R,"['horror', 'thriller']",tt8299850,4.2
ts244930,Angry Birds: Summer Madness,SHOW,2022,TV-Y7,"['action', 'comedy', 'family', 'fantasy', 'animation']",tt12027896,6.3
tm996010,Still Out of My League,MOVIE,2021,,"['comedy', 'romance', 'drama']",tt14361314,5.4
ts272939,The Lost Pirate Kingdom,SHOW,2021,TV-MA,"['documentation', 'drama', 'history']",tt14057360,6.6
tm1077201,Stuck Together,MOVIE,2021,,['comedy'],tt13834006,6.3
ts108621,Sky Rojo,SHOW,2021,TV-MA,"['action', 'crime', 'drama', 'thriller']",tt8690776,6.5
ts292662,Johnny Hallyday: Beyond Rock,SHOW,2022,TV-14,"['documentation', 'music']",tt18274456,7
tm1171107,Surviving Paradise: A Family Tale,MOVIE,2022,,['documentation'],tt18059108,7.5
tm965754,Brother in Love 2,MOVIE,2021,,['comedy'],tt12738164,7.2
tm1038355,The Last Mercenary,MOVIE,2021,,"['comedy', 'action', 'crime', 'thriller']",tt12808182,5.3
ts288472,You Are My Spring,SHOW,2021,,"['drama', 'romance', 'thriller', 'fantasy']",tt14169816,7.5
tm1041543,Breaking Boundaries: The Science of Our Planet,MOVIE,2021,,['documentation'],tt14539726,7.8
tm945448,Vicky and Her Mystery,MOVIE,2021,,"['drama', 'european']",tt10945274,6.4
tm949382,Looop Lapeta,MOVIE,2022,,"['comedy', 'crime', 'romance', 'thriller', 'action']",tt8907974,5.1
tm1030283,Why Did You Kill Me?,MOVIE,2021,R,"['documentation', 'crime']",tt14318430,5.6
ts319460,Russell Howard: Lubricant,SHOW,2021,,['comedy'],tt16146342,7
ts302489,Chicago Party Aunt,SHOW,2021,TV-MA,"['comedy', 'animation']",tt15125616,5.3
tm1021689,The Door Into Summer,MOVIE,2021,,['scifi'],tt13757540,6.3
ts307745,Money Heist: From Tokyo to Berlin,SHOW,2021,TV-MA,"['documentation', 'crime', 'drama']",tt15384346,7.7
ts320872,Queer Eye Germany,SHOW,2022,TV-14,['reality'],tt16369694,7.5
tm1185568,Broken Idol: The Undoing of Diomedes Díaz,MOVIE,2022,R,"['documentation', 'crime']",tt18750180,6.1
ts317423,Love Never Lies,SHOW,2021,,['reality'],tt14540924,5.6
tm421437,Anne+,MOVIE,2021,,"['drama', 'romance']",tt15420598,6.1
tm466544,Sooryavanshi,MOVIE,2021,,"['action', 'crime', 'thriller']",tt9531772,6.5
ts288065,Naomi Osaka,SHOW,2021,TV-14,"['documentation', 'sport']",tt11898920,6.2
tm1106806,Attack of the Hollywood Clichés!,MOVIE,2021,,['documentation'],,
ts226392,Sexify,SHOW,2021,TV-MA,"['drama', 'comedy']",tt14315542,6.5
ts306188,Motel Makeover,SHOW,2021,,['reality'],tt15128558,4.8
ts312094,JAPAN SINKS: People of Hope,SHOW,2021,TV-14,"['scifi', 'war', 'drama']",tt15569106,6.7
tm1119136,Game Changer,MOVIE,2021,,"['crime', 'drama', 'romance', 'thriller', 'comedy']",tt13677352,4.4
tm1147890,The Hand of God: Through the Eyes of Sorrentino,MOVIE,2021,,['documentation'],tt10666438,7
tm1098514,The Falls,MOVIE,2021,,['drama'],tt15119668,7
tm1000599,The Last Forest,MOVIE,2021,,"['drama', 'documentation']",tt14029622,7.3
ts288195,Invisible City,SHOW,2021,TV-MA,"['drama', 'fantasy', 'thriller', 'crime']",tt8878862,7.7
ts257271,The Time It Takes,SHOW,2021,TV-MA,"['drama', 'romance', 'comedy']",tt13322938,7.1
tm1104252,Escape the Undertaker,MOVIE,2021,,['horror'],tt15387782,4.3
tm1084481,Blood Brothers: Malcolm X & Muhammad Ali,MOVIE,2021,PG-13,"['documentation', 'history', 'sport']",tt15095938,6.9
tm1107912,American Girl,MOVIE,2021,,['drama'],tt15623752,7.2
tm1002408,Biking Borders - eine etwas andere Reise,MOVIE,2021,,['documentation'],tt11188850,7.7
tm876608,Sounds Like Love,MOVIE,2021,,"['comedy', 'music', 'romance', 'drama']",tt11698662,5.4
tm1119015,Love Like the Falling Petals,MOVIE,2022,,"['romance', 'drama']",tt14227972,6.2
ts328617,Too Hot to Handle: Brazil,SHOW,2021,TV-MA,"['reality', 'romance']",tt14902484,5.4
ts297247,That Girl Lay Lay,SHOW,2021,TV-G,['comedy'],tt14442054,3.4
tm1143058,How I Fell in Love with a Gangster,MOVIE,2022,,"['drama', 'crime']",tt16453244,6
ts328317,Alessandro Cattelan: One Simple Question,SHOW,2022,TV-MA,"['comedy', 'reality']",tt15326678,6.5
tm1129217,Anonymously Yours,MOVIE,2021,R,"['romance', 'drama']",tt16088568,5.7
ts297675,Sexy Beasts,SHOW,2021,TV-14,"['reality', 'romance']",tt14916746,4.6
tm454879,Major Grom: Plague Doctor,MOVIE,2021,,"['action', 'crime']",tt7601480,6.3
ts282840,Worn Stories,SHOW,2021,TV-MA,['documentation'],tt14177168,6.6
ts321966,WWII in Color: Road to Victory,SHOW,2021,,"['documentation', 'history', 'war']",tt16477402,8.2
ts302058,Everything Will Be Fine,SHOW,2021,TV-MA,"['comedy', 'drama']",tt15101964,6.2
tm996040,Forever Out of My League,MOVIE,2022,,"['romance', 'comedy', 'drama']",tt14362698,5.2
ts321437,Fishbowl Wives,SHOW,2022,TV-MA,"['drama', 'romance']",tt15410190,6.1
ts291150,Soil,SHOW,2021,TV-MA,"['comedy', 'drama']",tt14319674,7.2
tm982887,The Minimalists: Less Is Now,MOVIE,2021,,['documentation'],tt13583144,5.9
ts286632,Why Are You Like This?,SHOW,2021,,['comedy'],tt8540808,6.5
ts330012,Eternally Confused and Eager for Love,SHOW,2022,TV-MA,"['comedy', 'romance']",tt18274188,6.7
ts313849,Blown Away: Christmas,SHOW,2021,TV-PG,['reality'],tt15665668,6.7
ts314395,The Motive,SHOW,2021,,"['crime', 'documentation']",tt15529566,5.3
ts329711,"Love, Life & Everything in Between",SHOW,2022,TV-14,"['drama', 'comedy', 'romance']",tt18253682,5.3
tm1111920,Making The Billion Dollar Code,MOVIE,2021,,['documentation'],,
ts317064,Where Is Marta?,SHOW,2021,,"['crime', 'documentation']",tt15796898,6.8
tm1174856,Chappelle's Home Team - Earthquake: Legendary,MOVIE,2022,R,['comedy'],tt18278666,6.7
tm998033,Doctor,MOVIE,2021,,"['thriller', 'comedy', 'crime', 'action']",tt11374902,7.6
tm983730,Amy Tan: Unintended Memoir,MOVIE,2021,,['documentation'],tt10393074,7.7
ts235563,Daughter from Another Mother,SHOW,2021,TV-MA,"['romance', 'fantasy', 'comedy', 'drama']",tt11937732,7.2
tm1022893,Dynasty Warriors,MOVIE,2021,PG-13,"['action', 'fantasy']",tt7587604,4.7
ts302570,John of God: The Crimes of a Spiritual Healer,SHOW,2021,TV-MA,"['crime', 'documentation']",tt15233856,6.5
tm1143258,Hey! Sinamika,MOVIE,2022,,"['drama', 'romance']",tt11953194,6.1
ts310335,Insiders,SHOW,2021,TV-MA,['reality'],tt15436028,4.2
tm1111616,David and the Elves,MOVIE,2021,,"['fantasy', 'comedy', 'family']",tt16024816,5.2
tm1011188,Meskina,MOVIE,2021,,"['comedy', 'romance']",tt13691036,5.6
ts305890,Too Hot to Handle: Latino,SHOW,2021,TV-14,"['reality', 'romance']",tt15251764,5.2
tm1159301,Forgive Us Our Trespasses,MOVIE,2022,PG-13,['drama'],tt17162524,6.5
tm1178876,Battle: Freestyle,MOVIE,2022,,"['romance', 'drama', 'music']",tt13350858,4.3
ts331654,Pedal to Metal,SHOW,2022,TV-MA,"['action', 'crime', 'thriller', 'drama']",tt15016440,7.5
ts254928,D.P.,SHOW,2021,TV-MA,['action'],,
ts325756,Midnight Asia: Eat · Dance · Dream,SHOW,2022,TV-MA,['documentation'],tt16583602,6.6
tm1040337,Security,MOVIE,2021,,['thriller'],tt11892916,5
ts273245,Dad Stop Embarrassing Me!,SHOW,2021,TV-14,"['comedy', 'family']",tt13018090,4.1
ts287703,Mine,SHOW,2021,TV-14,['drama'],tt14023192,7.8
ts287838,Mad for Each Other,SHOW,2021,,"['drama', 'comedy', 'romance']",tt14596414,7.9
ts243780,Sharkdog,SHOW,2021,TV-Y,"['comedy', 'family', 'animation']",tt12211696,6.2
ts289364,Cat People,SHOW,2021,TV-14,['documentation'],tt14818454,6.3
ts279953,Law School,SHOW,2021,,"['crime', 'drama', 'thriller']",tt13885336,8.1
tm1173363,Blippi The Musical,MOVIE,2022,G,"['action', 'music']",,
tm1102151,Bright: Samurai Soul,MOVIE,2021,PG-13,"['animation', 'action', 'fantasy', 'thriller']",tt14837960,5.5
ts301609,Love Is Blind: Brazil,SHOW,2021,TV-MA,"['romance', 'reality']",tt15018224,6.1
tm979688,Homunculus,MOVIE,2021,,"['drama', 'thriller', 'fantasy']",tt14404280,5.5
ts297065,Tattoo Redo,SHOW,2021,TV-MA,['reality'],tt14956090,5.8
ts304709,Bake Squad,SHOW,2021,TV-PG,['reality'],tt15078760,6.9
ts273318,Country Comfort,SHOW,2021,TV-PG,"['drama', 'comedy', 'action', 'family', 'music']",tt11717394,6.9
ts329882,Secrets of Summer,SHOW,2022,TV-Y,"['drama', 'family', 'music']",tt12379170,5.9
tm1018418,Two Distant Strangers,MOVIE,2021,R,['drama'],tt13472984,
ts317144,Adventure Beast,SHOW,2021,TV-MA,"['comedy', 'animation']",tt15478708,5.2
tm1165118,UFO,MOVIE,2022,,"['drama', 'romance', 'documentation']",tt14369286,4.8
tm902870,7 Yards: The Chris Norton Story,MOVIE,2021,,['documentation'],tt12443702,7.8
tm1091155,Untold: Breaking Point,MOVIE,2021,R,"['documentation', 'sport']",tt15101938,7.6
tm872496,Autumn Girl,MOVIE,2021,,"['drama', 'romance']",tt11412892,5.4
ts289261,Transformers: BotBots,SHOW,2022,TV-Y,"['animation', 'action', 'comedy', 'family', 'fantasy', 'scifi']",tt14202476,6.8
tm1179579,In Good Hands,MOVIE,2022,,"['drama', 'family', 'romance', 'comedy']",tt14898794,5.6
tm1111595,A California Christmas: City Lights,MOVIE,2021,PG-13,"['romance', 'comedy', 'drama']",tt13701962,5.5
ts282155,Zero,SHOW,2021,TV-MA,"['scifi', 'action', 'comedy', 'drama', 'fantasy']",tt10619486,5.6
ts285469,Headspace Guide to Sleep,SHOW,2021,TV-G,"['animation', 'documentation']",tt14318406,6.8
ts272515,Dealer,SHOW,2021,TV-MA,"['action', 'drama', 'crime', 'thriller']",tt13702252,6.1
tm960145,Spoiled Brats,MOVIE,2021,,['comedy'],tt13079150,6.1
tm990835,The Girl on the Train,MOVIE,2021,,"['drama', 'thriller', 'crime']",tt8907992,4.4
ts299485,A Tale Dark & Grimm,SHOW,2021,TV-Y7,"['comedy', 'family', 'fantasy', 'animation', 'action']",tt2386826,7.3
ts288540,Ray,SHOW,2021,TV-MA,"['drama', 'thriller', 'crime']",tt14160660,7.2
tm1115392,Shyam Singha Roy,MOVIE,2021,,"['drama', 'romance', 'horror', 'thriller']",tt13349716,7.9
tm1082359,Phil Wang: Philly Philly Wang Wang,MOVIE,2021,,['comedy'],tt15091640,6
tm1047190,The Phantom,MOVIE,2021,,"['crime', 'documentation']",tt14597294,6.4
tm1038857,Lady Boss: The Jackie Collins Story,MOVIE,2021,,['documentation'],tt13244024,6.8
tm1043290,Murder by the Coast,MOVIE,2021,PG-13,"['crime', 'history', 'thriller', 'documentation']",tt13323092,6.5
tm1115800,Theo Von: Regular People,MOVIE,2021,,['comedy'],tt15579188,5.1
tm1000037,Je suis Karl,MOVIE,2021,R,"['drama', 'thriller', 'european', 'romance']",tt9205538,5.4
ts313902,Your Life is a Joke,SHOW,2021,TV-MA,"['comedy', 'documentation']",tt15663868,5.5
tm1023388,Madame Claude,MOVIE,2021,,"['drama', 'crime', 'romance']",tt10307724,5.4
tm1130264,Nicole Byer: BBW (Big Beautiful Weirdo),MOVIE,2021,,['comedy'],tt15938722,5.7
tm816591,The Getaway King,MOVIE,2021,,"['action', 'comedy', 'crime', 'drama']",tt10516196,6.8
ts275448,Navillera,SHOW,2021,,['drama'],tt13885302,8.8
ts287853,Coyotes,SHOW,2021,,['drama'],tt13847924,5.1
ts342479,Supercães,SHOW,2022,,"['comedy', 'family']",tt18469966,
tm1088320,Father Christmas Is Back,MOVIE,2021,PG-13,['comedy'],tt13103340,4.5
ts287149,Hype House,SHOW,2022,TV-MA,['reality'],tt15257704,2.3
tm1065788,Last Summer,MOVIE,2021,,"['romance', 'drama']",tt13067004,6.3
ts270807,"Hello, Me!",SHOW,2021,,"['scifi', 'comedy', 'fantasy', 'romance']",tt13670090,7.3
tm926580,A Family,MOVIE,2021,R,"['crime', 'drama']",tt13356884,7
tm1152323,Ms. Pat: Y'all Wanna Hear Something Crazy?,MOVIE,2022,R,['comedy'],tt15338656,6.1
ts273461,Word of Honor,SHOW,2021,TV-14,"['action', 'scifi']",,
tm1130995,Jonas Brothers Family Roast,MOVIE,2021,,"['music', 'comedy']",tt15763882,5.1
tm979182,Red Dot,MOVIE,2021,,"['horror', 'thriller', 'drama']",tt11307814,5.5
tm1092309,We Couldn't Become Adults,MOVIE,2021,,"['drama', 'romance']",tt14236064,6.5
tm1031186,Heroes: Silence and Rock & Roll,MOVIE,2021,,"['music', 'documentation']",tt14354838,7.5
tm1092075,Forever Rich,MOVIE,2021,R,"['drama', 'comedy', 'music', 'thriller', 'crime']",tt12748300,5.5
tm1017664,Baggio: The Divine Ponytail,MOVIE,2021,,"['drama', 'sport']",tt14025788,6.1
ts316965,Ridley Jones,SHOW,2021,TV-Y,"['animation', 'comedy', 'family', 'fantasy']",tt13351440,4.7
ts297763,Myth and Mogul: John DeLorean,SHOW,2021,TV-14,"['documentation', 'crime']",tt14968268,6.8
tm963023,Chandigarh Kare Aashiqui,MOVIE,2021,,"['crime', 'drama', 'romance', 'comedy']",tt12861850,6.9
tm960430,Child of Kamiari Month,MOVIE,2021,,"['fantasy', 'animation', 'drama']",tt13057626,5.9
ts300274,Cooking With Paris,SHOW,2021,TV-MA,['reality'],tt15036422,5.2
tm993435,Cousins,MOVIE,2021,R,['drama'],tt10483044,6.9
ts299321,Dogs in Space,SHOW,2021,TV-Y7,"['comedy', 'family', 'fantasy', 'scifi', 'animation', 'action']",tt14906826,7.2
tm1000296,New Gods: Nezha Reborn,MOVIE,2021,,"['fantasy', 'action', 'animation']",tt13269670,6.8
ts288997,Human: The World Within,SHOW,2021,TV-PG,['documentation'],tt14574154,6.8
ts292446,Taarak Mehta Kka Chhota Chashmah,SHOW,2021,TV-Y,"['animation', 'comedy']",tt14438518,6.8
tm1031448,Barbie & Chelsea: The Lost Birthday,MOVIE,2021,,['animation'],tt14317062,
ts306135,"Vendetta: Truth, Lies and The Mafia",SHOW,2021,TV-MA,"['documentation', 'crime', 'thriller']",tt14216574,6.7
tm992279,Confessions of an Invisible Girl,MOVIE,2021,,"['drama', 'comedy']",tt15204288,5.2
tm1080406,"Barbie: Big City, Big Dreams",MOVIE,2021,,"['animation', 'family']",tt15053428,5.8
ts258321,"Ada Twist, Scientist",SHOW,2021,,"['animation', 'comedy', 'family', 'music']",tt13241650,6.4
tm1070032,Black Island,MOVIE,2021,,"['thriller', 'drama']",tt12881516,5.1
ts289757,Crime Stories: India Detectives,SHOW,2021,TV-MA,"['documentation', 'crime']",tt14178956,7.2
ts309676,The World's Most Amazing Vacation Rentals,SHOW,2021,TV-PG,['reality'],tt14691382,6.7
ts311958,The Hungry and the Hairy,SHOW,2021,TV-14,['reality'],tt16088530,7.5
tm1128292,Michael Che: Shame the Devil,MOVIE,2021,,['comedy'],tt15829666,6.4
tm890013,Lulli,MOVIE,2021,,"['fantasy', 'comedy', 'romance']",tt16282866,4.7
tm1015103,The Seven Deadly Sins: Cursed by Light,MOVIE,2021,,"['animation', 'action', 'fantasy']",tt13884144,6.4
ts288064,Somos.,SHOW,2021,TV-MA,"['drama', 'history', 'crime']",tt14719590,7.1
tm1129394,The Princess Switch 3: Romancing the Star,MOVIE,2021,PG,"['romance', 'comedy', 'drama', 'family']",tt14731142,5.5
tm950360,The Yin Yang Master,MOVIE,2021,,['fantasy'],,
tm1159300,Heart Shot,MOVIE,2022,PG-13,['romance'],tt17162546,
tm1165179,Kongsi Raya,MOVIE,2022,,['comedy'],tt16806990,7
ts287941,Racket Boys,SHOW,2021,TV-14,"['comedy', 'family', 'drama', 'sport']",tt14482414,1.8
tm1001108,Biggie: I Got a Story to Tell,MOVIE,2021,R,"['music', 'documentation']",tt14058484,6.8
ts268220,The Houseboat,SHOW,2021,,['documentation'],,
tm1160484,Donkeyhead,MOVIE,2022,,['drama'],tt14064072,6.7
tm1119455,Camp Confidential: America's Secret Nazis,MOVIE,2021,PG-13,"['animation', 'history', 'documentation']",tt15470770,6.3
ts283639,Decoupled,SHOW,2021,TV-MA,"['comedy', 'drama']",tt14167338,8
tm1063034,The Wonderful: Stories from the Space Station,MOVIE,2021,,['documentation'],tt13368696,
ts311915,Rebelde,SHOW,2022,TV-MA,"['drama', 'comedy', 'music', 'romance', 'family']",tt14153686,6.2
ts257315,Karma's World,SHOW,2021,TV-Y,"['animation', 'comedy', 'family']",tt13321232,6.2
tm1174919,Mike Epps: Indiana Mike,MOVIE,2022,,"['comedy', 'documentation']",tt18314226,
tm1040733,In Our Mothers' Gardens,MOVIE,2021,,['documentation'],tt14369930,8.6
tm1006127,Arlo the Alligator Boy,MOVIE,2021,,"['animation', 'comedy', 'family']",tt13454122,6.5
ts254956,So Not Worth It,SHOW,2021,,['drama'],,
tm1137797,137 Shots,MOVIE,2021,R,"['crime', 'documentation']",tt16379224,6.2
tm1022912,One,MOVIE,2021,,"['drama', 'thriller']",tt11286552,6.5
tm1130275,Mo Amer: Mohammed in Texas,MOVIE,2021,,['comedy'],tt15845288,6.5
tm886188,Caught by a Wave,MOVIE,2021,,"['romance', 'drama', 'sport']",tt12013758,5.7
ts303513,42 Days of Darkness,SHOW,2022,,"['thriller', 'drama', 'crime']",tt15090462,
tm1094069,The Women and the Murderer,MOVIE,2021,PG-13,"['crime', 'documentation']",tt15216504,6.4
tm1075596,Monster Hunter: Legends of the Guild,MOVIE,2021,PG-13,['fantasy'],,
ts287741,"Fresh, Fried & Crispy",SHOW,2021,TV-PG,"['documentation', 'reality']",tt14644428,6.2
tm1160938,Adam by Eve: A Live in Animation,MOVIE,2022,PG-13,"['drama', 'animation', 'music']",tt18274178,6.5
ts319464,Storybots Laugh Learn Sing,SHOW,2021,,"['animation', 'family']",tt15717742,
tm1204412,"Let's Tie the Knot, Honey!",MOVIE,2022,,['romance'],tt19892832,
ts304690,Remember You,SHOW,2021,TV-MA,"['action', 'crime', 'drama', 'romance']",tt15344082,7.4
tm1027297,Time,MOVIE,2021,,"['drama', 'comedy']",,
tm1172600,11M,MOVIE,2022,,['documentation'],tt6275154,7
tm1120937,Montford: The Chickasaw Rancher,MOVIE,2021,,"['drama', 'western', 'history']",tt6704894,6.7
tm1118822,Sex: Unzipped,MOVIE,2021,,"['comedy', 'documentation']",tt15523050,2.5
tm1102570,Swallow,MOVIE,2021,,"['thriller', 'history', 'drama']",tt14391622,3.4
tm990983,Paper Lives,MOVIE,2021,,['drama'],tt13045890,6.7
tm867681,Haseen Dillruba,MOVIE,2021,,"['drama', 'romance', 'thriller', 'crime']",tt11027830,7
tm1160424,AI Love You,MOVIE,2022,PG-13,"['romance', 'drama', 'scifi']",tt11182810,4.4
tm1114205,Amina,MOVIE,2021,PG-13,"['drama', 'action', 'history']",tt15858090,3.9
ts314963,The Fastest,SHOW,2021,TV-PG,['reality'],tt15779034,5.7
tm1049290,In for a Murder,MOVIE,2021,,"['comedy', 'thriller', 'drama', 'scifi']",tt13377488,5.3
tm1002869,Fate: The Winx Saga - The Afterparty,MOVIE,2021,PG-13,"['comedy', 'fantasy', 'reality']",tt14081914,6.2
tm1150800,Amandla,MOVIE,2022,,"['crime', 'drama']",tt5343008,5.5
tm1143319,The Witcher Season One Recap: From the Beginning,MOVIE,2021,,[],,
tm861018,Sweet & Sour,MOVIE,2021,,"['comedy', 'romance']",tt14599938,6.7
tm980657,The Soul,MOVIE,2021,,"['scifi', 'thriller', 'drama']",tt13598976,6.6
ts285854,Till Death,SHOW,2021,TV-MA,['drama'],,
tm1131895,Love is Color Blind,MOVIE,2021,,"['romance', 'comedy']",tt15979132,8.3
ts307981,Scaredy Cats,SHOW,2021,TV-G,"['scifi', 'family', 'fantasy', 'comedy']",tt15387774,6.2
ts288545,We the People,SHOW,2021,TV-Y7,"['family', 'music', 'animation', 'comedy']",tt14770480,3.4
ts61384,My Love: Six Stories of True Love,SHOW,2021,TV-PG,"['reality', 'romance', 'documentation']",tt14267526,7.5
ts296179,The War Next-door,SHOW,2021,TV-MA,['comedy'],tt14821886,5.6
tm958688,Love Me Instead,MOVIE,2021,,['drama'],tt13161356,7
ts273275,Marriage or Mortgage,SHOW,2021,TV-G,['reality'],tt14037542,5.1
tm1150727,Kapil Sharma: I'm Not Done Yet,MOVIE,2022,R,['comedy'],tt16867200,6.9
tm990972,The Last Paradiso,MOVIE,2021,,"['drama', 'romance']",tt11428926,5.7
ts320407,The Future Diary,SHOW,2021,TV-PG,"['reality', 'romance']",tt15567380,7.9
tm1013111,1000 Miles from Christmas,MOVIE,2021,,"['comedy', 'romance', 'family', 'fantasy']",tt13782052,5.7
ts293346,Race: Bubba Wallace,SHOW,2022,TV-MA,"['documentation', 'sport']",tt14513646,5.9
tm1073802,Mimi,MOVIE,2021,,"['comedy', 'drama']",,
tm1063013,The Father Who Moves Mountains,MOVIE,2021,PG-13,"['thriller', 'drama']",tt8886670,5.5
tm1039422,Nail Bomber: Manhunt,MOVIE,2021,,"['crime', 'documentation', 'history']",tt12939812,6.3
tm859256,Red,MOVIE,2021,,['drama'],,
tm1001267,Secret Magic Control Agency,MOVIE,2021,,"['fantasy', 'comedy', 'family', 'animation']",tt13932162,6.2
ts285471,The Wedding Coach,SHOW,2021,TV-MA,"['comedy', 'reality']",tt14210424,4.9
tm1111717,LOL Surprise: The Movie,MOVIE,2021,G,['animation'],,
ts283614,Haunted: Latin America,SHOW,2021,TV-14,"['reality', 'horror']",tt14164238,5.3
tm1082515,Untold: Caitlyn Jenner,MOVIE,2021,R,"['documentation', 'sport']",tt15101946,6.4
tm876997,Most Eligible Bachelor,MOVIE,2021,,"['drama', 'romance']",tt11725680,6.4
tm1118234,Lords of Scam,MOVIE,2021,R,"['documentation', 'crime']",tt15711402,6.3
tm1102226,"My Brother, My Sister",MOVIE,2021,,['drama'],tt13003996,6
tm876083,Xtreme,MOVIE,2021,,"['thriller', 'fantasy', 'action', 'crime', 'drama']",tt11658120,5.8
ts285470,Pet Stars,SHOW,2021,TV-PG,"['reality', 'family']",tt14318392,4.9
tm1038364,Ghost Lab,MOVIE,2021,,"['horror', 'thriller', 'drama']",tt13446126,5.2
tm1131374,Carolin Kebekus: The Last Christmas Special,MOVIE,2021,,['comedy'],tt15893460,4.7
tm1116525,Just Short of Perfect,MOVIE,2021,,"['romance', 'comedy']",tt15863594,5.3
ts310628,MaveriX,SHOW,2022,,"['sport', 'family']",tt15373864,8.4
tm1119172,Puff: Wonders of the Reef,MOVIE,2021,PG,"['documentation', 'family']",tt15753666,7.1
ts286218,The Rational Life,SHOW,2021,,"['drama', 'romance']",tt14376958,8.1
tm1049265,My Wonderful Life,MOVIE,2021,,"['drama', 'romance', 'comedy']",tt13164942,5.8
tm1152224,Love Tactics,MOVIE,2022,,['romance'],tt14486678,5.1
tm1001095,Roohi,MOVIE,2021,,"['comedy', 'horror']",tt10098288,4.4
ts257873,Dive Club,SHOW,2021,TV-PG,"['drama', 'family']",tt13275052,6.2
ts296201,Elize Matsunaga: Once Upon a Crime,SHOW,2021,TV-MA,"['crime', 'documentation']",tt14856998,5.9
tm977620,Asakusa Kid,MOVIE,2021,,['drama'],tt13528562,7.1
tm1045603,The House of Flowers: The Movie,MOVIE,2021,R,"['drama', 'comedy']",tt14549558,5.5
tm1161223,Cat Burglar,MOVIE,2022,PG-13,['animation'],tt17321170,6.9
ts282876,"Nevenka, Breaking The Silence",SHOW,2021,TV-14,"['documentation', 'crime']",tt14091172,6.9
ts331449,Hei$t: The Great Robbery of Brazil's Central Bank,SHOW,2022,TV-14,"['documentation', 'crime']",tt18274172,6.3
ts229537,The New Adventures of Oggy,SHOW,2021,TV-Y,"['comedy', 'family', 'action', 'animation']",tt11194006,6.6
ts346656,African Knock Out Show,SHOW,2022,TV-14,[],,
tm989672,Creating The Queen's Gambit,MOVIE,2021,PG-13,['documentation'],tt13818410,6.9
tm975741,Octonauts: The Ring of Fire,MOVIE,2021,G,['animation'],tt13779166,6.5
tm1054462,The Land,MOVIE,2021,,"['drama', 'comedy']",tt14345386,6.1
ts287729,Alma Matters: Inside the IIT Dream,SHOW,2021,TV-MA,"['drama', 'documentation']",tt14512938,8.3
tm1101878,Honey Girls,MOVIE,2021,PG,"['family', 'music', 'comedy']",tt11847606,5
ts267062,Jiva!,SHOW,2021,TV-MA,['drama'],tt12564616,5.5
tm986017,Gatao: The Last Stray,MOVIE,2021,,"['crime', 'action', 'drama', 'romance']",tt14720502,5.9
tm1037704,Resort to Love,MOVIE,2021,PG,"['comedy', 'romance']",tt12929990,5.7
tm1027639,Annaatthe,MOVIE,2021,,"['drama', 'action', 'comedy']",tt11253090,4.6
tm997608,Hate by Dani Rovira,MOVIE,2021,PG-13,['comedy'],tt13323128,6.7
tm1001619,Man in Love,MOVIE,2021,,"['romance', 'drama']",tt14428606,6.9
ts311887,New World,SHOW,2021,,['reality'],,
tm1109843,Meenakshi Sundareshwar,MOVIE,2021,,"['comedy', 'romance']",tt13529034,7.4
tm1074622,Cobra Kai - The Afterparty,MOVIE,2021,,[],,
tm904862,Just Say Yes,MOVIE,2021,,"['romance', 'comedy']",tt12154638,4.5
tm1025318,Ajeeb Daastaans,MOVIE,2021,,"['drama', 'romance']",tt14091818,6.7
ts288832,I Heart Arlo,SHOW,2021,TV-Y7,"['comedy', 'family', 'animation']",tt13573450,7
tm954297,The Secret Diary of an Exchange Student,MOVIE,2021,,"['romance', 'comedy']",tt11594766,5.3
ts272092,Canine Intervention,SHOW,2021,TV-14,"['documentation', 'reality']",tt13932598,6.5
tm1124066,Carlos Ballarta: False Prophet,MOVIE,2021,,['comedy'],tt15733384,6.5
tm1106551,One Night in Paris,MOVIE,2021,,['comedy'],tt15435146,4.4
ts316882,Reasonable Doubt: A Tale of Two Kidnappings,SHOW,2021,TV-MA,"['crime', 'documentation']",tt15796900,7.6
tm1095880,You vs. Wild: Out Cold,MOVIE,2021,,['action'],tt15250050,5.3
ts285106,Under Suspicion: Uncovering the Wesphael Case,SHOW,2021,TV-14,"['crime', 'documentation']",tt14078186,6.3
ts305732,Metal Shop Masters,SHOW,2021,TV-MA,['reality'],tt15216520,5.6
tm1044137,Headspace Unwind you Mind,MOVIE,2021,G,"['animation', 'documentation']",tt14684160,7.2
ts301964,Revelations: The Masters of the Universe: Revelation Aftershow,SHOW,2021,TV-PG,['action'],,
tm1031499,Get the Grift,MOVIE,2021,,"['crime', 'comedy']",tt14371060,5.3
tm1029279,Dolly Parton: A MusiCares Tribute,MOVIE,2021,,"['music', 'documentation']",tt14299926,6.6
tm1108010,Rabbids Invasion - Mission To Mars,MOVIE,2021,,['animation'],tt15310736,7.8
tm919869,And Tomorrow the Entire World,MOVIE,2021,,"['crime', 'romance', 'drama']",tt7716120,6
tm1000185,Squared Love,MOVIE,2021,,"['romance', 'comedy']",tt13846542,5
tm1036542,Shadow and Bone - The Afterparty,MOVIE,2021,R,[],,
tm1020293,Dearest Boy,MOVIE,2021,,"['comedy', 'drama']",tt13524066,6.1
tm1096880,Thomas & Friends: All Engines Go - Race for the Sodor Cup,MOVIE,2021,,"['animation', 'family']",tt15337666,3.6
tm942277,Accomplice,MOVIE,2021,,['documentation'],tt13947978,7.2
ts302056,Titletown High,SHOW,2021,TV-14,"['reality', 'sport']",tt15192032,5.4
tm981676,Double Dad,MOVIE,2021,,"['drama', 'comedy', 'family']",tt11821818,5.6
tm1037687,Dancing Queens,MOVIE,2021,,"['comedy', 'drama']",tt13032716,5.6
tm1033803,Searching for Sheela,MOVIE,2021,,"['documentation', 'crime']",tt14167424,4.2
ts285874,Magic for Humans Spain,SHOW,2021,TV-MA,"['reality', 'comedy']",tt14136320,6
tm810657,Uppena,MOVIE,2021,,['drama'],,
tm1027712,This Little Love of Mine,MOVIE,2021,G,['romance'],tt12546872,5.3
tm1164320,Behind the Scenes With Jane Campion,MOVIE,2022,,['documentation'],,
ts282214,Let's Fight Ghost,SHOW,2021,TV-14,"['drama', 'action', 'fantasy', 'horror', 'romance']",tt14168868,7.5
tm1087383,JJ+E,MOVIE,2021,,"['drama', 'romance']",tt12299824,5.3
tm988879,Tony Parker: The Final Shot,MOVIE,2021,,"['documentation', 'sport']",tt13696668,6.8
tm1068777,Bankrolled,MOVIE,2021,,['comedy'],tt14961160,4
tm1030071,Mandela,MOVIE,2021,,"['drama', 'comedy']",,
tm1037519,The Guide to the Perfect Family,MOVIE,2021,,"['comedy', 'drama']",tt11991786,6.4
ts292270,The Snitch Cartel: Origins,SHOW,2021,TV-MA,"['crime', 'drama']",tt14417802,5.6
tm985712,"Strip Down, Rise Up",MOVIE,2021,R,['documentation'],tt13787118,5.3
tm1142245,Kadaseela Biriyani,MOVIE,2021,,"['drama', 'comedy', 'crime']",tt11441458,7.5
tm1147172,The Characters of the Continent,MOVIE,2021,,['documentation'],tt16740216,6.6
tm869475,Pagglait,MOVIE,2021,,"['comedy', 'drama']",tt11142762,6.9
ts274575,How to Be A Cowboy,SHOW,2021,TV-PG,['reality'],tt13438900,6.8
ts314962,Stories of a Generation - with Pope Francis,SHOW,2021,TV-14,['documentation'],tt13784364,7.4
tm1106900,A World Without,MOVIE,2021,,"['thriller', 'scifi', 'drama']",tt15484488,3.7
ts319608,The Family That Sings Together: The Camargos,SHOW,2021,,"['documentation', 'music', 'reality']",tt16247236,5.4
tm1091823,Boomika,MOVIE,2021,,"['thriller', 'horror']",,
ts289982,Bangkok Breaking,SHOW,2021,TV-MA,"['drama', 'thriller', 'action', 'crime']",tt14202282,5.9
tm1003376,Get the Goat,MOVIE,2021,,"['comedy', 'crime', 'action']",tt14111726,6.1
tm1068632,Bartkowiak,MOVIE,2021,,"['thriller', 'action', 'crime', 'sport']",tt14315566,5.1
tm1111559,Grumpy Christmas,MOVIE,2021,,['comedy'],tt15565724,4.4
ts296581,The Mystic River,SHOW,2021,TV-14,['horror'],tt15134080,
tm1039168,Cinema Bandi,MOVIE,2021,,"['comedy', 'drama']",tt14558738,8
tm1165244,Into the Wind,MOVIE,2022,,"['drama', 'romance', 'sport', 'comedy']",tt17044594,5.2
ts321254,Yeh Kaali Kaali Ankhein,SHOW,2022,TV-MA,['drama'],,
tm1110205,This Is Not a Comedy,MOVIE,2021,,"['drama', 'comedy']",tt11363540,4.9
tm983466,"Crack: Cocaine, Corruption & Conspiracy",MOVIE,2021,,"['documentation', 'crime', 'history']",tt13649700,6.7
ts317709,Kayko and Kokosh,SHOW,2021,TV-PG,"['animation', 'comedy', 'fantasy', 'action']",tt13979288,6.3
tm1064988,Zero to Hero,MOVIE,2021,,"['drama', 'sport']",tt14892216,6.6
tm1028026,Irul,MOVIE,2021,,['thriller'],tt13103212,5.8
tm1107848,Making Malinche: A Documentary by Nacho Cano,MOVIE,2021,,"['music', 'documentation']",tt15478968,5.1
tm1039571,The Upshaws - The Afterparty,MOVIE,2021,R,[],,
tm1053409,Happiness Ever After,MOVIE,2021,,"['drama', 'romance']",tt14307890,4.2
ts305254,The Ingenuity of the Househusband,SHOW,2021,,['comedy'],tt15170710,6.7
tm1019865,Wild Dog,MOVIE,2021,,"['thriller', 'action', 'crime']",tt11503178,6.2
ts293103,Juanpis González - The Series,SHOW,2022,TV-MA,"['comedy', 'drama']",tt14494894,6.8
tm1159947,Mo Gilligan: There's Mo to Life,MOVIE,2022,,['comedy'],tt17162494,5.9
tm1024062,Nayattu,MOVIE,2021,,"['drama', 'thriller', 'crime']",tt11604676,8.1
tm1038096,Carnaval,MOVIE,2021,,['comedy'],tt14074470,3.9
tm989502,Wish You,MOVIE,2021,,"['drama', 'romance', 'music']",tt13866142,6.4
tm1030241,Kurup,MOVIE,2021,,"['crime', 'thriller']",tt7026666,7.4
tm1099969,Angeliena,MOVIE,2021,,"['drama', 'comedy']",tt15303262,7.7
tm1019822,Connected,MOVIE,2021,,[],,
tm1024535,The Guardian,MOVIE,2021,,"['horror', 'music', 'thriller', 'crime', 'drama']",tt14024066,5.7
tm995613,Animals on the Loose: A You vs. Wild Interactive Movie,MOVIE,2021,,"['action', 'reality']",tt13853720,5.8
tm1068692,Emicida AmarElo Live in Sao Paulo,MOVIE,2021,,"['documentation', 'music']",tt14910946,7.5
tm1127511,Only You,MOVIE,2021,,"['comedy', 'drama']",tt16210966,6.5
tm1055586,Lethal Love,MOVIE,2021,,['thriller'],tt14403532,4.4
tm996996,The Misadventures of Hedi and Cokeman,MOVIE,2021,,"['action', 'crime', 'comedy']",tt13669344,4.4
ts288861,Let's Eat,SHOW,2021,TV-14,"['drama', 'comedy']",tt15978704,8.2
tm462311,Latte and the Magic Waterstone,MOVIE,2022,,"['comedy', 'animation', 'family', 'european']",tt9038290,5.6
tm1120636,Johnny Test's Ultimate Meatloaf Quest,MOVIE,2021,G,"['animation', 'family']",tt15717738,7
tm990740,What Would Sophia Loren Do?,MOVIE,2021,,['documentation'],,
tm1166429,Whindersson Nunes: My Own Show!,MOVIE,2022,,"['comedy', 'documentation']",tt17887288,7.1
ts308053,Jailbirds New Orleans,SHOW,2021,TV-MA,"['documentation', 'reality']",tt15320436,6.6
tm1141663,Cem Yılmaz: Diamond Elite Platinum Plus,MOVIE,2021,,['comedy'],tt16444502,6.6
ts188367,Bombay Begums,SHOW,2021,TV-MA,['drama'],tt10238792,5.3
tm1033635,Sisters on Track,MOVIE,2021,PG,"['documentation', 'sport']",tt9337574,5.8
tm1107850,Sharkdog’s Fintastic Halloween,MOVIE,2021,,"['fantasy', 'family', 'animation', 'comedy']",tt15478768,6.6
tm1073555,Thimmarusu: Assignment Vali,MOVIE,2021,,"['thriller', 'crime', 'drama']",tt13310936,7.2
tm1042277,Sam Smith: Love Goes – Live at Abbey Road Studios,MOVIE,2021,,"['documentation', 'music']",,
tm983722,Prime Time,MOVIE,2021,R,"['thriller', 'drama']",tt11460976,5.2
tm1147041,Chief Daddy 2: Going for Broke,MOVIE,2021,,['comedy'],tt16760592,3
tm1183575,Celeb Five: Behind the Curtain,MOVIE,2022,,"['comedy', 'documentation']",tt18570468,
ts330422,Team Zenko Go,SHOW,2022,TV-Y,"['action', 'animation', 'family']",tt18274176,7.2
tm1102856,The Four of Us,MOVIE,2021,,"['comedy', 'drama', 'romance']",tt15360916,5.3
ts322267,The Big Shot Game Show,SHOW,2022,,['reality'],tt17052496,6.2
tm988801,June & Kopi,MOVIE,2021,,"['comedy', 'drama', 'family']",tt13728764,6.3
tm855340,Thalaivii,MOVIE,2021,G,['drama'],tt10152736,5.9
tm1076198,Blue Dream: The Road to Wembley,MOVIE,2021,,"['documentation', 'sport']",tt15684042,7.1
tm1037800,Soy Rada: Serendipity,MOVIE,2021,,"['comedy', 'drama']",tt14540480,6.1
tm1029314,Have You Ever Seen Fireflies?,MOVIE,2021,,"['drama', 'comedy']",tt13317694,6.2
tm1080114,Hostage House,MOVIE,2021,,['thriller'],tt13033790,3.9
tm1099320,Convergence: Courage in a Crisis,MOVIE,2021,R,['documentation'],tt15398694,5.4
tm945283,Hand Rolled Cigarette,MOVIE,2021,,"['thriller', 'drama']",,
tm1159298,Erax,MOVIE,2022,PG,"['family', 'thriller']",tt17162512,
ts270616,We Are: The Brooklyn Saints,SHOW,2021,TV-14,"['documentation', 'sport']",tt13656220,6.5
tm1119331,Haroun,MOVIE,2021,,['comedy'],tt15517974,6.4
tm1022280,Maha Samudram,MOVIE,2021,,['drama'],,
tm998678,Aelay,MOVIE,2021,,['comedy'],,
ts269300,Paik's Spirit,SHOW,2021,,[],,
ts272422,Buried by the Bernards,SHOW,2021,TV-14,['reality'],tt13848380,7.3
tm1120766,Angèle,MOVIE,2021,R,"['music', 'documentation']",tt15820298,7
tm1018592,A Perfect Fit,MOVIE,2021,,"['drama', 'comedy', 'romance']",tt13606090,5.3
tm1011248,30-Mar,MOVIE,2021,,"['drama', 'thriller', 'crime']",tt13694540,4.4
ts297132,Brave Animated Series,SHOW,2021,TV-MA,"['action', 'animation']",tt17545256,
tm1102410,A StoryBots Space Adventure,MOVIE,2021,,['animation'],tt15166478,
tm1066324,Super Monsters: Once Upon a Rhyme,MOVIE,2021,,"['family', 'animation']",tt14586752,5.8
ts268103,Reflection of You,SHOW,2021,,['drama'],,
tm1019084,Ginny & Georgia - The Afterparty,MOVIE,2021,R,[],,
ts322506,Word Party Presents: Math!,SHOW,2021,,"['animation', 'family']",tt16290860,7.5
ts288544,Creator's File: GOLD,SHOW,2021,,"['drama', 'comedy']",tt14611486,6.6
tm1121084,Izla,MOVIE,2021,,"['comedy', 'horror']",tt16161362,3.7
tm1049083,Trese After Dark,MOVIE,2021,PG-13,['documentation'],,
tm994923,"Our Lady of San Juan, Four Centuries of Miracles",MOVIE,2021,,"['drama', 'history']",tt10038660,6.1
tm1141346,StarBeam: Beaming in the New Year,MOVIE,2021,,"['animation', 'family']",tt16112918,5.7
ts287804,Mad Crazy Colombian Comedians,SHOW,2021,,[],,
tm863829,Ali & Ratu Ratu Queens,MOVIE,2021,,"['drama', 'comedy']",tt11271990,7
tm1068720,D.O.D.: Day of Destiny,MOVIE,2021,,"['scifi', 'drama']",tt15149712,5
tm1049317,Upcoming Summer,MOVIE,2021,,['drama'],tt13575838,6.7
tm831387,What Happened to Mr Cha?,MOVIE,2021,,"['comedy', 'drama']",tt13667212,4.3
ts297729,Quarantine Tales,SHOW,2021,TV-MA,[],tt13555930,
ts302434,Plastic Cup Boyz: Laughing My Mask Off!,SHOW,2021,,[],,
tm1059008,Lokillo,MOVIE,2021,,['comedy'],tt14585902,3.8
tm856634,Jagame Thandhiram,MOVIE,2021,,"['crime', 'comedy', 'drama', 'thriller', 'action']",tt10661848,6
tm1064193,Private Network: Who Killed Manuel Buendía?,MOVIE,2021,,"['documentation', 'history', 'crime']",tt14880310,6.8
ts320335,Summer Heat,SHOW,2022,TV-MA,"['drama', 'romance']",tt14655298,5.5
tm1110241,Kaaval,MOVIE,2021,,"['thriller', 'action']",tt11182984,5.4
tm1109080,Mughizh,MOVIE,2021,,['drama'],,
tm1043655,One Lagos Night,MOVIE,2021,,"['comedy', 'crime']",tt14211236,6.9
tm985747,I Missed You,MOVIE,2021,,"['drama', 'romance']",tt14051714,5.7
tm1015884,African America,MOVIE,2021,,['drama'],tt13920016,5.2
tm1121098,Will You Marry?,MOVIE,2021,,"['romance', 'drama']",tt16236048,4.9
tm1067260,Tughlaq Durbar,MOVIE,2021,,"['comedy', 'drama', 'thriller']",tt9769668,5.4
tm959213,My Amanda,MOVIE,2021,,"['drama', 'romance']",tt13136084,5.6
tm918777,Geez & Ann,MOVIE,2021,,"['romance', 'drama']",tt11936782,5
ts285422,Newton's Cradle,SHOW,2021,TV-14,"['drama', 'thriller']",tt11703922,8
tm886193,Laabam,MOVIE,2021,,"['drama', 'action']",tt10300450,3.4
tm987730,Tribhanga,MOVIE,2021,,"['drama', 'family']",tt11102314,6.2
ts283284,Navarasa,SHOW,2021,TV-MA,['drama'],tt13357946,5.9
ts297685,I Need Romance,SHOW,2021,TV-14,"['drama', 'romance']",tt16077338,7.8
tm1045883,Trippin’ with the Kandasamys,MOVIE,2021,,"['romance', 'comedy']",tt14611368,5
tm1032950,The Last Kids on Earth: Happy Apocalypse to You,MOVIE,2021,G,"['comedy', 'fantasy']",,
ts308002,The Five Juanas,SHOW,2021,TV-MA,['drama'],tt15377930,6.9
tm1040959,The Circle: The Afterparty,MOVIE,2021,,[],,
tm988613,Madam Chief Minister,MOVIE,2021,,['drama'],tt13773882,4.8
tm1110212,Little Big Mouth,MOVIE,2021,,"['romance', 'comedy', 'music']",tt14537540,3.8
ts284885,Abla Fahita: Drama Queen,SHOW,2021,TV-14,"['drama', 'comedy', 'crime']",tt11570224,6.6
tm1122095,A Naija Christmas,MOVIE,2021,,"['comedy', 'drama', 'romance']",tt15565704,4.7
tm1038025,Slay,MOVIE,2021,,['comedy'],tt14033300,3.3
tm997617,Love or Money,MOVIE,2021,,['comedy'],,
ts287687,Lava Ka Dhaava,SHOW,2021,,['reality'],tt14492912,6
tm1036797,Sardar Ka Grandson,MOVIE,2021,,"['romance', 'drama', 'comedy']",tt11213600,4.3
tm1027177,Sarbath,MOVIE,2021,,"['romance', 'comedy', 'drama']",tt11143434,5.6
ts345779,Barbie: It Takes Two,SHOW,2022,TV-Y,[],tt19178656,
tm1047429,Alan Saldaña: Locked Up,MOVIE,2021,,['comedy'],,
tm1082795,Lokillo: Nothing's the Same,MOVIE,2021,,['comedy'],tt14494898,4.6
ts309235,Christmas Flow,SHOW,2021,TV-MA,"['music', 'romance', 'comedy']",tt15340790,5.8
tm1091284,Ankahi Kahaniya,MOVIE,2021,,"['drama', 'romance']",tt15257664,5.5
ts307816,Korean Cold Noodle Rhapsody,SHOW,2021,TV-PG,['documentation'],tt15772846,7.3
tm998544,Here and There,MOVIE,2021,,"['drama', 'romance']",tt14766058,6.6
tm1099342,Devdas Brothers,MOVIE,2021,,['drama'],tt12478372,3.2
tm982470,Stuck Apart,MOVIE,2021,R,"['comedy', 'drama']",tt11213372,6
tm898842,C/O Kaadhal,MOVIE,2021,,['drama'],tt11803618,7.8
tm1146635,Daiki Tsuneta: Tokyo Chaotic,MOVIE,2021,,"['documentation', 'music']",tt16781874,7.1
tm1091956,A Faraway Land,MOVIE,2021,,['drama'],tt15260940,4.9
tm1094060,My Heroes Were Cowboys,MOVIE,2021,PG,['documentation'],tt15084326,
tm1046969,Myriam Fares: The Journey,MOVIE,2021,,"['documentation', 'music']",tt14773250,2.3
tm1063339,Lee Su-geun: The Sense Coach,MOVIE,2021,,['comedy'],tt14880280,4.1
tm1074617,Bling Empire - The Afterparty,MOVIE,2021,,[],,
tm1026043,Just in Time,MOVIE,2021,,"['drama', 'comedy', 'family']",tt14243986,7
tm1080697,Binti,MOVIE,2021,,['drama'],tt11867140,5.7
tm1035612,Dad Stop Embarrassing Me - The Afterparty,MOVIE,2021,PG-13,[],,
tm993616,The Tambour of Retribution,MOVIE,2021,,['drama'],tt13657102,6.9
ts273317,Pitta Kathalu,SHOW,2021,TV-MA,"['drama', 'romance']",tt13879000,5.1
tm851599,Tersanjung: The Movie,MOVIE,2021,,"['drama', 'romance']",tt11668994,5.8
tm1040832,Mommy Issues,MOVIE,2021,,['comedy'],tt14880428,5.4
tm1025616,Loyiso Gola: Unlearning,MOVIE,2021,,['comedy'],tt14111708,5.9
tm846586,Layla Majnun,MOVIE,2021,,"['drama', 'romance']",tt11313944,6.1
tm1106888,Meeting Point,MOVIE,2021,,['drama'],tt15484242,4.2
tm996479,Tuesdays And Fridays,MOVIE,2021,,"['romance', 'comedy']",tt9176102,4.5
tm1097142,My Bride,MOVIE,2021,,"['comedy', 'drama', 'romance']",tt14216488,4.9
ts296698,Glimpses of a Future,SHOW,2021,TV-PG,[],tt14754320,
ts297061,Masameer County,SHOW,2021,TV-MA,[],,
tm878575,The Heartbreak Club,MOVIE,2021,,"['comedy', 'drama', 'romance']",tt11841144,6.2
ts286386,The Big Day,SHOW,2021,TV-MA,"['reality', 'romance']",tt13887518,4.6
tm985215,Princess 'Daya'Reese,MOVIE,2021,,"['romance', 'comedy']",tt13399802,7.2
tm1004011,Time to Dance,MOVIE,2021,,"['drama', 'romance']",tt8622232,2.2
ts307884,HQ Barbers,SHOW,2021,TV-14,['comedy'],,
tm1040816,Momshies! Your Soul is Mine,MOVIE,2021,,['comedy'],tt14412240,5.8
tm1014599,Fine Wine,MOVIE,2021,,"['romance', 'drama']",tt13857480,6.9
tm1108171,Edis Starlight,MOVIE,2021,,"['music', 'documentation']",,
tm1045018,Clash,MOVIE,2021,,"['family', 'drama']",tt14620732,6.5
tm1098060,Shadow Parties,MOVIE,2021,,"['action', 'thriller']",tt10168094,6.2
ts271048,Mighty Little Bheem: Kite Festival,SHOW,2021,,"['family', 'comedy', 'animation']",tt13711094,8.8
